==================================================
Starting AutoStatusService.update_all()
==================================================
Updating rounds...
Checking round 5 - Current status: active
Round 5 remains active - 6.1 minutes remaining
Updating drives...
Checking drive 2 (VNSGU Campus Drive 2026-27) - Current status: draft
Drive 2 remains draft - drive_date_time (2026-08-13 17:30:00+00:00) > now (2026-08-13 12:13:51.212878+00:00)
Drive 2 status unchanged: draft
Update complete - Drives: [], Rounds: []
==================================================
==================================================
Starting AutoStatusService.update_all()
==================================================
Updating rounds...
Checking round 5 - Current status: active
Round 5 remains active - 6.1 minutes remaining
Updating drives...
Checking drive 2 (VNSGU Campus Drive 2026-27) - Current status: draft
Drive 2 remains draft - drive_date_time (2026-08-13 17:30:00+00:00) > now (2026-08-13 12:13:51.347096+00:00)
Drive 2 status unchanged: draft
Update complete - Drives: [], Rounds: []
==================================================
==================================================
Starting AutoStatusService.update_all()
==================================================
Updating rounds...
Checking round 5 - Current status: active
Round 5 remains active - 6.1 minutes remaining
Updating drives...
Checking drive 2 (VNSGU Campus Drive 2026-27) - Current status: draft
Drive 2 remains draft - drive_date_time (2026-08-13 17:30:00+00:00) > now (2026-08-13 12:13:53.634511+00:00)
Drive 2 status unchanged: draft
Update complete - Drives: [], Rounds: []
==================================================
==================================================
Starting AutoStatusService.update_all()
==================================================
Updating rounds...
Checking round 5 - Current status: active
Round 5 remains active - 6.1 minutes remaining
Updating drives...
Checking drive 2 (VNSGU Campus Drive 2026-27) - Current status: draft
Drive 2 remains draft - drive_date_time (2026-08-13 17:30:00+00:00) > now (2026-08-13 12:13:53.812468+00:00)
Drive 2 status unchanged: draft
Update complete - Drives: [], Rounds: []
==================================================
Checking drive 2 (VNSGU Campus Drive 2026-27) - Current status: draft
Drive 2 remains draft - drive_date_time (2026-08-13 17:30:00+00:00) > now (2026-08-13 12:14:02.061342+00:00)
Drive 2 status unchanged: draft
Checking round 5 - Current status: active
Round 5 remains active - 6.0 minutes remaining
Checking drive 2 (VNSGU Campus Drive 2026-27) - Current status: draft
Drive 2 remains draft - drive_date_time (2026-08-13 17:30:00+00:00) > now (2026-08-13 12:14:02.227682+00:00)
Drive 2 status unchanged: draft
Checking round 5 - Current status: active
Round 5 remains active - 6.0 minutes remaining
==================================================
Starting AutoStatusService.update_all()
==================================================
Updating rounds...
Checking round 5 - Current status: active
Round 5 remains active - 5.9 minutes remaining
Updating drives...
Checking drive 2 (VNSGU Campus Drive 2026-27) - Current status: draft
Drive 2 remains draft - drive_date_time (2026-08-13 17:30:00+00:00) > now (2026-08-13 12:14:06.020736+00:00)
Drive 2 status unchanged: draft
Update complete - Drives: [], Rounds: []
==================================================
==================================================
Starting AutoStatusService.update_all()
==================================================
Updating rounds...
Checking round 5 - Current status: active
Round 5 remains active - 5.9 minutes remaining
Updating drives...
Checking drive 2 (VNSGU Campus Drive 2026-27) - Current status: draft
Drive 2 remains draft - drive_date_time (2026-08-13 17:30:00+00:00) > now (2026-08-13 12:14:06.198847+00:00)
Drive 2 status unchanged: draft
Update complete - Drives: [], Rounds: []
==================================================
==================================================
Starting AutoStatusService.update_all()
==================================================
Updating rounds...
Updating drives...
Checking drive 2 (VNSGU Campus Drive 2026-27) - Current status: draft
Drive 2 remains draft - drive_date_time (2026-08-13 17:30:00+00:00) > now (2026-08-13 12:21:25.178536+00:00)
Drive 2 status unchanged: draft
Update complete - Drives: [], Rounds: []
==================================================
==================================================
Starting AutoStatusService.update_all()
==================================================
Updating rounds...
Updating drives...
Checking drive 2 (VNSGU Campus Drive 2026-27) - Current status: draft
Drive 2 remains draft - drive_date_time (2026-08-13 17:30:00+00:00) > now (2026-08-13 12:21:25.400666+00:00)
Drive 2 status unchanged: draft
Update complete - Drives: [], Rounds: []
==================================================
Checking drive 2 (VNSGU Campus Drive 2026-27) - Current status: draft
Drive 2 saved with new status: published
==================================================
Starting AutoStatusService.update_all()
==================================================
Updating rounds...
Updating drives...
Checking drive 2 (VNSGU Campus Drive 2026-27) - Current status: published
Drive 2 remains published - no active rounds found
  Total rounds: 2
  Round 1: completed
  Round 2: completed
Drive 2 status unchanged: published
Update complete - Drives: [], Rounds: []
==================================================
==================================================
Starting AutoStatusService.update_all()
==================================================
Updating rounds...
Updating drives...
Checking drive 2 (VNSGU Campus Drive 2026-27) - Current status: published
Drive 2 remains published - no active rounds found
  Total rounds: 2
  Round 1: completed
  Round 2: completed
Drive 2 status unchanged: published
Update complete - Drives: [], Rounds: []
==================================================
Checking drive 2 (VNSGU Campus Drive 2026-27) - Current status: published
Drive 2 remains published - no active rounds found
  Total rounds: 2
  Round 1: completed
  Round 2: completed
Drive 2 status unchanged: published
Checking drive 2 (VNSGU Campus Drive 2026-27) - Current status: published
Drive 2 remains published - no active rounds found
  Total rounds: 2
  Round 1: completed
  Round 2: completed
Drive 2 status unchanged: published
==================================================
Starting AutoStatusService.update_all()
==================================================
Updating rounds...
Updating drives...
Checking drive 2 (VNSGU Campus Drive 2026-27) - Current status: published
Drive 2 remains published - no active rounds found
  Total rounds: 2
  Round 1: completed
  Round 2: completed
Drive 2 status unchanged: published
Update complete - Drives: [], Rounds: []
==================================================
==================================================
Starting AutoStatusService.update_all()
==================================================
Updating rounds...
Updating drives...
Checking drive 2 (VNSGU Campus Drive 2026-27) - Current status: published
Drive 2 remains published - no active rounds found
  Total rounds: 2
  Round 1: completed
  Round 2: completed
Drive 2 status unchanged: published
Update complete - Drives: [], Rounds: []
==================================================
==================================================
Starting AutoStatusService.update_all()
==================================================
Updating rounds...
Updating drives...
Checking drive 2 (VNSGU Campus Drive 2026-27) - Current status: published
Drive 2 remains published - no active rounds found
  Total rounds: 2
  Round 1: completed
  Round 2: completed
Drive 2 status unchanged: published
Update complete - Drives: [], Rounds: []
==================================================
==================================================
Starting AutoStatusService.update_all()
==================================================
Updating rounds...
Updating drives...
Checking drive 2 (VNSGU Campus Drive 2026-27) - Current status: published
Drive 2 remains published - no active rounds found
  Total rounds: 2
  Round 1: completed
  Round 2: completed
Drive 2 status unchanged: published
Update complete - Drives: [], Rounds: []
==================================================
==================================================
Starting AutoStatusService.update_all()
==================================================
Updating rounds...
Updating drives...
Checking drive 2 (VNSGU Campus Drive 2026-27) - Current status: published
Drive 2 remains published - no active rounds found
  Total rounds: 2
  Round 1: completed
  Round 2: completed
Drive 2 status unchanged: published
Update complete - Drives: [], Rounds: []
==================================================
Checking drive 2 (VNSGU Campus Drive 2026-27) - Current status: published
Drive 2 remains published - no active rounds found
  Total rounds: 2
  Round 1: completed
  Round 2: completed
Drive 2 status unchanged: published
==================================================
Starting AutoStatusService.update_all()
==================================================
Updating rounds...
Updating drives...
Checking drive 2 (VNSGU Campus Drive 2026-27) - Current status: published
Drive 2 remains published - no active rounds found
  Total rounds: 2
  Round 1: completed
  Round 2: completed
Drive 2 status unchanged: published
Update complete - Drives: [], Rounds: []
==================================================
==================================================
Starting AutoStatusService.update_all()
==================================================
Updating rounds...
Updating drives...
Checking drive 2 (VNSGU Campus Drive 2026-27) - Current status: published
Drive 2 remains published - no active rounds found
  Total rounds: 2
  Round 1: completed
  Round 2: completed
Drive 2 status unchanged: published
Update complete - Drives: [], Rounds: []
==================================================
==================================================
Starting AutoStatusService.update_all()
==================================================
Updating rounds...
Updating drives...
Checking drive 2 (VNSGU Campus Drive 2026-27) - Current status: published
Drive 2 remains published - no active rounds found
  Total rounds: 2
  Round 1: completed
  Round 2: completed
Drive 2 status unchanged: published
Update complete - Drives: [], Rounds: []
==================================================
==================================================
Starting AutoStatusService.update_all()
==================================================
Updating rounds...
Updating drives...
Checking drive 2 (VNSGU Campus Drive 2026-27) - Current status: published
Drive 2 remains published - no active rounds found
  Total rounds: 2
  Round 1: completed
  Round 2: completed
Drive 2 status unchanged: published
Update complete - Drives: [], Rounds: []
==================================================
Checking drive 2 (VNSGU Campus Drive 2026-27) - Current status: published
Drive 2 remains published - no active rounds found
  Total rounds: 2
  Round 1: completed
  Round 2: completed
Drive 2 status unchanged: published
Checking drive 2 (VNSGU Campus Drive 2026-27) - Current status: published
Drive 2 remains published - no active rounds found
  Total rounds: 2
  Round 1: completed
  Round 2: completed
Drive 2 status unchanged: published
==================================================
Starting AutoStatusService.update_all()
==================================================
Updating rounds...
Updating drives...
Checking drive 2 (VNSGU Campus Drive 2026-27) - Current status: published
Drive 2 remains published - no active rounds found
  Total rounds: 2
  Round 1: completed
  Round 2: completed
Drive 2 status unchanged: published
Update complete - Drives: [], Rounds: []
==================================================
==================================================
Starting AutoStatusService.update_all()
==================================================
Updating rounds...
Updating drives...
Checking drive 2 (VNSGU Campus Drive 2026-27) - Current status: published
Drive 2 remains published - no active rounds found
  Total rounds: 2
  Round 1: completed
  Round 2: completed
Drive 2 status unchanged: published
Update complete - Drives: [], Rounds: []
==================================================
==================================================
Starting AutoStatusService.update_all()
==================================================
Updating rounds...
Updating drives...
Checking drive 2 (VNSGU Campus Drive 2026-27) - Current status: published
Drive 2 remains published - no active rounds found
  Total rounds: 2
  Round 1: completed
  Round 2: completed
Drive 2 status unchanged: published
Update complete - Drives: [], Rounds: []
==================================================
==================================================
Starting AutoStatusService.update_all()
==================================================
Updating rounds...
Updating drives...
Checking drive 2 (VNSGU Campus Drive 2026-27) - Current status: published
Drive 2 remains published - no active rounds found
  Total rounds: 2
  Round 1: completed
  Round 2: completed
Drive 2 status unchanged: published
Update complete - Drives: [], Rounds: []
==================================================
Checking drive 2 (VNSGU Campus Drive 2026-27) - Current status: published
Drive 2 remains published - no active rounds found
  Total rounds: 2
  Round 1: completed
  Round 2: completed
Drive 2 status unchanged: published
==================================================
Starting AutoStatusService.update_all()
==================================================
Updating rounds...
Updating drives...
Checking drive 2 (VNSGU Campus Drive 2026-27) - Current status: published
Drive 2 remains published - no active rounds found
  Total rounds: 2
  Round 1: completed
  Round 2: completed
Drive 2 status unchanged: published
Update complete - Drives: [], Rounds: []
==================================================
==================================================
Starting AutoStatusService.update_all()
==================================================
Updating rounds...
Updating drives...
Checking drive 2 (VNSGU Campus Drive 2026-27) - Current status: published
Drive 2 remains published - no active rounds found
  Total rounds: 2
  Round 1: completed
  Round 2: completed
Drive 2 status unchanged: published
Update complete - Drives: [], Rounds: []
==================================================
Checking drive 2 (VNSGU Campus Drive 2026-27) - Current status: published
Drive 2 remains published - no active rounds found
  Total rounds: 2
  Round 1: completed
  Round 2: completed
Drive 2 status unchanged: published
Checking drive 2 (VNSGU Campus Drive 2026-27) - Current status: published
Drive 2 remains published - no active rounds found
  Total rounds: 2
  Round 1: completed
  Round 2: completed
Drive 2 status unchanged: published
Checking drive 2 (VNSGU Campus Drive 2026-27) - Current status: published
Drive 2 remains published - no active rounds found
  Total rounds: 2
  Round 1: completed
  Round 2: completed
Drive 2 status unchanged: published
==================================================
Starting AutoStatusService.update_all()
==================================================
Updating rounds...
Updating drives...
Checking drive 2 (VNSGU Campus Drive 2026-27) - Current status: published
Drive 2 remains published - no active rounds found
  Total rounds: 2
  Round 1: completed
  Round 2: completed
Drive 2 status unchanged: published
Update complete - Drives: [], Rounds: []
==================================================
Checking drive 2 (VNSGU Campus Drive 2026-27) - Current status: published
Drive 2 remains published - no active rounds found
  Total rounds: 2
  Round 1: completed
  Round 2: completed
Drive 2 status unchanged: published
==================================================
Starting AutoStatusService.update_all()
==================================================
Updating rounds...
Updating drives...
Update complete - Drives: [], Rounds: []
==================================================
==================================================
Starting AutoStatusService.update_all()
==================================================
Updating rounds...
Updating drives...
Update complete - Drives: [], Rounds: []
==================================================
============================================================
Starting AutoStatusService.update_all()
Current time (UTC): 2026-08-13 12:32:50.308906+00:00
Current time (IST): 2026-08-13 18:02:50.309606+05:30
============================================================
Updating rounds...
Updating drives...
Checking drive 3 (Charusat Google Drive 2026-27) - Current status: draft
  Drive time (UTC): 2026-08-13 12:36:00+00:00
  Drive time (IST): 2026-08-13 18:06:00+05:30
  Current time (IST): 2026-08-13 18:02:54.345728+05:30
  Should be published: False
Drive 3 remains draft - 3 minutes until publish
Drive 3 status unchanged: draft
Update complete - Drives: [], Rounds: []
============================================================
============================================================
Starting AutoStatusService.update_all()
Current time (UTC): 2026-08-13 12:32:54.436518+00:00
Current time (IST): 2026-08-13 18:02:54.436952+05:30
============================================================
Updating rounds...
Updating drives...
Checking drive 3 (Charusat Google Drive 2026-27) - Current status: draft
  Drive time (UTC): 2026-08-13 12:36:00+00:00
  Drive time (IST): 2026-08-13 18:06:00+05:30
  Current time (IST): 2026-08-13 18:02:54.450614+05:30
  Should be published: False
Drive 3 remains draft - 3 minutes until publish
Drive 3 status unchanged: draft
Update complete - Drives: [], Rounds: []
============================================================
Checking drive 3 (Charusat Google Drive 2026-27) - Current status: draft
  Drive time (UTC): 2026-08-13 12:36:00+00:00
  Drive time (IST): 2026-08-13 18:06:00+05:30
  Current time (IST): 2026-08-13 18:02:59.424912+05:30
  Should be published: False
Drive 3 remains draft - 3 minutes until publish
Drive 3 status unchanged: draft
Checking drive 3 (Charusat Google Drive 2026-27) - Current status: draft
  Drive time (UTC): 2026-08-13 12:36:00+00:00
  Drive time (IST): 2026-08-13 18:06:00+05:30
  Current time (IST): 2026-08-13 18:02:59.580210+05:30
  Should be published: False
Drive 3 remains draft - 3 minutes until publish
Drive 3 status unchanged: draft
Checking drive 3 (Charusat Google Drive 2026-27) - Current status: draft
  Drive time (UTC): 2026-08-13 12:36:00+00:00
  Drive time (IST): 2026-08-13 18:06:00+05:30
  Current time (IST): 2026-08-13 18:03:01.070711+05:30
  Should be published: False
Drive 3 remains draft - 3 minutes until publish
Drive 3 status unchanged: draft
Checking drive 3 (Charusat Google Drive 2026-27) - Current status: draft
  Drive time (UTC): 2026-08-13 12:36:00+00:00
  Drive time (IST): 2026-08-13 18:06:00+05:30
  Current time (IST): 2026-08-13 18:03:01.344335+05:30
  Should be published: False
Drive 3 remains draft - 3 minutes until publish
Drive 3 status unchanged: draft
Checking drive 3 (Charusat Google Drive 2026-27) - Current status: draft
  Drive time (UTC): 2026-08-13 12:36:00+00:00
  Drive time (IST): 2026-08-13 18:06:00+05:30
  Current time (IST): 2026-08-13 18:03:16.367607+05:30
  Should be published: False
Drive 3 remains draft - 3 minutes until publish
Drive 3 status unchanged: draft
Checking round 6 - Current status: pending
Round 6 remains pending - 4 minutes until start
Checking drive 3 (Charusat Google Drive 2026-27) - Current status: draft
  Drive time (UTC): 2026-08-13 12:36:00+00:00
  Drive time (IST): 2026-08-13 18:06:00+05:30
  Current time (IST): 2026-08-13 18:03:16.538894+05:30
  Should be published: False
Drive 3 remains draft - 3 minutes until publish
Drive 3 status unchanged: draft
Checking round 6 - Current status: pending
Round 6 remains pending - 4 minutes until start
Checking drive 3 (Charusat Google Drive 2026-27) - Current status: draft
  Drive time (UTC): 2026-08-13 12:36:00+00:00
  Drive time (IST): 2026-08-13 18:06:00+05:30
  Current time (IST): 2026-08-13 18:03:18.820122+05:30
  Should be published: False
Drive 3 remains draft - 3 minutes until publish
Drive 3 status unchanged: draft
Checking round 6 - Current status: pending
Round 6 remains pending - 4 minutes until start
Checking drive 3 (Charusat Google Drive 2026-27) - Current status: draft
  Drive time (UTC): 2026-08-13 12:36:00+00:00
  Drive time (IST): 2026-08-13 18:06:00+05:30
  Current time (IST): 2026-08-13 18:03:19.091486+05:30
  Should be published: False
Drive 3 remains draft - 3 minutes until publish
Drive 3 status unchanged: draft
Checking round 6 - Current status: pending
Round 6 remains pending - 4 minutes until start
Checking drive 3 (Charusat Google Drive 2026-27) - Current status: draft
  Drive time (UTC): 2026-08-13 12:36:00+00:00
  Drive time (IST): 2026-08-13 18:06:00+05:30
  Current time (IST): 2026-08-13 18:03:30.916365+05:30
  Should be published: False
Drive 3 remains draft - 2 minutes until publish
Drive 3 status unchanged: draft
Checking round 6 - Current status: pending
Round 6 remains pending - 3 minutes until start
Checking round 7 - Current status: pending
Round 7 remains pending - 11 minutes until start
Checking drive 3 (Charusat Google Drive 2026-27) - Current status: draft
  Drive time (UTC): 2026-08-13 12:36:00+00:00
  Drive time (IST): 2026-08-13 18:06:00+05:30
  Current time (IST): 2026-08-13 18:03:31.112807+05:30
  Should be published: False
Drive 3 remains draft - 2 minutes until publish
Drive 3 status unchanged: draft
Checking round 6 - Current status: pending
Round 6 remains pending - 3 minutes until start
Checking round 7 - Current status: pending
Round 7 remains pending - 11 minutes until start
============================================================
Starting AutoStatusService.update_all()
Current time (UTC): 2026-08-13 12:33:33.162262+00:00
Current time (IST): 2026-08-13 18:03:33.162811+05:30
============================================================
Updating rounds...
Checking round 6 - Current status: pending
Round 6 remains pending - 3 minutes until start
Checking round 7 - Current status: pending
Round 7 remains pending - 11 minutes until start
Updating drives...
Checking drive 3 (Charusat Google Drive 2026-27) - Current status: draft
  Drive time (UTC): 2026-08-13 12:36:00+00:00
  Drive time (IST): 2026-08-13 18:06:00+05:30
  Current time (IST): 2026-08-13 18:03:33.188257+05:30
  Should be published: False
Drive 3 remains draft - 2 minutes until publish
Drive 3 status unchanged: draft
Update complete - Drives: [], Rounds: []
============================================================
============================================================
Starting AutoStatusService.update_all()
Current time (UTC): 2026-08-13 12:33:33.352225+00:00
Current time (IST): 2026-08-13 18:03:33.352717+05:30
============================================================
Updating rounds...
Checking round 6 - Current status: pending
Round 6 remains pending - 3 minutes until start
Checking round 7 - Current status: pending
Round 7 remains pending - 11 minutes until start
Updating drives...
Checking drive 3 (Charusat Google Drive 2026-27) - Current status: draft
  Drive time (UTC): 2026-08-13 12:36:00+00:00
  Drive time (IST): 2026-08-13 18:06:00+05:30
  Current time (IST): 2026-08-13 18:03:33.384126+05:30
  Should be published: False
Drive 3 remains draft - 2 minutes until publish
Drive 3 status unchanged: draft
Update complete - Drives: [], Rounds: []
============================================================
============================================================
Starting AutoStatusService.update_all()
Current time (UTC): 2026-08-13 12:33:34.952876+00:00
Current time (IST): 2026-08-13 18:03:34.953733+05:30
============================================================
Updating rounds...
Checking round 6 - Current status: pending
Round 6 remains pending - 3 minutes until start
Checking round 7 - Current status: pending
Round 7 remains pending - 11 minutes until start
Updating drives...
Checking drive 3 (Charusat Google Drive 2026-27) - Current status: draft
  Drive time (UTC): 2026-08-13 12:36:00+00:00
  Drive time (IST): 2026-08-13 18:06:00+05:30
  Current time (IST): 2026-08-13 18:03:34.984634+05:30
  Should be published: False
Drive 3 remains draft - 2 minutes until publish
Drive 3 status unchanged: draft
Update complete - Drives: [], Rounds: []
============================================================
============================================================
Starting AutoStatusService.update_all()
Current time (UTC): 2026-08-13 12:33:35.166153+00:00
Current time (IST): 2026-08-13 18:03:35.167106+05:30
============================================================
Updating rounds...
Checking round 6 - Current status: pending
Round 6 remains pending - 3 minutes until start
Checking round 7 - Current status: pending
Round 7 remains pending - 11 minutes until start
Updating drives...
Checking drive 3 (Charusat Google Drive 2026-27) - Current status: draft
  Drive time (UTC): 2026-08-13 12:36:00+00:00
  Drive time (IST): 2026-08-13 18:06:00+05:30
  Current time (IST): 2026-08-13 18:03:35.195526+05:30
  Should be published: False
Drive 3 remains draft - 2 minutes until publish
Drive 3 status unchanged: draft
Update complete - Drives: [], Rounds: []
============================================================
Middleware triggered by request: /candidate/get-available-drives/
============================================================
Starting AutoStatusService.update_all()
Current time (UTC): 2026-08-13 12:34:21.176022+00:00
Current time (IST): 2026-08-13 18:04:21.176527+05:30
============================================================
Updating rounds...
Checking round 6 - Current status: pending
Round 6 remains pending - 3 minutes until start
Checking round 7 - Current status: pending
Round 7 remains pending - 11 minutes until start
Updating drives...
Checking drive 3 (Charusat Google Drive 2026-27) - Current status: draft
  Drive time (UTC): 2026-08-13 12:36:00+00:00
  Drive time (IST): 2026-08-13 18:06:00+05:30
  Current time (IST): 2026-08-13 18:04:21.262097+05:30
  Should be published: False
Drive 3 remains draft - 2 minutes until publish
Drive 3 status unchanged: draft
Update complete - Drives: [], Rounds: []
============================================================
============================================================
Starting AutoStatusService.update_all()
Current time (UTC): 2026-08-13 12:34:21.316664+00:00
Current time (IST): 2026-08-13 18:04:21.317650+05:30
============================================================
Updating rounds...
Checking round 6 - Current status: pending
Round 6 remains pending - 3 minutes until start
Checking round 7 - Current status: pending
Round 7 remains pending - 11 minutes until start
Updating drives...
Checking drive 3 (Charusat Google Drive 2026-27) - Current status: draft
  Drive time (UTC): 2026-08-13 12:36:00+00:00
  Drive time (IST): 2026-08-13 18:06:00+05:30
  Current time (IST): 2026-08-13 18:04:21.347673+05:30
  Should be published: False
Drive 3 remains draft - 2 minutes until publish
Drive 3 status unchanged: draft
Update complete - Drives: [], Rounds: []
============================================================
Middleware triggered by request: /candidate/get-available-drives/
============================================================
Starting AutoStatusService.update_all()
Current time (UTC): 2026-08-13 12:34:21.420962+00:00
Current time (IST): 2026-08-13 18:04:21.424107+05:30
============================================================
Updating rounds...
Checking round 6 - Current status: pending
Round 6 remains pending - 3 minutes until start
Checking round 7 - Current status: pending
Round 7 remains pending - 11 minutes until start
Updating drives...
Checking drive 3 (Charusat Google Drive 2026-27) - Current status: draft
  Drive time (UTC): 2026-08-13 12:36:00+00:00
  Drive time (IST): 2026-08-13 18:06:00+05:30
  Current time (IST): 2026-08-13 18:04:21.562312+05:30
  Should be published: False
Drive 3 remains draft - 2 minutes until publish
Drive 3 status unchanged: draft
Update complete - Drives: [], Rounds: []
============================================================
============================================================
Starting AutoStatusService.update_all()
Current time (UTC): 2026-08-13 12:34:21.594306+00:00
Current time (IST): 2026-08-13 18:04:21.594744+05:30
============================================================
Updating rounds...
Checking round 6 - Current status: pending
Round 6 remains pending - 3 minutes until start
Checking round 7 - Current status: pending
Round 7 remains pending - 11 minutes until start
Updating drives...
Checking drive 3 (Charusat Google Drive 2026-27) - Current status: draft
  Drive time (UTC): 2026-08-13 12:36:00+00:00
  Drive time (IST): 2026-08-13 18:06:00+05:30
  Current time (IST): 2026-08-13 18:04:21.607068+05:30
  Should be published: False
Drive 3 remains draft - 2 minutes until publish
Drive 3 status unchanged: draft
Update complete - Drives: [], Rounds: []
============================================================
Middleware triggered by request: /candidate/get-available-drives/
============================================================
Starting AutoStatusService.update_all()
Current time (UTC): 2026-08-13 12:34:21.641565+00:00
Current time (IST): 2026-08-13 18:04:21.645751+05:30
============================================================
Updating rounds...
Checking round 6 - Current status: pending
Round 6 remains pending - 3 minutes until start
Checking round 7 - Current status: pending
Round 7 remains pending - 11 minutes until start
Updating drives...
Checking drive 3 (Charusat Google Drive 2026-27) - Current status: draft
  Drive time (UTC): 2026-08-13 12:36:00+00:00
  Drive time (IST): 2026-08-13 18:06:00+05:30
  Current time (IST): 2026-08-13 18:04:21.770329+05:30
  Should be published: False
Drive 3 remains draft - 2 minutes until publish
Drive 3 status unchanged: draft
Update complete - Drives: [], Rounds: []
============================================================
============================================================
Starting AutoStatusService.update_all()
Current time (UTC): 2026-08-13 12:34:21.816753+00:00
Current time (IST): 2026-08-13 18:04:21.817774+05:30
============================================================
Updating rounds...
Checking round 6 - Current status: pending
Round 6 remains pending - 3 minutes until start
Checking round 7 - Current status: pending
Round 7 remains pending - 11 minutes until start
Updating drives...
Checking drive 3 (Charusat Google Drive 2026-27) - Current status: draft
  Drive time (UTC): 2026-08-13 12:36:00+00:00
  Drive time (IST): 2026-08-13 18:06:00+05:30
  Current time (IST): 2026-08-13 18:04:21.838861+05:30
  Should be published: False
Drive 3 remains draft - 2 minutes until publish
Drive 3 status unchanged: draft
Update complete - Drives: [], Rounds: []
============================================================
Middleware triggered by request: /candidate/get-available-drives/
============================================================
Starting AutoStatusService.update_all()
Current time (UTC): 2026-08-13 12:34:21.880156+00:00
Current time (IST): 2026-08-13 18:04:21.881735+05:30
============================================================
Updating rounds...
Checking round 6 - Current status: pending
Round 6 remains pending - 3 minutes until start
Checking round 7 - Current status: pending
Round 7 remains pending - 11 minutes until start
Updating drives...
Checking drive 3 (Charusat Google Drive 2026-27) - Current status: draft
  Drive time (UTC): 2026-08-13 12:36:00+00:00
  Drive time (IST): 2026-08-13 18:06:00+05:30
  Current time (IST): 2026-08-13 18:04:22.030886+05:30
  Should be published: False
Drive 3 remains draft - 2 minutes until publish
Drive 3 status unchanged: draft
Update complete - Drives: [], Rounds: []
============================================================
============================================================
Starting AutoStatusService.update_all()
Current time (UTC): 2026-08-13 12:34:22.078017+00:00
Current time (IST): 2026-08-13 18:04:22.078348+05:30
============================================================
Updating rounds...
Checking round 6 - Current status: pending
Round 6 remains pending - 3 minutes until start
Checking round 7 - Current status: pending
Round 7 remains pending - 11 minutes until start
Updating drives...
Checking drive 3 (Charusat Google Drive 2026-27) - Current status: draft
  Drive time (UTC): 2026-08-13 12:36:00+00:00
  Drive time (IST): 2026-08-13 18:06:00+05:30
  Current time (IST): 2026-08-13 18:04:22.089712+05:30
  Should be published: False
Drive 3 remains draft - 2 minutes until publish
Drive 3 status unchanged: draft
Update complete - Drives: [], Rounds: []
============================================================
Middleware triggered by request: /candidate/get-drive-details/2/
============================================================
Starting AutoStatusService.update_all()
Current time (UTC): 2026-08-13 12:34:23.045983+00:00
Current time (IST): 2026-08-13 18:04:23.047674+05:30
============================================================
Updating rounds...
Checking round 6 - Current status: pending
Round 6 remains pending - 3 minutes until start
Checking round 7 - Current status: pending
Round 7 remains pending - 11 minutes until start
Updating drives...
Checking drive 3 (Charusat Google Drive 2026-27) - Current status: draft
  Drive time (UTC): 2026-08-13 12:36:00+00:00
  Drive time (IST): 2026-08-13 18:06:00+05:30
  Current time (IST): 2026-08-13 18:04:23.171439+05:30
  Should be published: False
Drive 3 remains draft - 2 minutes until publish
Drive 3 status unchanged: draft
Update complete - Drives: [], Rounds: []
============================================================
Middleware triggered by request: /candidate/get-drive-details/2/
============================================================
Starting AutoStatusService.update_all()
Current time (UTC): 2026-08-13 12:34:23.256391+00:00
Current time (IST): 2026-08-13 18:04:23.257079+05:30
============================================================
Updating rounds...
Checking round 6 - Current status: pending
Round 6 remains pending - 3 minutes until start
Checking round 7 - Current status: pending
Round 7 remains pending - 11 minutes until start
Updating drives...
Checking drive 3 (Charusat Google Drive 2026-27) - Current status: draft
  Drive time (UTC): 2026-08-13 12:36:00+00:00
  Drive time (IST): 2026-08-13 18:06:00+05:30
  Current time (IST): 2026-08-13 18:04:23.359963+05:30
  Should be published: False
Drive 3 remains draft - 2 minutes until publish
Drive 3 status unchanged: draft
Update complete - Drives: [], Rounds: []
============================================================
Middleware triggered by request: /candidate/get-available-drives/
============================================================
Starting AutoStatusService.update_all()
Current time (UTC): 2026-08-13 12:34:28.218153+00:00
Current time (IST): 2026-08-13 18:04:28.219106+05:30
============================================================
Updating rounds...
Checking round 6 - Current status: pending
Round 6 remains pending - 3 minutes until start
Checking round 7 - Current status: pending
Round 7 remains pending - 11 minutes until start
Updating drives...
Checking drive 3 (Charusat Google Drive 2026-27) - Current status: draft
  Drive time (UTC): 2026-08-13 12:36:00+00:00
  Drive time (IST): 2026-08-13 18:06:00+05:30
  Current time (IST): 2026-08-13 18:04:28.349360+05:30
  Should be published: False
Drive 3 remains draft - 2 minutes until publish
Drive 3 status unchanged: draft
Update complete - Drives: [], Rounds: []
============================================================
============================================================
Starting AutoStatusService.update_all()
Current time (UTC): 2026-08-13 12:34:28.385947+00:00
Current time (IST): 2026-08-13 18:04:28.386463+05:30
============================================================
Updating rounds...
Checking round 6 - Current status: pending
Round 6 remains pending - 3 minutes until start
Checking round 7 - Current status: pending
Round 7 remains pending - 11 minutes until start
Updating drives...
Checking drive 3 (Charusat Google Drive 2026-27) - Current status: draft
  Drive time (UTC): 2026-08-13 12:36:00+00:00
  Drive time (IST): 2026-08-13 18:06:00+05:30
  Current time (IST): 2026-08-13 18:04:28.402461+05:30
  Should be published: False
Drive 3 remains draft - 2 minutes until publish
Drive 3 status unchanged: draft
Update complete - Drives: [], Rounds: []
============================================================
Middleware triggered by request: /candidate/get-available-drives/
============================================================
Starting AutoStatusService.update_all()
Current time (UTC): 2026-08-13 12:34:28.431227+00:00
Current time (IST): 2026-08-13 18:04:28.432030+05:30
============================================================
Updating rounds...
Checking round 6 - Current status: pending
Round 6 remains pending - 3 minutes until start
Checking round 7 - Current status: pending
Round 7 remains pending - 11 minutes until start
Updating drives...
Checking drive 3 (Charusat Google Drive 2026-27) - Current status: draft
  Drive time (UTC): 2026-08-13 12:36:00+00:00
  Drive time (IST): 2026-08-13 18:06:00+05:30
  Current time (IST): 2026-08-13 18:04:28.546425+05:30
  Should be published: False
Drive 3 remains draft - 2 minutes until publish
Drive 3 status unchanged: draft
Update complete - Drives: [], Rounds: []
============================================================
============================================================
Starting AutoStatusService.update_all()
Current time (UTC): 2026-08-13 12:34:28.593089+00:00
Current time (IST): 2026-08-13 18:04:28.594699+05:30
============================================================
Updating rounds...
Checking round 6 - Current status: pending
Round 6 remains pending - 3 minutes until start
Checking round 7 - Current status: pending
Round 7 remains pending - 11 minutes until start
Updating drives...
Checking drive 3 (Charusat Google Drive 2026-27) - Current status: draft
  Drive time (UTC): 2026-08-13 12:36:00+00:00
  Drive time (IST): 2026-08-13 18:06:00+05:30
  Current time (IST): 2026-08-13 18:04:28.612776+05:30
  Should be published: False
Drive 3 remains draft - 2 minutes until publish
Drive 3 status unchanged: draft
Update complete - Drives: [], Rounds: []
============================================================
============================================================
Starting AutoStatusService.update_all()
Current time (UTC): 2026-08-13 12:35:15.324449+00:00
Current time (IST): 2026-08-13 18:05:15.325207+05:30
============================================================
Updating rounds...
Checking round 6 - Current status: pending
Round 6 remains pending - 2 minutes until start
Checking round 7 - Current status: pending
Round 7 remains pending - 10 minutes until start
Updating drives...
Checking drive 3 (Charusat Google Drive 2026-27) - Current status: draft
  Drive time (UTC): 2026-08-13 12:36:00+00:00
  Drive time (IST): 2026-08-13 18:06:00+05:30
  Current time (IST): 2026-08-13 18:05:15.352708+05:30
  Should be published: False
Drive 3 remains draft - 1 minutes until publish
Drive 3 status unchanged: draft
Update complete - Drives: [], Rounds: []
============================================================
============================================================
Starting AutoStatusService.update_all()
Current time (UTC): 2026-08-13 12:35:15.574715+00:00
Current time (IST): 2026-08-13 18:05:15.576330+05:30
============================================================
Updating rounds...
Checking round 6 - Current status: pending
Round 6 remains pending - 2 minutes until start
Checking round 7 - Current status: pending
Round 7 remains pending - 10 minutes until start
Updating drives...
Checking drive 3 (Charusat Google Drive 2026-27) - Current status: draft
  Drive time (UTC): 2026-08-13 12:36:00+00:00
  Drive time (IST): 2026-08-13 18:06:00+05:30
  Current time (IST): 2026-08-13 18:05:15.612194+05:30
  Should be published: False
Drive 3 remains draft - 1 minutes until publish
Drive 3 status unchanged: draft
Update complete - Drives: [], Rounds: []
============================================================
Checking drive 3 (Charusat Google Drive 2026-27) - Current status: draft
  Drive time (UTC): 2026-08-13 12:36:00+00:00
  Drive time (IST): 2026-08-13 18:06:00+05:30
  Current time (IST): 2026-08-13 18:05:17.489851+05:30
  Should be published: False
Drive 3 remains draft - 1 minutes until publish
Drive 3 status unchanged: draft
Checking round 6 - Current status: pending
Round 6 remains pending - 2 minutes until start
Checking round 7 - Current status: pending
Round 7 remains pending - 10 minutes until start
Checking drive 3 (Charusat Google Drive 2026-27) - Current status: draft
  Drive time (UTC): 2026-08-13 12:36:00+00:00
  Drive time (IST): 2026-08-13 18:06:00+05:30
  Current time (IST): 2026-08-13 18:05:17.652032+05:30
  Should be published: False
Drive 3 remains draft - 1 minutes until publish
Drive 3 status unchanged: draft
Checking round 6 - Current status: pending
Round 6 remains pending - 2 minutes until start
Checking round 7 - Current status: pending
Round 7 remains pending - 10 minutes until start
============================================================
Starting AutoStatusService.update_all()
Current time (UTC): 2026-08-13 12:35:20.729033+00:00
Current time (IST): 2026-08-13 18:05:20.729636+05:30
============================================================
Updating rounds...
Checking round 6 - Current status: pending
Round 6 remains pending - 2 minutes until start
Checking round 7 - Current status: pending
Round 7 remains pending - 10 minutes until start
Updating drives...
Checking drive 3 (Charusat Google Drive 2026-27) - Current status: draft
  Drive time (UTC): 2026-08-13 12:36:00+00:00
  Drive time (IST): 2026-08-13 18:06:00+05:30
  Current time (IST): 2026-08-13 18:05:20.756533+05:30
  Should be published: False
Drive 3 remains draft - 1 minutes until publish
Drive 3 status unchanged: draft
Update complete - Drives: [], Rounds: []
============================================================
============================================================
Starting AutoStatusService.update_all()
Current time (UTC): 2026-08-13 12:35:20.951196+00:00
Current time (IST): 2026-08-13 18:05:20.951822+05:30
============================================================
Updating rounds...
Checking round 6 - Current status: pending
Round 6 remains pending - 2 minutes until start
Checking round 7 - Current status: pending
Round 7 remains pending - 10 minutes until start
Updating drives...
Checking drive 3 (Charusat Google Drive 2026-27) - Current status: draft
  Drive time (UTC): 2026-08-13 12:36:00+00:00
  Drive time (IST): 2026-08-13 18:06:00+05:30
  Current time (IST): 2026-08-13 18:05:20.986039+05:30
  Should be published: False
Drive 3 remains draft - 1 minutes until publish
Drive 3 status unchanged: draft
Update complete - Drives: [], Rounds: []
============================================================
============================================================
Starting AutoStatusService.update_all()
Current time (UTC): 2026-08-13 12:35:22.342378+00:00
Current time (IST): 2026-08-13 18:05:22.342982+05:30
============================================================
Updating rounds...
Checking round 6 - Current status: pending
Round 6 remains pending - 2 minutes until start
Checking round 7 - Current status: pending
Round 7 remains pending - 10 minutes until start
Updating drives...
Checking drive 3 (Charusat Google Drive 2026-27) - Current status: draft
  Drive time (UTC): 2026-08-13 12:36:00+00:00
  Drive time (IST): 2026-08-13 18:06:00+05:30
  Current time (IST): 2026-08-13 18:05:22.391327+05:30
  Should be published: False
Drive 3 remains draft - 1 minutes until publish
Drive 3 status unchanged: draft
Update complete - Drives: [], Rounds: []
============================================================
============================================================
Starting AutoStatusService.update_all()
Current time (UTC): 2026-08-13 12:35:22.540097+00:00
Current time (IST): 2026-08-13 18:05:22.540621+05:30
============================================================
Updating rounds...
Checking round 6 - Current status: pending
Round 6 remains pending - 2 minutes until start
Checking round 7 - Current status: pending
Round 7 remains pending - 10 minutes until start
Updating drives...
Checking drive 3 (Charusat Google Drive 2026-27) - Current status: draft
  Drive time (UTC): 2026-08-13 12:36:00+00:00
  Drive time (IST): 2026-08-13 18:06:00+05:30
  Current time (IST): 2026-08-13 18:05:22.570746+05:30
  Should be published: False
Drive 3 remains draft - 1 minutes until publish
Drive 3 status unchanged: draft
Update complete - Drives: [], Rounds: []
============================================================
============================================================
Starting AutoStatusService.update_all()
Current time (UTC): 2026-08-13 12:35:26.160176+00:00
Current time (IST): 2026-08-13 18:05:26.160706+05:30
============================================================
Updating rounds...
Checking round 6 - Current status: pending
Round 6 remains pending - 2 minutes until start
Checking round 7 - Current status: pending
Round 7 remains pending - 10 minutes until start
Updating drives...
Checking drive 3 (Charusat Google Drive 2026-27) - Current status: draft
  Drive time (UTC): 2026-08-13 12:36:00+00:00
  Drive time (IST): 2026-08-13 18:06:00+05:30
  Current time (IST): 2026-08-13 18:05:26.186326+05:30
  Should be published: False
Drive 3 remains draft - 1 minutes until publish
Drive 3 status unchanged: draft
Update complete - Drives: [], Rounds: []
============================================================
============================================================
Starting AutoStatusService.update_all()
Current time (UTC): 2026-08-13 12:35:26.370250+00:00
Current time (IST): 2026-08-13 18:05:26.370802+05:30
============================================================
Updating rounds...
Checking round 6 - Current status: pending
Round 6 remains pending - 2 minutes until start
Checking round 7 - Current status: pending
Round 7 remains pending - 10 minutes until start
Updating drives...
Checking drive 3 (Charusat Google Drive 2026-27) - Current status: draft
  Drive time (UTC): 2026-08-13 12:36:00+00:00
  Drive time (IST): 2026-08-13 18:06:00+05:30
  Current time (IST): 2026-08-13 18:05:26.407441+05:30
  Should be published: False
Drive 3 remains draft - 1 minutes until publish
Drive 3 status unchanged: draft
Update complete - Drives: [], Rounds: []
============================================================
============================================================
Starting AutoStatusService.update_all()
Current time (UTC): 2026-08-13 12:36:27.301121+00:00
Current time (IST): 2026-08-13 18:06:27.301712+05:30
============================================================
Updating rounds...
Checking round 6 - Current status: pending
Round 6 remains pending - 1 minutes until start
Checking round 7 - Current status: pending
Round 7 remains pending - 9 minutes until start
Updating drives...
Checking drive 3 (Charusat Google Drive 2026-27) - Current status: draft
  Drive time (UTC): 2026-08-13 12:36:00+00:00
  Drive time (IST): 2026-08-13 18:06:00+05:30
  Current time (IST): 2026-08-13 18:06:27.319213+05:30
  Should be published: True
Drive 3 saved with new status: published
Update complete - Drives: [3], Rounds: []
============================================================
============================================================
Starting AutoStatusService.update_all()
Current time (UTC): 2026-08-13 12:36:28.111681+00:00
Current time (IST): 2026-08-13 18:06:28.112259+05:30
============================================================
Updating rounds...
Checking round 6 - Current status: pending
Round 6 remains pending - 1 minutes until start
Checking round 7 - Current status: pending
Round 7 remains pending - 9 minutes until start
Updating drives...
Checking drive 3 (Charusat Google Drive 2026-27) - Current status: published
  Drive time (UTC): 2026-08-13 12:36:00+00:00
  Drive time (IST): 2026-08-13 18:06:00+05:30
  Current time (IST): 2026-08-13 18:06:28.138466+05:30
  Should be published: True
Drive 3 remains published - no active rounds found
  Total rounds: 2
  Round 1: pending
  Round 2: pending
Drive 3 status unchanged: published
Update complete - Drives: [], Rounds: []
============================================================
Checking drive 3 (Charusat Google Drive 2026-27) - Current status: published
  Drive time (UTC): 2026-08-13 12:36:00+00:00
  Drive time (IST): 2026-08-13 18:06:00+05:30
  Current time (IST): 2026-08-13 18:06:40.093838+05:30
  Should be published: True
Drive 3 remains published - no active rounds found
  Total rounds: 2
  Round 1: pending
  Round 2: pending
Drive 3 status unchanged: published
Checking round 6 - Current status: pending
Round 6 remains pending - 0 minutes until start
Checking round 7 - Current status: pending
Round 7 remains pending - 8 minutes until start
Checking drive 3 (Charusat Google Drive 2026-27) - Current status: published
  Drive time (UTC): 2026-08-13 12:36:00+00:00
  Drive time (IST): 2026-08-13 18:06:00+05:30
  Current time (IST): 2026-08-13 18:06:40.320075+05:30
  Should be published: True
Drive 3 remains published - no active rounds found
  Total rounds: 2
  Round 1: pending
  Round 2: pending
Drive 3 status unchanged: published
Checking round 6 - Current status: pending
Round 6 remains pending - 0 minutes until start
Checking round 7 - Current status: pending
Round 7 remains pending - 8 minutes until start
Checking drive 3 (Charusat Google Drive 2026-27) - Current status: published
  Drive time (UTC): 2026-08-13 12:36:00+00:00
  Drive time (IST): 2026-08-13 18:06:00+05:30
  Current time (IST): 2026-08-13 18:07:00.866122+05:30
  Should be published: True
Drive 3 remains published - no active rounds found
  Total rounds: 2
  Round 1: pending
  Round 2: pending
Drive 3 status unchanged: published
Checking round 6 - Current status: pending
Round 6 auto-updated to active
Checking round 7 - Current status: pending
Round 7 remains pending - 8 minutes until start
Checking drive 3 (Charusat Google Drive 2026-27) - Current status: published
  Drive time (UTC): 2026-08-13 12:36:00+00:00
  Drive time (IST): 2026-08-13 18:06:00+05:30
  Current time (IST): 2026-08-13 18:07:01.087236+05:30
  Should be published: True
Drive 3 auto-updated to in_progress (found 1 active rounds)
Drive 3 saved with new status: in_progress
Checking round 6 - Current status: active
Round 6 remains active - 5.0 minutes remaining
Checking round 7 - Current status: pending
Round 7 remains pending - 8 minutes until start
Checking drive 3 (Charusat Google Drive 2026-27) - Current status: in_progress
  Drive time (UTC): 2026-08-13 12:36:00+00:00
  Drive time (IST): 2026-08-13 18:06:00+05:30
  Current time (IST): 2026-08-13 18:07:43.364055+05:30
  Should be published: True
Drive 3 remains in_progress - 2 rounds not completed
  Round 1: active
  Round 2: pending
Drive 3 status unchanged: in_progress
Checking round 6 - Current status: active
Round 6 remains active - 4.3 minutes remaining
Checking round 7 - Current status: pending
Round 7 remains pending - 7 minutes until start
Checking drive 3 (Charusat Google Drive 2026-27) - Current status: in_progress
  Drive time (UTC): 2026-08-13 12:36:00+00:00
  Drive time (IST): 2026-08-13 18:06:00+05:30
  Current time (IST): 2026-08-13 18:07:43.582985+05:30
  Should be published: True
Drive 3 remains in_progress - 2 rounds not completed
  Round 1: active
  Round 2: pending
Drive 3 status unchanged: in_progress
Checking round 6 - Current status: active
Round 6 remains active - 4.3 minutes remaining
Checking round 7 - Current status: pending
Round 7 remains pending - 7 minutes until start
Checking drive 3 (Charusat Google Drive 2026-27) - Current status: in_progress
  Drive time (UTC): 2026-08-13 12:36:00+00:00
  Drive time (IST): 2026-08-13 18:06:00+05:30
  Current time (IST): 2026-08-13 18:07:47.705430+05:30
  Should be published: True
Drive 3 remains in_progress - 2 rounds not completed
  Round 1: active
  Round 2: pending
Drive 3 status unchanged: in_progress
Checking round 6 - Current status: active
Round 6 remains active - 2.2 minutes remaining
Checking round 7 - Current status: pending
Round 7 remains pending - 7 minutes until start
Checking drive 3 (Charusat Google Drive 2026-27) - Current status: in_progress
  Drive time (UTC): 2026-08-13 12:36:00+00:00
  Drive time (IST): 2026-08-13 18:06:00+05:30
  Current time (IST): 2026-08-13 18:07:47.977706+05:30
  Should be published: True
Drive 3 remains in_progress - 2 rounds not completed
  Round 1: active
  Round 2: pending
Drive 3 status unchanged: in_progress
Checking round 6 - Current status: active
Round 6 remains active - 2.2 minutes remaining
Checking round 7 - Current status: pending
Round 7 remains pending - 7 minutes until start
Checking drive 3 (Charusat Google Drive 2026-27) - Current status: in_progress
  Drive time (UTC): 2026-08-13 12:36:00+00:00
  Drive time (IST): 2026-08-13 18:06:00+05:30
  Current time (IST): 2026-08-13 18:07:50.118498+05:30
  Should be published: True
Drive 3 remains in_progress - 2 rounds not completed
  Round 1: active
  Round 2: pending
Drive 3 status unchanged: in_progress
Checking round 6 - Current status: active
Round 6 remains active - 2.2 minutes remaining
Checking round 7 - Current status: pending
Round 7 remains pending - 7 minutes until start
Checking drive 3 (Charusat Google Drive 2026-27) - Current status: in_progress
  Drive time (UTC): 2026-08-13 12:36:00+00:00
  Drive time (IST): 2026-08-13 18:06:00+05:30
  Current time (IST): 2026-08-13 18:07:50.352565+05:30
  Should be published: True
Drive 3 remains in_progress - 2 rounds not completed
  Round 1: active
  Round 2: pending
Drive 3 status unchanged: in_progress
Checking round 6 - Current status: active
Round 6 remains active - 2.2 minutes remaining
Checking round 7 - Current status: pending
Round 7 remains pending - 7 minutes until start
Checking drive 3 (Charusat Google Drive 2026-27) - Current status: in_progress
  Drive time (UTC): 2026-08-13 12:36:00+00:00
  Drive time (IST): 2026-08-13 18:06:00+05:30
  Current time (IST): 2026-08-13 18:07:55.976165+05:30
  Should be published: True
Drive 3 remains in_progress - 2 rounds not completed
  Round 1: active
  Round 2: pending
Drive 3 status unchanged: in_progress
Checking round 6 - Current status: active
Round 6 remains active - 2.1 minutes remaining
Checking round 7 - Current status: pending
Round 7 remains pending - 4 minutes until start
Checking drive 3 (Charusat Google Drive 2026-27) - Current status: in_progress
  Drive time (UTC): 2026-08-13 12:36:00+00:00
  Drive time (IST): 2026-08-13 18:06:00+05:30
  Current time (IST): 2026-08-13 18:07:56.146877+05:30
  Should be published: True
Drive 3 remains in_progress - 2 rounds not completed
  Round 1: active
  Round 2: pending
Drive 3 status unchanged: in_progress
Checking round 6 - Current status: active
Round 6 remains active - 2.1 minutes remaining
Checking round 7 - Current status: pending
Round 7 remains pending - 4 minutes until start
Checking drive 3 (Charusat Google Drive 2026-27) - Current status: in_progress
  Drive time (UTC): 2026-08-13 12:36:00+00:00
  Drive time (IST): 2026-08-13 18:06:00+05:30
  Current time (IST): 2026-08-13 18:08:20.222354+05:30
  Should be published: True
Drive 3 remains in_progress - 2 rounds not completed
  Round 1: active
  Round 2: pending
Drive 3 status unchanged: in_progress
Checking round 6 - Current status: active
Round 6 remains active - 1.7 minutes remaining
Checking round 7 - Current status: pending
Round 7 remains pending - 4 minutes until start
Checking drive 3 (Charusat Google Drive 2026-27) - Current status: in_progress
  Drive time (UTC): 2026-08-13 12:36:00+00:00
  Drive time (IST): 2026-08-13 18:06:00+05:30
  Current time (IST): 2026-08-13 18:08:20.403404+05:30
  Should be published: True
Drive 3 remains in_progress - 2 rounds not completed
  Round 1: active
  Round 2: pending
Drive 3 status unchanged: in_progress
Checking round 6 - Current status: active
Round 6 remains active - 1.7 minutes remaining
Checking round 7 - Current status: pending
Round 7 remains pending - 4 minutes until start
Checking drive 3 (Charusat Google Drive 2026-27) - Current status: in_progress
  Drive time (UTC): 2026-08-13 12:36:00+00:00
  Drive time (IST): 2026-08-13 18:06:00+05:30
  Current time (IST): 2026-08-13 18:09:00.464064+05:30
  Should be published: True
Drive 3 remains in_progress - 2 rounds not completed
  Round 1: active
  Round 2: pending
Drive 3 status unchanged: in_progress
Checking round 6 - Current status: active
Round 6 remains active - 1.0 minutes remaining
Checking round 7 - Current status: pending
Round 7 remains pending - 3 minutes until start
Checking drive 3 (Charusat Google Drive 2026-27) - Current status: in_progress
  Drive time (UTC): 2026-08-13 12:36:00+00:00
  Drive time (IST): 2026-08-13 18:06:00+05:30
  Current time (IST): 2026-08-13 18:09:00.629558+05:30
  Should be published: True
Drive 3 remains in_progress - 2 rounds not completed
  Round 1: active
  Round 2: pending
Drive 3 status unchanged: in_progress
Checking round 6 - Current status: active
Round 6 remains active - 1.0 minutes remaining
Checking round 7 - Current status: pending
Round 7 remains pending - 3 minutes until start
============================================================
Starting AutoStatusService.update_all()
Current time (UTC): 2026-08-13 12:39:25.242233+00:00
Current time (IST): 2026-08-13 18:09:25.242856+05:30
============================================================
Updating rounds...
Checking round 6 - Current status: active
Round 6 remains active - 0.6 minutes remaining
Checking round 7 - Current status: pending
Round 7 remains pending - 3 minutes until start
Updating drives...
Checking drive 3 (Charusat Google Drive 2026-27) - Current status: in_progress
  Drive time (UTC): 2026-08-13 12:36:00+00:00
  Drive time (IST): 2026-08-13 18:06:00+05:30
  Current time (IST): 2026-08-13 18:09:25.268133+05:30
  Should be published: True
Drive 3 remains in_progress - 2 rounds not completed
  Round 1: active
  Round 2: pending
Drive 3 status unchanged: in_progress
Update complete - Drives: [], Rounds: []
============================================================
============================================================
Starting AutoStatusService.update_all()
Current time (UTC): 2026-08-13 12:39:25.428839+00:00
Current time (IST): 2026-08-13 18:09:25.429375+05:30
============================================================
Updating rounds...
Checking round 6 - Current status: active
Round 6 remains active - 0.6 minutes remaining
Checking round 7 - Current status: pending
Round 7 remains pending - 3 minutes until start
Updating drives...
Checking drive 3 (Charusat Google Drive 2026-27) - Current status: in_progress
  Drive time (UTC): 2026-08-13 12:36:00+00:00
  Drive time (IST): 2026-08-13 18:06:00+05:30
  Current time (IST): 2026-08-13 18:09:25.456036+05:30
  Should be published: True
Drive 3 remains in_progress - 2 rounds not completed
  Round 1: active
  Round 2: pending
Drive 3 status unchanged: in_progress
Update complete - Drives: [], Rounds: []
============================================================
Checking drive 3 (Charusat Google Drive 2026-27) - Current status: in_progress
  Drive time (UTC): 2026-08-13 12:36:00+00:00
  Drive time (IST): 2026-08-13 18:06:00+05:30
  Current time (IST): 2026-08-13 18:09:27.622930+05:30
  Should be published: True
Drive 3 remains in_progress - 2 rounds not completed
  Round 1: active
  Round 2: pending
Drive 3 status unchanged: in_progress
Checking round 6 - Current status: active
Round 6 remains active - 0.5 minutes remaining
Checking round 7 - Current status: pending
Round 7 remains pending - 3 minutes until start
Checking drive 3 (Charusat Google Drive 2026-27) - Current status: in_progress
  Drive time (UTC): 2026-08-13 12:36:00+00:00
  Drive time (IST): 2026-08-13 18:06:00+05:30
  Current time (IST): 2026-08-13 18:09:27.820673+05:30
  Should be published: True
Drive 3 remains in_progress - 2 rounds not completed
  Round 1: active
  Round 2: pending
Drive 3 status unchanged: in_progress
Checking round 6 - Current status: active
Round 6 remains active - 0.5 minutes remaining
Checking round 7 - Current status: pending
Round 7 remains pending - 3 minutes until start
Middleware triggered by request: /candidate/get-available-drives/
============================================================
Starting AutoStatusService.update_all()
Current time (UTC): 2026-08-13 12:39:54.669229+00:00
Current time (IST): 2026-08-13 18:09:54.670144+05:30
============================================================
Updating rounds...
Checking round 6 - Current status: active
Round 6 remains active - 0.1 minutes remaining
Checking round 7 - Current status: pending
Round 7 remains pending - 2 minutes until start
Updating drives...
Checking drive 3 (Charusat Google Drive 2026-27) - Current status: in_progress
  Drive time (UTC): 2026-08-13 12:36:00+00:00
  Drive time (IST): 2026-08-13 18:06:00+05:30
  Current time (IST): 2026-08-13 18:09:54.785667+05:30
  Should be published: True
Drive 3 remains in_progress - 2 rounds not completed
  Round 1: active
  Round 2: pending
Drive 3 status unchanged: in_progress
Update complete - Drives: [], Rounds: []
============================================================
============================================================
Starting AutoStatusService.update_all()
Current time (UTC): 2026-08-13 12:39:54.826604+00:00
Current time (IST): 2026-08-13 18:09:54.826854+05:30
============================================================
Updating rounds...
Checking round 6 - Current status: active
Round 6 remains active - 0.1 minutes remaining
Checking round 7 - Current status: pending
Round 7 remains pending - 2 minutes until start
Updating drives...
Checking drive 3 (Charusat Google Drive 2026-27) - Current status: in_progress
  Drive time (UTC): 2026-08-13 12:36:00+00:00
  Drive time (IST): 2026-08-13 18:06:00+05:30
  Current time (IST): 2026-08-13 18:09:54.839804+05:30
  Should be published: True
Drive 3 remains in_progress - 2 rounds not completed
  Round 1: active
  Round 2: pending
Drive 3 status unchanged: in_progress
Update complete - Drives: [], Rounds: []
============================================================
Middleware triggered by request: /candidate/get-available-drives/
============================================================
Starting AutoStatusService.update_all()
Current time (UTC): 2026-08-13 12:39:54.877481+00:00
Current time (IST): 2026-08-13 18:09:54.878783+05:30
============================================================
Updating rounds...
Checking round 6 - Current status: active
Round 6 remains active - 0.1 minutes remaining
Checking round 7 - Current status: pending
Round 7 remains pending - 2 minutes until start
Updating drives...
Checking drive 3 (Charusat Google Drive 2026-27) - Current status: in_progress
  Drive time (UTC): 2026-08-13 12:36:00+00:00
  Drive time (IST): 2026-08-13 18:06:00+05:30
  Current time (IST): 2026-08-13 18:09:55.073414+05:30
  Should be published: True
Drive 3 remains in_progress - 2 rounds not completed
  Round 1: active
  Round 2: pending
Drive 3 status unchanged: in_progress
Update complete - Drives: [], Rounds: []
============================================================
============================================================
Starting AutoStatusService.update_all()
Current time (UTC): 2026-08-13 12:39:55.127370+00:00
Current time (IST): 2026-08-13 18:09:55.127818+05:30
============================================================
Updating rounds...
Checking round 6 - Current status: active
Round 6 remains active - 0.1 minutes remaining
Checking round 7 - Current status: pending
Round 7 remains pending - 2 minutes until start
Updating drives...
Checking drive 3 (Charusat Google Drive 2026-27) - Current status: in_progress
  Drive time (UTC): 2026-08-13 12:36:00+00:00
  Drive time (IST): 2026-08-13 18:06:00+05:30
  Current time (IST): 2026-08-13 18:09:55.137565+05:30
  Should be published: True
Drive 3 remains in_progress - 2 rounds not completed
  Round 1: active
  Round 2: pending
Drive 3 status unchanged: in_progress
Update complete - Drives: [], Rounds: []
============================================================
Middleware triggered by request: /candidate/get-available-drives/
============================================================
Starting AutoStatusService.update_all()
Current time (UTC): 2026-08-13 12:39:57.124592+00:00
Current time (IST): 2026-08-13 18:09:57.125946+05:30
============================================================
Updating rounds...
Checking round 6 - Current status: active
Round 6 remains active - 0.0 minutes remaining
Checking round 7 - Current status: pending
Round 7 remains pending - 2 minutes until start
Updating drives...
Checking drive 3 (Charusat Google Drive 2026-27) - Current status: in_progress
  Drive time (UTC): 2026-08-13 12:36:00+00:00
  Drive time (IST): 2026-08-13 18:06:00+05:30
  Current time (IST): 2026-08-13 18:09:57.252513+05:30
  Should be published: True
Drive 3 remains in_progress - 2 rounds not completed
  Round 1: active
  Round 2: pending
Drive 3 status unchanged: in_progress
Update complete - Drives: [], Rounds: []
============================================================
============================================================
Starting AutoStatusService.update_all()
Current time (UTC): 2026-08-13 12:39:57.299212+00:00
Current time (IST): 2026-08-13 18:09:57.299922+05:30
============================================================
Updating rounds...
Checking round 6 - Current status: active
Round 6 remains active - 0.0 minutes remaining
Checking round 7 - Current status: pending
Round 7 remains pending - 2 minutes until start
Updating drives...
Checking drive 3 (Charusat Google Drive 2026-27) - Current status: in_progress
  Drive time (UTC): 2026-08-13 12:36:00+00:00
  Drive time (IST): 2026-08-13 18:06:00+05:30
  Current time (IST): 2026-08-13 18:09:57.311140+05:30
  Should be published: True
Drive 3 remains in_progress - 2 rounds not completed
  Round 1: active
  Round 2: pending
Drive 3 status unchanged: in_progress
Update complete - Drives: [], Rounds: []
============================================================
Middleware triggered by request: /candidate/get-available-drives/
============================================================
Starting AutoStatusService.update_all()
Current time (UTC): 2026-08-13 12:39:57.412850+00:00
Current time (IST): 2026-08-13 18:09:57.418727+05:30
============================================================
Updating rounds...
Checking round 6 - Current status: active
Round 6 remains active - 0.0 minutes remaining
Checking round 7 - Current status: pending
Round 7 remains pending - 2 minutes until start
Updating drives...
Checking drive 3 (Charusat Google Drive 2026-27) - Current status: in_progress
  Drive time (UTC): 2026-08-13 12:36:00+00:00
  Drive time (IST): 2026-08-13 18:06:00+05:30
  Current time (IST): 2026-08-13 18:09:57.605212+05:30
  Should be published: True
Drive 3 remains in_progress - 2 rounds not completed
  Round 1: active
  Round 2: pending
Drive 3 status unchanged: in_progress
Update complete - Drives: [], Rounds: []
============================================================
============================================================
Starting AutoStatusService.update_all()
Current time (UTC): 2026-08-13 12:39:57.654288+00:00
Current time (IST): 2026-08-13 18:09:57.654812+05:30
============================================================
Updating rounds...
Checking round 6 - Current status: active
Round 6 remains active - 0.0 minutes remaining
Checking round 7 - Current status: pending
Round 7 remains pending - 2 minutes until start
Updating drives...
Checking drive 3 (Charusat Google Drive 2026-27) - Current status: in_progress
  Drive time (UTC): 2026-08-13 12:36:00+00:00
  Drive time (IST): 2026-08-13 18:06:00+05:30
  Current time (IST): 2026-08-13 18:09:57.666580+05:30
  Should be published: True
Drive 3 remains in_progress - 2 rounds not completed
  Round 1: active
  Round 2: pending
Drive 3 status unchanged: in_progress
Update complete - Drives: [], Rounds: []
============================================================
Checking drive 3 (Charusat Google Drive 2026-27) - Current status: in_progress
  Drive time (UTC): 2026-08-13 12:36:00+00:00
  Drive time (IST): 2026-08-13 18:06:00+05:30
  Current time (IST): 2026-08-13 18:10:03.053583+05:30
  Should be published: True
Drive 3 remains in_progress - 2 rounds not completed
  Round 1: active
  Round 2: pending
Drive 3 status unchanged: in_progress
Checking round 6 - Current status: active
Round 6 auto-updated to completed (duration expired)
Checking round 7 - Current status: pending
Round 7 remains pending - 2 minutes until start
Checking drive 3 (Charusat Google Drive 2026-27) - Current status: in_progress
  Drive time (UTC): 2026-08-13 12:36:00+00:00
  Drive time (IST): 2026-08-13 18:06:00+05:30
  Current time (IST): 2026-08-13 18:10:03.260691+05:30
  Should be published: True
Drive 3 remains in_progress - 1 rounds not completed
  Round 2: pending
Drive 3 status unchanged: in_progress
Checking round 7 - Current status: pending
Round 7 remains pending - 2 minutes until start
Middleware triggered by request: /candidate/get-drive-details/3/
============================================================
Starting AutoStatusService.update_all()
Current time (UTC): 2026-08-13 12:40:05.328571+00:00
Current time (IST): 2026-08-13 18:10:05.330449+05:30
============================================================
Updating rounds...
Checking round 7 - Current status: pending
Round 7 remains pending - 2 minutes until start
Updating drives...
Checking drive 3 (Charusat Google Drive 2026-27) - Current status: in_progress
  Drive time (UTC): 2026-08-13 12:36:00+00:00
  Drive time (IST): 2026-08-13 18:06:00+05:30
  Current time (IST): 2026-08-13 18:10:05.439741+05:30
  Should be published: True
Drive 3 remains in_progress - 1 rounds not completed
  Round 2: pending
Drive 3 status unchanged: in_progress
Update complete - Drives: [], Rounds: []
============================================================
Middleware triggered by request: /candidate/get-drive-details/3/
============================================================
Starting AutoStatusService.update_all()
Current time (UTC): 2026-08-13 12:40:05.526553+00:00
Current time (IST): 2026-08-13 18:10:05.527175+05:30
============================================================
Updating rounds...
Checking round 7 - Current status: pending
Round 7 remains pending - 2 minutes until start
Updating drives...
Checking drive 3 (Charusat Google Drive 2026-27) - Current status: in_progress
  Drive time (UTC): 2026-08-13 12:36:00+00:00
  Drive time (IST): 2026-08-13 18:06:00+05:30
  Current time (IST): 2026-08-13 18:10:05.616883+05:30
  Should be published: True
Drive 3 remains in_progress - 1 rounds not completed
  Round 2: pending
Drive 3 status unchanged: in_progress
Update complete - Drives: [], Rounds: []
============================================================
Checking drive 3 (Charusat Google Drive 2026-27) - Current status: in_progress
  Drive time (UTC): 2026-08-13 12:36:00+00:00
  Drive time (IST): 2026-08-13 18:06:00+05:30
  Current time (IST): 2026-08-13 18:12:01.708824+05:30
  Should be published: True
Drive 3 remains in_progress - 1 rounds not completed
  Round 2: pending
Drive 3 status unchanged: in_progress
Checking round 7 - Current status: pending
Round 7 auto-updated to active
Checking drive 3 (Charusat Google Drive 2026-27) - Current status: in_progress
  Drive time (UTC): 2026-08-13 12:36:00+00:00
  Drive time (IST): 2026-08-13 18:06:00+05:30
  Current time (IST): 2026-08-13 18:12:01.965871+05:30
  Should be published: True
Drive 3 remains in_progress - 1 rounds not completed
  Round 2: active
Drive 3 status unchanged: in_progress
Checking round 7 - Current status: active
Round 7 remains active - 3.0 minutes remaining
Checking drive 3 (Charusat Google Drive 2026-27) - Current status: in_progress
  Drive time (UTC): 2026-08-13 12:36:00+00:00
  Drive time (IST): 2026-08-13 18:06:00+05:30
  Current time (IST): 2026-08-13 18:36:22.522287+05:30
  Should be published: True
Drive 3 remains in_progress - 1 rounds not completed
  Round 2: active
Drive 3 status unchanged: in_progress
Checking round 7 - Current status: active
Round 7 auto-updated to completed (duration expired)
Checking drive 3 (Charusat Google Drive 2026-27) - Current status: in_progress
  Drive time (UTC): 2026-08-13 12:36:00+00:00
  Drive time (IST): 2026-08-13 18:06:00+05:30
  Current time (IST): 2026-08-13 18:36:22.622943+05:30
  Should be published: True
Drive 3 auto-updated to completed (all 2 rounds completed)
Drive 3 saved with new status: completed
Middleware triggered by request: /candidate/get-drive-details/3/
============================================================
Starting AutoStatusService.update_all()
Current time (UTC): 2026-08-13 13:06:22.699128+00:00
Current time (IST): 2026-08-13 18:36:22.699442+05:30
============================================================
Updating rounds...
Updating drives...
Update complete - Drives: [], Rounds: []
============================================================
Middleware triggered by request: /candidate/get-available-drives/
============================================================
Starting AutoStatusService.update_all()
Current time (UTC): 2026-08-13 13:06:23.039387+00:00
Current time (IST): 2026-08-13 18:36:23.039608+05:30
============================================================
Updating rounds...
Middleware triggered by request: /candidate/get-drive-details/3/
============================================================
Starting AutoStatusService.update_all()
Current time (UTC): 2026-08-13 13:06:23.052817+00:00
Current time (IST): 2026-08-13 18:36:23.053052+05:30
============================================================
Updating rounds...
Updating drives...
Update complete - Drives: [], Rounds: []
============================================================
Updating drives...
============================================================
Starting AutoStatusService.update_all()
Current time (UTC): 2026-08-13 13:06:23.131296+00:00
Current time (IST): 2026-08-13 18:36:23.131565+05:30
============================================================
Updating rounds...
Update complete - Drives: [], Rounds: []
============================================================
Updating drives...
Update complete - Drives: [], Rounds: []
============================================================
Middleware triggered by request: /candidate/get-available-drives/
============================================================
Starting AutoStatusService.update_all()
Current time (UTC): 2026-08-13 13:06:23.147103+00:00
Current time (IST): 2026-08-13 18:36:23.147386+05:30
============================================================
Updating rounds...
Updating drives...
Update complete - Drives: [], Rounds: []
============================================================
============================================================
Starting AutoStatusService.update_all()
Current time (UTC): 2026-08-13 13:06:23.225346+00:00
Current time (IST): 2026-08-13 18:36:23.225552+05:30
============================================================
Updating rounds...
Updating drives...
Update complete - Drives: [], Rounds: []
============================================================
Middleware triggered by request: /candidate/get-available-drives/
============================================================
Starting AutoStatusService.update_all()
Current time: 2026-08-13 13:24:12.276916+00:00
============================================================
Updating rounds...
Updating drives...
Update complete - Drives: [], Rounds: []
============================================================
============================================================
Starting AutoStatusService.update_all()
Current time: 2026-08-13 13:24:12.331023+00:00
============================================================
Updating rounds...
Updating drives...
Update complete - Drives: [], Rounds: []
============================================================
Middleware triggered by request: /candidate/get-available-drives/
============================================================
Starting AutoStatusService.update_all()
Current time: 2026-08-13 13:24:12.340912+00:00
============================================================
Updating rounds...
Updating drives...
Update complete - Drives: [], Rounds: []
============================================================
============================================================
Starting AutoStatusService.update_all()
Current time: 2026-08-13 13:24:12.395306+00:00
============================================================
Updating rounds...
Updating drives...
Update complete - Drives: [], Rounds: []
============================================================
Middleware triggered by request: /candidate/get-available-drives/
============================================================
Starting AutoStatusService.update_all()
Current time: 2026-08-13 13:24:12.404210+00:00
============================================================
Updating rounds...
Updating drives...
Update complete - Drives: [], Rounds: []
============================================================
============================================================
Starting AutoStatusService.update_all()
Current time: 2026-08-13 13:24:12.465021+00:00
============================================================
Updating rounds...
Updating drives...
Update complete - Drives: [], Rounds: []
============================================================
Middleware triggered by request: /candidate/get-available-drives/
============================================================
Starting AutoStatusService.update_all()
Current time: 2026-08-13 13:24:12.472000+00:00
============================================================
Updating rounds...
Updating drives...
Update complete - Drives: [], Rounds: []
============================================================
============================================================
Starting AutoStatusService.update_all()
Current time: 2026-08-13 13:24:12.525761+00:00
============================================================
Updating rounds...
Updating drives...
Update complete - Drives: [], Rounds: []
============================================================
Middleware triggered by request: /candidate/get-drive-details/1/
============================================================
Starting AutoStatusService.update_all()
Current time: 2026-08-13 13:24:15.777215+00:00
============================================================
Updating rounds...
Updating drives...
Update complete - Drives: [], Rounds: []
============================================================
Middleware triggered by request: /candidate/get-drive-details/1/
============================================================
Starting AutoStatusService.update_all()
Current time: 2026-08-13 13:24:15.948293+00:00
============================================================
Updating rounds...
Middleware triggered by request: /candidate/get-available-drives/
============================================================
Starting AutoStatusService.update_all()
Current time: 2026-08-13 13:24:15.993454+00:00
============================================================
Updating rounds...
Updating drives...
Update complete - Drives: [], Rounds: []
============================================================
Updating drives...
Update complete - Drives: [], Rounds: []
============================================================
============================================================
Starting AutoStatusService.update_all()
Current time: 2026-08-13 13:24:16.091027+00:00
============================================================
Updating rounds...
Updating drives...
Update complete - Drives: [], Rounds: []
============================================================
Middleware triggered by request: /candidate/get-available-drives/
============================================================
Starting AutoStatusService.update_all()
Current time: 2026-08-13 13:24:16.124790+00:00
============================================================
Updating rounds...
Updating drives...
Update complete - Drives: [], Rounds: []
============================================================
============================================================
Starting AutoStatusService.update_all()
Current time: 2026-08-13 13:24:16.245072+00:00
============================================================
Updating rounds...
Updating drives...
Update complete - Drives: [], Rounds: []
============================================================
Middleware triggered by request: /candidate/get-drive-details/1/
============================================================
Starting AutoStatusService.update_all()
Current time: 2026-08-13 13:24:18.778426+00:00
============================================================
Updating rounds...
Updating drives...
Update complete - Drives: [], Rounds: []
============================================================
Middleware triggered by request: /candidate/get-drive-details/1/
============================================================
Starting AutoStatusService.update_all()
Current time: 2026-08-13 13:24:18.909374+00:00
============================================================
Updating rounds...
Middleware triggered by request: /candidate/get-available-drives/
============================================================
Starting AutoStatusService.update_all()
Current time: 2026-08-13 13:24:18.965520+00:00
============================================================
Updating rounds...
Updating drives...
Update complete - Drives: [], Rounds: []
============================================================
Updating drives...
Update complete - Drives: [], Rounds: []
============================================================
============================================================
Starting AutoStatusService.update_all()
Current time: 2026-08-13 13:24:19.063104+00:00
============================================================
Updating rounds...
Updating drives...
Update complete - Drives: [], Rounds: []
============================================================
Middleware triggered by request: /candidate/get-available-drives/
============================================================
Starting AutoStatusService.update_all()
Current time: 2026-08-13 13:24:19.096528+00:00
============================================================
Updating rounds...
Updating drives...
Update complete - Drives: [], Rounds: []
============================================================
============================================================
Starting AutoStatusService.update_all()
Current time: 2026-08-13 13:24:19.210406+00:00
============================================================
Updating rounds...
Updating drives...
Update complete - Drives: [], Rounds: []
============================================================
Middleware triggered by request: /candidate/get-available-drives/
============================================================
Starting AutoStatusService.update_all()
Current time: 2026-08-13 13:24:24.602576+00:00
============================================================
Updating rounds...
Updating drives...
Update complete - Drives: [], Rounds: []
============================================================
============================================================
Starting AutoStatusService.update_all()
Current time: 2026-08-13 13:24:24.671110+00:00
============================================================
Updating rounds...
Updating drives...
Update complete - Drives: [], Rounds: []
============================================================
Middleware triggered by request: /candidate/get-available-drives/
============================================================
Starting AutoStatusService.update_all()
Current time: 2026-08-13 13:24:24.685113+00:00
============================================================
Updating rounds...
Updating drives...
Update complete - Drives: [], Rounds: []
============================================================
============================================================
Starting AutoStatusService.update_all()
Current time: 2026-08-13 13:24:24.760191+00:00
============================================================
Updating rounds...
Updating drives...
Update complete - Drives: [], Rounds: []
============================================================
Middleware triggered by request: /candidate/get-available-drives/
============================================================
Starting AutoStatusService.update_all()
Current time: 2026-08-13 13:24:24.774163+00:00
============================================================
Updating rounds...
Updating drives...
Update complete - Drives: [], Rounds: []
============================================================
============================================================
Starting AutoStatusService.update_all()
Current time: 2026-08-13 13:24:24.857112+00:00
============================================================
Updating rounds...
Updating drives...
Update complete - Drives: [], Rounds: []
============================================================
Middleware triggered by request: /candidate/get-available-drives/
============================================================
Starting AutoStatusService.update_all()
Current time: 2026-08-13 13:24:24.880537+00:00
============================================================
Updating rounds...
Updating drives...
Update complete - Drives: [], Rounds: []
============================================================
============================================================
Starting AutoStatusService.update_all()
Current time: 2026-08-13 13:24:24.967428+00:00
============================================================
Updating rounds...
Updating drives...
Update complete - Drives: [], Rounds: []
============================================================
Middleware triggered by request: /candidate/get-drive-details/1/
============================================================
Starting AutoStatusService.update_all()
Current time: 2026-08-13 13:24:25.980340+00:00
============================================================
Updating rounds...
Updating drives...
Update complete - Drives: [], Rounds: []
============================================================
Middleware triggered by request: /candidate/get-drive-details/1/
============================================================
Starting AutoStatusService.update_all()
Current time: 2026-08-13 13:24:26.132494+00:00
============================================================
Updating rounds...
Middleware triggered by request: /candidate/get-available-drives/
============================================================
Starting AutoStatusService.update_all()
Current time: 2026-08-13 13:24:26.189130+00:00
============================================================
Updating rounds...
Updating drives...
Update complete - Drives: [], Rounds: []
============================================================
============================================================
Starting AutoStatusService.update_all()
Current time: 2026-08-13 13:24:26.267645+00:00
============================================================
Updating rounds...
Updating drives...
Update complete - Drives: [], Rounds: []
============================================================
Middleware triggered by request: /candidate/get-available-drives/
============================================================
Starting AutoStatusService.update_all()
Current time: 2026-08-13 13:24:26.282237+00:00
============================================================
Updating rounds...
Updating drives...
Update complete - Drives: [], Rounds: []
============================================================
Updating drives...
Update complete - Drives: [], Rounds: []
============================================================
============================================================
Starting AutoStatusService.update_all()
Current time: 2026-08-13 13:24:26.404929+00:00
============================================================
Updating rounds...
Updating drives...
Update complete - Drives: [], Rounds: []
============================================================
Middleware triggered by request: /candidate/get-drive-details/3/
============================================================
Starting AutoStatusService.update_all()
Current time: 2026-08-13 13:24:35.463802+00:00
============================================================
Updating rounds...
Updating drives...
Update complete - Drives: [], Rounds: []
============================================================
Middleware triggered by request: /candidate/get-drive-details/3/
============================================================
Starting AutoStatusService.update_all()
Current time: 2026-08-13 13:24:35.594279+00:00
============================================================
Updating rounds...
Middleware triggered by request: /candidate/get-available-drives/
============================================================
Starting AutoStatusService.update_all()
Current time: 2026-08-13 13:24:35.632052+00:00
============================================================
Updating rounds...
Updating drives...
Update complete - Drives: [], Rounds: []
============================================================
============================================================
Starting AutoStatusService.update_all()
Current time: 2026-08-13 13:24:35.707234+00:00
============================================================
Updating rounds...
Updating drives...
Update complete - Drives: [], Rounds: []
============================================================
Middleware triggered by request: /candidate/get-available-drives/
============================================================
Starting AutoStatusService.update_all()
Current time: 2026-08-13 13:24:35.731916+00:00
============================================================
Updating rounds...
Updating drives...
Update complete - Drives: [], Rounds: []
============================================================
Updating drives...
Update complete - Drives: [], Rounds: []
============================================================
============================================================
Starting AutoStatusService.update_all()
Current time: 2026-08-13 13:24:35.853047+00:00
============================================================
Updating rounds...
Updating drives...
Update complete - Drives: [], Rounds: []
============================================================
Middleware triggered by request: /candidate/get-available-drives/
============================================================
Starting AutoStatusService.update_all()
Current time: 2026-08-13 13:24:38.584756+00:00
============================================================
Updating rounds...
Updating drives...
Update complete - Drives: [], Rounds: []
============================================================
============================================================
Starting AutoStatusService.update_all()
Current time: 2026-08-13 13:24:38.651884+00:00
============================================================
Updating rounds...
Updating drives...
Update complete - Drives: [], Rounds: []
============================================================
Middleware triggered by request: /candidate/get-available-drives/
============================================================
Starting AutoStatusService.update_all()
Current time: 2026-08-13 13:24:38.664972+00:00
============================================================
Updating rounds...
Updating drives...
Update complete - Drives: [], Rounds: []
============================================================
============================================================
Starting AutoStatusService.update_all()
Current time: 2026-08-13 13:24:38.747838+00:00
============================================================
Updating rounds...
Updating drives...
Update complete - Drives: [], Rounds: []
============================================================
Middleware triggered by request: /candidate/get-available-drives/
============================================================
Starting AutoStatusService.update_all()
Current time: 2026-08-13 13:24:38.762318+00:00
============================================================
Updating rounds...
Updating drives...
Update complete - Drives: [], Rounds: []
============================================================
============================================================
Starting AutoStatusService.update_all()
Current time: 2026-08-13 13:24:38.826768+00:00
============================================================
Updating rounds...
Updating drives...
Update complete - Drives: [], Rounds: []
============================================================
Middleware triggered by request: /candidate/get-available-drives/
============================================================
Starting AutoStatusService.update_all()
Current time: 2026-08-13 13:24:38.844542+00:00
============================================================
Updating rounds...
Updating drives...
Update complete - Drives: [], Rounds: []
============================================================
============================================================
Starting AutoStatusService.update_all()
Current time: 2026-08-13 13:24:38.939407+00:00
============================================================
Updating rounds...
Updating drives...
Update complete - Drives: [], Rounds: []
============================================================
Middleware triggered by request: /candidate/get-drive-details/3/
============================================================
Starting AutoStatusService.update_all()
Current time: 2026-08-13 13:24:39.762772+00:00
============================================================
Updating rounds...
Updating drives...
Update complete - Drives: [], Rounds: []
============================================================
Middleware triggered by request: /candidate/get-drive-details/3/
============================================================
Starting AutoStatusService.update_all()
Current time: 2026-08-13 13:24:39.886535+00:00
============================================================
Updating rounds...
Updating drives...
Middleware triggered by request: /candidate/get-available-drives/
============================================================
Starting AutoStatusService.update_all()
Current time: 2026-08-13 13:24:39.942421+00:00
============================================================
Updating rounds...
Update complete - Drives: [], Rounds: []
============================================================
Updating drives...
Update complete - Drives: [], Rounds: []
============================================================
============================================================
Starting AutoStatusService.update_all()
Current time: 2026-08-13 13:24:40.031803+00:00
============================================================
Updating rounds...
Updating drives...
Update complete - Drives: [], Rounds: []
============================================================
Middleware triggered by request: /candidate/get-available-drives/
============================================================
Starting AutoStatusService.update_all()
Current time: 2026-08-13 13:24:40.044227+00:00
============================================================
Updating rounds...
Updating drives...
Update complete - Drives: [], Rounds: []
============================================================
============================================================
Starting AutoStatusService.update_all()
Current time: 2026-08-13 13:24:40.111794+00:00
============================================================
Updating rounds...
Updating drives...
Update complete - Drives: [], Rounds: []
============================================================
Middleware triggered by request: /candidate/get-drive-details/3/
============================================================
Starting AutoStatusService.update_all()
Current time: 2026-08-13 13:25:00.887616+00:00
============================================================
Updating rounds...
Updating drives...
Update complete - Drives: [], Rounds: []
============================================================
============================================================
Starting AutoStatusService.update_all()
Current time: 2026-08-13 13:25:28.565414+00:00
============================================================
Updating rounds...
Updating drives...
Update complete - Drives: [], Rounds: []
============================================================
============================================================
Starting AutoStatusService.update_all()
Current time: 2026-08-13 13:25:28.677657+00:00
============================================================
Updating rounds...
Updating drives...
Update complete - Drives: [], Rounds: []
============================================================
============================================================
Starting AutoStatusService.update_all()
Current time: 2026-08-13 13:25:30.274938+00:00
============================================================
Updating rounds...
Updating drives...
Update complete - Drives: [], Rounds: []
============================================================
============================================================
Starting AutoStatusService.update_all()
Current time: 2026-08-13 13:25:30.371920+00:00
============================================================
Updating rounds...
Updating drives...
Update complete - Drives: [], Rounds: []
============================================================
Drive 1 is completed, skipping
Drive 1 is completed, skipping
============================================================
Starting AutoStatusService.update_all()
Current time: 2026-08-13 13:25:38.613682+00:00
============================================================
Updating rounds...
Updating drives...
Update complete - Drives: [], Rounds: []
============================================================
============================================================
Starting AutoStatusService.update_all()
Current time: 2026-08-13 13:25:38.725949+00:00
============================================================
Updating rounds...
Updating drives...
Update complete - Drives: [], Rounds: []
============================================================
Middleware triggered by request: /candidate/get-available-drives/
============================================================
Starting AutoStatusService.update_all()
Current time: 2026-08-13 13:27:14.844602+00:00
============================================================
Updating rounds...
Updating drives...
Update complete - Drives: [], Rounds: []
============================================================
============================================================
Starting AutoStatusService.update_all()
Current time: 2026-08-13 13:27:14.927150+00:00
============================================================
Updating rounds...
Updating drives...
Update complete - Drives: [], Rounds: []
============================================================
Middleware triggered by request: /candidate/get-available-drives/
============================================================
Starting AutoStatusService.update_all()
Current time: 2026-08-13 13:27:14.950245+00:00
============================================================
Updating rounds...
Updating drives...
Update complete - Drives: [], Rounds: []
============================================================
============================================================
Starting AutoStatusService.update_all()
Current time: 2026-08-13 13:27:15.015893+00:00
============================================================
Updating rounds...
Updating drives...
Update complete - Drives: [], Rounds: []
============================================================
Middleware triggered by request: /candidate/get-available-drives/
============================================================
Starting AutoStatusService.update_all()
Current time: 2026-08-13 13:27:15.038614+00:00
============================================================
Updating rounds...
Updating drives...
Update complete - Drives: [], Rounds: []
============================================================
============================================================
Starting AutoStatusService.update_all()
Current time: 2026-08-13 13:27:15.117319+00:00
============================================================
Updating rounds...
Updating drives...
Update complete - Drives: [], Rounds: []
============================================================
Middleware triggered by request: /candidate/get-available-drives/
============================================================
Starting AutoStatusService.update_all()
Current time: 2026-08-13 13:27:15.138068+00:00
============================================================
Updating rounds...
Updating drives...
Update complete - Drives: [], Rounds: []
============================================================
============================================================
Starting AutoStatusService.update_all()
Current time: 2026-08-13 13:27:15.208612+00:00
============================================================
Updating rounds...
Updating drives...
Update complete - Drives: [], Rounds: []
============================================================
Middleware triggered by request: /candidate/get-drive-details/3/
============================================================
Starting AutoStatusService.update_all()
Current time: 2026-08-13 13:27:16.837416+00:00
============================================================
Updating rounds...
Updating drives...
Update complete - Drives: [], Rounds: []
============================================================
Middleware triggered by request: /candidate/get-drive-details/3/
============================================================
Starting AutoStatusService.update_all()
Current time: 2026-08-13 13:27:16.931716+00:00
============================================================
Updating rounds...
Updating drives...
Update complete - Drives: [], Rounds: []
============================================================
Middleware triggered by request: /candidate/get-available-drives/
============================================================
Starting AutoStatusService.update_all()
Current time: 2026-08-13 13:27:21.473311+00:00
============================================================
Updating rounds...
Updating drives...
Update complete - Drives: [], Rounds: []
============================================================
============================================================
Starting AutoStatusService.update_all()
Current time: 2026-08-13 13:27:21.544402+00:00
============================================================
Updating rounds...
Updating drives...
Update complete - Drives: [], Rounds: []
============================================================
Middleware triggered by request: /candidate/get-available-drives/
============================================================
Starting AutoStatusService.update_all()
Current time: 2026-08-13 13:27:21.560347+00:00
============================================================
Updating rounds...
Updating drives...
Update complete - Drives: [], Rounds: []
============================================================
============================================================
Starting AutoStatusService.update_all()
Current time: 2026-08-13 13:27:21.637630+00:00
============================================================
Updating rounds...
Updating drives...
Update complete - Drives: [], Rounds: []
============================================================
Middleware triggered by request: /candidate/get-drive-details/3/
============================================================
Starting AutoStatusService.update_all()
Current time: 2026-08-13 13:27:22.411532+00:00
============================================================
Updating rounds...
Updating drives...
Update complete - Drives: [], Rounds: []
============================================================
Middleware triggered by request: /candidate/get-drive-details/3/
============================================================
Starting AutoStatusService.update_all()
Current time: 2026-08-13 13:27:22.528341+00:00
============================================================
Updating rounds...
Updating drives...
Update complete - Drives: [], Rounds: []
============================================================
Middleware triggered by request: /candidate/get-available-drives/
============================================================
Starting AutoStatusService.update_all()
Current time: 2026-08-13 13:27:23.577541+00:00
============================================================
Updating rounds...
Updating drives...
Update complete - Drives: [], Rounds: []
============================================================
============================================================
Starting AutoStatusService.update_all()
Current time: 2026-08-13 13:27:23.643394+00:00
============================================================
Updating rounds...
Updating drives...
Update complete - Drives: [], Rounds: []
============================================================
Middleware triggered by request: /candidate/get-available-drives/
============================================================
Starting AutoStatusService.update_all()
Current time: 2026-08-13 13:27:23.663533+00:00
============================================================
Updating rounds...
Updating drives...
Update complete - Drives: [], Rounds: []
============================================================
============================================================
Starting AutoStatusService.update_all()
Current time: 2026-08-13 13:27:23.852022+00:00
============================================================
Updating rounds...
Updating drives...
Update complete - Drives: [], Rounds: []
============================================================
============================================================
Starting AutoStatusService.update_all()
Current time: 2026-08-13 13:27:26.946013+00:00
============================================================
Updating rounds...
Updating drives...
Update complete - Drives: [], Rounds: []
============================================================
============================================================
Starting AutoStatusService.update_all()
Current time: 2026-08-13 13:27:27.081074+00:00
============================================================
Updating rounds...
Updating drives...
Update complete - Drives: [], Rounds: []
============================================================
Drive 1 is completed, skipping
Drive 1 is completed, skipping
============================================================
Starting AutoStatusService.update_all()
Current time: 2026-08-13 13:29:09.893209+00:00
============================================================
Updating rounds...
Updating drives...
Update complete - Drives: [], Rounds: []
============================================================
============================================================
Starting AutoStatusService.update_all()
Current time: 2026-08-13 13:29:10.135914+00:00
============================================================
Updating rounds...
Updating drives...
Update complete - Drives: [], Rounds: []
============================================================
Drive 2 is completed, skipping
Drive 2 is completed, skipping
============================================================
Starting AutoStatusService.update_all()
Current time: 2026-08-13 13:29:16.365452+00:00
============================================================
Updating rounds...
Updating drives...
Update complete - Drives: [], Rounds: []
============================================================
============================================================
Starting AutoStatusService.update_all()
Current time: 2026-08-13 13:29:16.458317+00:00
============================================================
Updating rounds...
Updating drives...
Update complete - Drives: [], Rounds: []
============================================================
Drive 1 is completed, skipping
Drive 1 is completed, skipping
============================================================
Starting AutoStatusService.update_all()
Current time: 2026-08-13 13:29:40.515197+00:00
============================================================
Updating rounds...
Updating drives...
Update complete - Drives: [], Rounds: []
============================================================
============================================================
Starting AutoStatusService.update_all()
Current time: 2026-08-13 13:29:40.624266+00:00
============================================================
Updating rounds...
Updating drives...
Update complete - Drives: [], Rounds: []
============================================================
============================================================
Starting AutoStatusService.update_all()
Current time: 2026-08-13 13:29:42.156023+00:00
============================================================
Updating rounds...
Updating drives...
Update complete - Drives: [], Rounds: []
============================================================
============================================================
Starting AutoStatusService.update_all()
Current time: 2026-08-13 13:29:42.280267+00:00
============================================================
Updating rounds...
Updating drives...
Update complete - Drives: [], Rounds: []
============================================================
============================================================
Starting AutoStatusService.update_all()
Current time: 2026-08-13 13:30:57.407856+00:00
============================================================
Updating rounds...
Updating drives...
Checking drive 4 (VNSGU IBM Drive 2026-27) - Current status: draft
Update complete - Drives: [], Rounds: []
============================================================
============================================================
Starting AutoStatusService.update_all()
Current time: 2026-08-13 13:30:57.524353+00:00
============================================================
Updating rounds...
Updating drives...
Checking drive 4 (VNSGU IBM Drive 2026-27) - Current status: draft
Update complete - Drives: [], Rounds: []
============================================================
Checking drive 4 (VNSGU IBM Drive 2026-27) - Current status: draft
Checking drive 4 (VNSGU IBM Drive 2026-27) - Current status: draft
Checking drive 4 (VNSGU IBM Drive 2026-27) - Current status: draft
Checking drive 4 (VNSGU IBM Drive 2026-27) - Current status: draft
Checking drive 4 (VNSGU IBM Drive 2026-27) - Current status: draft
Checking round 8 - Current status: pending
  Round Start: 2026-08-13 13:37:00+00:00
  Round Duration: 10 mins
  Test Duration: 5 mins
Round 8 remains pending - 6 minutes until start
Checking drive 4 (VNSGU IBM Drive 2026-27) - Current status: draft
Checking round 8 - Current status: pending
  Round Start: 2026-08-13 13:37:00+00:00
  Round Duration: 10 mins
  Test Duration: 5 mins
Round 8 remains pending - 6 minutes until start
Checking drive 4 (VNSGU IBM Drive 2026-27) - Current status: draft
Checking round 8 - Current status: pending
  Round Start: 2026-08-13 13:37:00+00:00
  Round Duration: 10 mins
  Test Duration: 5 mins
Round 8 remains pending - 6 minutes until start
Checking drive 4 (VNSGU IBM Drive 2026-27) - Current status: draft
Checking round 8 - Current status: pending
  Round Start: 2026-08-13 13:37:00+00:00
  Round Duration: 10 mins
  Test Duration: 5 mins
Round 8 remains pending - 6 minutes until start
Checking drive 4 (VNSGU IBM Drive 2026-27) - Current status: draft
Checking round 8 - Current status: pending
  Round Start: 2026-08-13 13:37:00+00:00
  Round Duration: 10 mins
  Test Duration: 5 mins
Round 8 remains pending - 5 minutes until start
Checking round 9 - Current status: pending
  Round Start: 2026-08-13 13:50:00+00:00
  Round Duration: 10 mins
  Test Duration: 5 mins
Round 9 remains pending - 18 minutes until start
Checking drive 4 (VNSGU IBM Drive 2026-27) - Current status: draft
Checking round 8 - Current status: pending
  Round Start: 2026-08-13 13:37:00+00:00
  Round Duration: 10 mins
  Test Duration: 5 mins
Round 8 remains pending - 5 minutes until start
Checking round 9 - Current status: pending
  Round Start: 2026-08-13 13:50:00+00:00
  Round Duration: 10 mins
  Test Duration: 5 mins
Round 9 remains pending - 18 minutes until start
Checking drive 4 (VNSGU IBM Drive 2026-27) - Current status: draft
Checking round 8 - Current status: pending
  Round Start: 2026-08-13 13:37:00+00:00
  Round Duration: 10 mins
  Test Duration: 5 mins
Round 8 remains pending - 5 minutes until start
Checking round 9 - Current status: pending
  Round Start: 2026-08-13 13:50:00+00:00
  Round Duration: 10 mins
  Test Duration: 5 mins
Round 9 remains pending - 18 minutes until start
Checking drive 4 (VNSGU IBM Drive 2026-27) - Current status: draft
Checking round 8 - Current status: pending
  Round Start: 2026-08-13 13:37:00+00:00
  Round Duration: 10 mins
  Test Duration: 5 mins
Round 8 remains pending - 5 minutes until start
Checking round 9 - Current status: pending
  Round Start: 2026-08-13 13:50:00+00:00
  Round Duration: 10 mins
  Test Duration: 5 mins
Round 9 remains pending - 18 minutes until start
Checking drive 4 (VNSGU IBM Drive 2026-27) - Current status: draft
Checking round 8 - Current status: pending
  Round Start: 2026-08-13 13:37:00+00:00
  Round Duration: 10 mins
  Test Duration: 5 mins
Round 8 remains pending - 5 minutes until start
Checking round 9 - Current status: pending
  Round Start: 2026-08-13 13:50:00+00:00
  Round Duration: 10 mins
  Test Duration: 5 mins
Round 9 remains pending - 18 minutes until start
Checking drive 4 (VNSGU IBM Drive 2026-27) - Current status: draft
Checking round 8 - Current status: pending
  Round Start: 2026-08-13 13:37:00+00:00
  Round Duration: 10 mins
  Test Duration: 5 mins
Round 8 remains pending - 5 minutes until start
Checking round 9 - Current status: pending
  Round Start: 2026-08-13 13:50:00+00:00
  Round Duration: 10 mins
  Test Duration: 5 mins
Round 9 remains pending - 18 minutes until start
============================================================
Starting AutoStatusService.update_all()
Current time: 2026-08-13 13:31:56.845840+00:00
============================================================
Updating rounds...
Checking round 8 - Current status: pending
  Round Start: 2026-08-13 13:37:00+00:00
  Round Duration: 10 mins
  Test Duration: 5 mins
Round 8 remains pending - 5 minutes until start
Checking round 9 - Current status: pending
  Round Start: 2026-08-13 13:50:00+00:00
  Round Duration: 10 mins
  Test Duration: 5 mins
Round 9 remains pending - 18 minutes until start
Updating drives...
Checking drive 4 (VNSGU IBM Drive 2026-27) - Current status: draft
Update complete - Drives: [], Rounds: []
============================================================
============================================================
Starting AutoStatusService.update_all()
Current time: 2026-08-13 13:31:56.957197+00:00
============================================================
Updating rounds...
Checking round 8 - Current status: pending
  Round Start: 2026-08-13 13:37:00+00:00
  Round Duration: 10 mins
  Test Duration: 5 mins
Round 8 remains pending - 5 minutes until start
Checking round 9 - Current status: pending
  Round Start: 2026-08-13 13:50:00+00:00
  Round Duration: 10 mins
  Test Duration: 5 mins
Round 9 remains pending - 18 minutes until start
Updating drives...
Checking drive 4 (VNSGU IBM Drive 2026-27) - Current status: draft
Update complete - Drives: [], Rounds: []
============================================================
Checking drive 4 (VNSGU IBM Drive 2026-27) - Current status: draft
Checking round 8 - Current status: pending
  Round Start: 2026-08-13 13:37:00+00:00
  Round Duration: 10 mins
  Test Duration: 5 mins
Round 8 remains pending - 5 minutes until start
Checking round 9 - Current status: pending
  Round Start: 2026-08-13 13:50:00+00:00
  Round Duration: 10 mins
  Test Duration: 5 mins
Round 9 remains pending - 18 minutes until start
Checking drive 4 (VNSGU IBM Drive 2026-27) - Current status: draft
Checking round 8 - Current status: pending
  Round Start: 2026-08-13 13:37:00+00:00
  Round Duration: 10 mins
  Test Duration: 5 mins
Round 8 remains pending - 5 minutes until start
Checking round 9 - Current status: pending
  Round Start: 2026-08-13 13:50:00+00:00
  Round Duration: 10 mins
  Test Duration: 5 mins
Round 9 remains pending - 18 minutes until start
============================================================
Starting AutoStatusService.update_all()
Current time: 2026-08-13 13:33:25.558207+00:00
============================================================
Updating rounds...
Checking round 8 - Current status: pending
  Round Start: 2026-08-13 13:37:00+00:00
  Round Duration: 10 mins
  Test Duration: 5 mins
Round 8 remains pending - 4 minutes until start
Checking round 9 - Current status: pending
  Round Start: 2026-08-13 13:50:00+00:00
  Round Duration: 10 mins
  Test Duration: 5 mins
Round 9 remains pending - 17 minutes until start
Updating drives...
Checking drive 4 (VNSGU IBM Drive 2026-27) - Current status: draft
Update complete - Drives: [], Rounds: []
============================================================
============================================================
Starting AutoStatusService.update_all()
Current time: 2026-08-13 13:33:25.682390+00:00
============================================================
Updating rounds...
Checking round 8 - Current status: pending
  Round Start: 2026-08-13 13:37:00+00:00
  Round Duration: 10 mins
  Test Duration: 5 mins
Round 8 remains pending - 4 minutes until start
Checking round 9 - Current status: pending
  Round Start: 2026-08-13 13:50:00+00:00
  Round Duration: 10 mins
  Test Duration: 5 mins
Round 9 remains pending - 17 minutes until start
Updating drives...
Checking drive 4 (VNSGU IBM Drive 2026-27) - Current status: draft
Update complete - Drives: [], Rounds: []
============================================================
Middleware triggered by request: /candidate/get-available-drives/
============================================================
Starting AutoStatusService.update_all()
Current time: 2026-08-13 13:33:53.811747+00:00
============================================================
Updating rounds...
Checking round 8 - Current status: pending
  Round Start: 2026-08-13 13:37:00+00:00
  Round Duration: 10 mins
  Test Duration: 5 mins
Round 8 remains pending - 3 minutes until start
Checking round 9 - Current status: pending
  Round Start: 2026-08-13 13:50:00+00:00
  Round Duration: 10 mins
  Test Duration: 5 mins
Round 9 remains pending - 16 minutes until start
Updating drives...
Checking drive 4 (VNSGU IBM Drive 2026-27) - Current status: draft
Update complete - Drives: [], Rounds: []
============================================================
============================================================
Starting AutoStatusService.update_all()
Current time: 2026-08-13 13:33:53.878069+00:00
============================================================
Updating rounds...
Checking round 8 - Current status: pending
  Round Start: 2026-08-13 13:37:00+00:00
  Round Duration: 10 mins
  Test Duration: 5 mins
Round 8 remains pending - 3 minutes until start
Checking round 9 - Current status: pending
  Round Start: 2026-08-13 13:50:00+00:00
  Round Duration: 10 mins
  Test Duration: 5 mins
Round 9 remains pending - 16 minutes until start
Updating drives...
Checking drive 4 (VNSGU IBM Drive 2026-27) - Current status: draft
Update complete - Drives: [], Rounds: []
============================================================
Middleware triggered by request: /candidate/get-available-drives/
============================================================
Starting AutoStatusService.update_all()
Current time: 2026-08-13 13:33:53.899366+00:00
============================================================
Updating rounds...
Checking round 8 - Current status: pending
  Round Start: 2026-08-13 13:37:00+00:00
  Round Duration: 10 mins
  Test Duration: 5 mins
Round 8 remains pending - 3 minutes until start
Checking round 9 - Current status: pending
  Round Start: 2026-08-13 13:50:00+00:00
  Round Duration: 10 mins
  Test Duration: 5 mins
Round 9 remains pending - 16 minutes until start
Updating drives...
Checking drive 4 (VNSGU IBM Drive 2026-27) - Current status: draft
Update complete - Drives: [], Rounds: []
============================================================
============================================================
Starting AutoStatusService.update_all()
Current time: 2026-08-13 13:33:53.997397+00:00
============================================================
Updating rounds...
Checking round 8 - Current status: pending
  Round Start: 2026-08-13 13:37:00+00:00
  Round Duration: 10 mins
  Test Duration: 5 mins
Round 8 remains pending - 3 minutes until start
Checking round 9 - Current status: pending
  Round Start: 2026-08-13 13:50:00+00:00
  Round Duration: 10 mins
  Test Duration: 5 mins
Round 9 remains pending - 16 minutes until start
Updating drives...
Checking drive 4 (VNSGU IBM Drive 2026-27) - Current status: draft
Update complete - Drives: [], Rounds: []
============================================================
Middleware triggered by request: /candidate/get-available-drives/
============================================================
Starting AutoStatusService.update_all()
Current time: 2026-08-13 13:33:56.789522+00:00
============================================================
Updating rounds...
Checking round 8 - Current status: pending
  Round Start: 2026-08-13 13:37:00+00:00
  Round Duration: 10 mins
  Test Duration: 5 mins
Round 8 remains pending - 3 minutes until start
Checking round 9 - Current status: pending
  Round Start: 2026-08-13 13:50:00+00:00
  Round Duration: 10 mins
  Test Duration: 5 mins
Round 9 remains pending - 16 minutes until start
Updating drives...
Checking drive 4 (VNSGU IBM Drive 2026-27) - Current status: draft
Update complete - Drives: [], Rounds: []
============================================================
============================================================
Starting AutoStatusService.update_all()
Current time: 2026-08-13 13:33:56.859646+00:00
============================================================
Updating rounds...
Checking round 8 - Current status: pending
  Round Start: 2026-08-13 13:37:00+00:00
  Round Duration: 10 mins
  Test Duration: 5 mins
Round 8 remains pending - 3 minutes until start
Checking round 9 - Current status: pending
  Round Start: 2026-08-13 13:50:00+00:00
  Round Duration: 10 mins
  Test Duration: 5 mins
Round 9 remains pending - 16 minutes until start
Updating drives...
Checking drive 4 (VNSGU IBM Drive 2026-27) - Current status: draft
Update complete - Drives: [], Rounds: []
============================================================
Middleware triggered by request: /candidate/get-available-drives/
============================================================
Starting AutoStatusService.update_all()
Current time: 2026-08-13 13:33:56.887911+00:00
============================================================
Updating rounds...
Checking round 8 - Current status: pending
  Round Start: 2026-08-13 13:37:00+00:00
  Round Duration: 10 mins
  Test Duration: 5 mins
Round 8 remains pending - 3 minutes until start
Checking round 9 - Current status: pending
  Round Start: 2026-08-13 13:50:00+00:00
  Round Duration: 10 mins
  Test Duration: 5 mins
Round 9 remains pending - 16 minutes until start
Updating drives...
Checking drive 4 (VNSGU IBM Drive 2026-27) - Current status: draft
Update complete - Drives: [], Rounds: []
============================================================
============================================================
Starting AutoStatusService.update_all()
Current time: 2026-08-13 13:33:56.968873+00:00
============================================================
Updating rounds...
Checking round 8 - Current status: pending
  Round Start: 2026-08-13 13:37:00+00:00
  Round Duration: 10 mins
  Test Duration: 5 mins
Round 8 remains pending - 3 minutes until start
Checking round 9 - Current status: pending
  Round Start: 2026-08-13 13:50:00+00:00
  Round Duration: 10 mins
  Test Duration: 5 mins
Round 9 remains pending - 16 minutes until start
Updating drives...
Checking drive 4 (VNSGU IBM Drive 2026-27) - Current status: draft
Update complete - Drives: [], Rounds: []
============================================================
Middleware triggered by request: /candidate/get-drive-details/2/
============================================================
Starting AutoStatusService.update_all()
Current time: 2026-08-13 13:34:35.984405+00:00
============================================================
Updating rounds...
Checking round 8 - Current status: pending
  Round Start: 2026-08-13 13:37:00+00:00
  Round Duration: 10 mins
  Test Duration: 5 mins
Round 8 remains pending - 2 minutes until start
Checking round 9 - Current status: pending
  Round Start: 2026-08-13 13:50:00+00:00
  Round Duration: 10 mins
  Test Duration: 5 mins
Round 9 remains pending - 15 minutes until start
Updating drives...
Checking drive 4 (VNSGU IBM Drive 2026-27) - Current status: draft
Update complete - Drives: [], Rounds: []
============================================================
Middleware triggered by request: /candidate/get-drive-details/2/
============================================================
Starting AutoStatusService.update_all()
Current time: 2026-08-13 13:34:36.151638+00:00
============================================================
Updating rounds...
Checking round 8 - Current status: pending
  Round Start: 2026-08-13 13:37:00+00:00
  Round Duration: 10 mins
  Test Duration: 5 mins
Round 8 remains pending - 2 minutes until start
Checking round 9 - Current status: pending
  Round Start: 2026-08-13 13:50:00+00:00
  Round Duration: 10 mins
  Test Duration: 5 mins
Round 9 remains pending - 15 minutes until start
Updating drives...
Checking drive 4 (VNSGU IBM Drive 2026-27) - Current status: draft
Update complete - Drives: [], Rounds: []
============================================================
Middleware triggered by request: /candidate/get-available-drives/
============================================================
Starting AutoStatusService.update_all()
Current time: 2026-08-13 13:34:40.805296+00:00
============================================================
Updating rounds...
Checking round 8 - Current status: pending
  Round Start: 2026-08-13 13:37:00+00:00
  Round Duration: 10 mins
  Test Duration: 5 mins
Round 8 remains pending - 2 minutes until start
Checking round 9 - Current status: pending
  Round Start: 2026-08-13 13:50:00+00:00
  Round Duration: 10 mins
  Test Duration: 5 mins
Round 9 remains pending - 15 minutes until start
Updating drives...
Checking drive 4 (VNSGU IBM Drive 2026-27) - Current status: draft
Update complete - Drives: [], Rounds: []
============================================================
============================================================
Starting AutoStatusService.update_all()
Current time: 2026-08-13 13:34:40.878039+00:00
============================================================
Updating rounds...
Checking round 8 - Current status: pending
  Round Start: 2026-08-13 13:37:00+00:00
  Round Duration: 10 mins
  Test Duration: 5 mins
Round 8 remains pending - 2 minutes until start
Checking round 9 - Current status: pending
  Round Start: 2026-08-13 13:50:00+00:00
  Round Duration: 10 mins
  Test Duration: 5 mins
Round 9 remains pending - 15 minutes until start
Updating drives...
Checking drive 4 (VNSGU IBM Drive 2026-27) - Current status: draft
Update complete - Drives: [], Rounds: []
============================================================
Middleware triggered by request: /candidate/get-available-drives/
============================================================
Starting AutoStatusService.update_all()
Current time: 2026-08-13 13:34:40.902401+00:00
============================================================
Updating rounds...
Checking round 8 - Current status: pending
  Round Start: 2026-08-13 13:37:00+00:00
  Round Duration: 10 mins
  Test Duration: 5 mins
Round 8 remains pending - 2 minutes until start
Checking round 9 - Current status: pending
  Round Start: 2026-08-13 13:50:00+00:00
  Round Duration: 10 mins
  Test Duration: 5 mins
Round 9 remains pending - 15 minutes until start
Updating drives...
Checking drive 4 (VNSGU IBM Drive 2026-27) - Current status: draft
Update complete - Drives: [], Rounds: []
============================================================
============================================================
Starting AutoStatusService.update_all()
Current time: 2026-08-13 13:34:40.991259+00:00
============================================================
Updating rounds...
Checking round 8 - Current status: pending
  Round Start: 2026-08-13 13:37:00+00:00
  Round Duration: 10 mins
  Test Duration: 5 mins
Round 8 remains pending - 2 minutes until start
Checking round 9 - Current status: pending
  Round Start: 2026-08-13 13:50:00+00:00
  Round Duration: 10 mins
  Test Duration: 5 mins
Round 9 remains pending - 15 minutes until start
Updating drives...
Checking drive 4 (VNSGU IBM Drive 2026-27) - Current status: draft
Update complete - Drives: [], Rounds: []
============================================================
Middleware triggered by request: /candidate/get-drive-details/2/
============================================================
Starting AutoStatusService.update_all()
Current time: 2026-08-13 13:34:43.592461+00:00
============================================================
Updating rounds...
Checking round 8 - Current status: pending
  Round Start: 2026-08-13 13:37:00+00:00
  Round Duration: 10 mins
  Test Duration: 5 mins
Round 8 remains pending - 2 minutes until start
Checking round 9 - Current status: pending
  Round Start: 2026-08-13 13:50:00+00:00
  Round Duration: 10 mins
  Test Duration: 5 mins
Round 9 remains pending - 15 minutes until start
Updating drives...
Checking drive 4 (VNSGU IBM Drive 2026-27) - Current status: draft
Update complete - Drives: [], Rounds: []
============================================================
Middleware triggered by request: /candidate/get-drive-details/2/
============================================================
Starting AutoStatusService.update_all()
Current time: 2026-08-13 13:34:43.700900+00:00
============================================================
Updating rounds...
Checking round 8 - Current status: pending
  Round Start: 2026-08-13 13:37:00+00:00
  Round Duration: 10 mins
  Test Duration: 5 mins
Round 8 remains pending - 2 minutes until start
Checking round 9 - Current status: pending
  Round Start: 2026-08-13 13:50:00+00:00
  Round Duration: 10 mins
  Test Duration: 5 mins
Round 9 remains pending - 15 minutes until start
Updating drives...
Checking drive 4 (VNSGU IBM Drive 2026-27) - Current status: draft
Update complete - Drives: [], Rounds: []
============================================================
Middleware triggered by request: /candidate/get-available-drives/
============================================================
Starting AutoStatusService.update_all()
Current time: 2026-08-13 13:34:46.659411+00:00
============================================================
Updating rounds...
Checking round 8 - Current status: pending
  Round Start: 2026-08-13 13:37:00+00:00
  Round Duration: 10 mins
  Test Duration: 5 mins
Round 8 remains pending - 2 minutes until start
Checking round 9 - Current status: pending
  Round Start: 2026-08-13 13:50:00+00:00
  Round Duration: 10 mins
  Test Duration: 5 mins
Round 9 remains pending - 15 minutes until start
Updating drives...
Checking drive 4 (VNSGU IBM Drive 2026-27) - Current status: draft
Update complete - Drives: [], Rounds: []
============================================================
============================================================
Starting AutoStatusService.update_all()
Current time: 2026-08-13 13:34:46.740111+00:00
============================================================
Updating rounds...
Checking round 8 - Current status: pending
  Round Start: 2026-08-13 13:37:00+00:00
  Round Duration: 10 mins
  Test Duration: 5 mins
Round 8 remains pending - 2 minutes until start
Checking round 9 - Current status: pending
  Round Start: 2026-08-13 13:50:00+00:00
  Round Duration: 10 mins
  Test Duration: 5 mins
Round 9 remains pending - 15 minutes until start
Updating drives...
Checking drive 4 (VNSGU IBM Drive 2026-27) - Current status: draft
Update complete - Drives: [], Rounds: []
============================================================
Middleware triggered by request: /candidate/get-available-drives/
============================================================
Starting AutoStatusService.update_all()
Current time: 2026-08-13 13:34:46.772092+00:00
============================================================
Updating rounds...
Checking round 8 - Current status: pending
  Round Start: 2026-08-13 13:37:00+00:00
  Round Duration: 10 mins
  Test Duration: 5 mins
Round 8 remains pending - 2 minutes until start
Checking round 9 - Current status: pending
  Round Start: 2026-08-13 13:50:00+00:00
  Round Duration: 10 mins
  Test Duration: 5 mins
Round 9 remains pending - 15 minutes until start
Updating drives...
Checking drive 4 (VNSGU IBM Drive 2026-27) - Current status: draft
Update complete - Drives: [], Rounds: []
============================================================
============================================================
Starting AutoStatusService.update_all()
Current time: 2026-08-13 13:34:46.952808+00:00
============================================================
Updating rounds...
Checking round 8 - Current status: pending
  Round Start: 2026-08-13 13:37:00+00:00
  Round Duration: 10 mins
  Test Duration: 5 mins
Round 8 remains pending - 2 minutes until start
Checking round 9 - Current status: pending
  Round Start: 2026-08-13 13:50:00+00:00
  Round Duration: 10 mins
  Test Duration: 5 mins
Round 9 remains pending - 15 minutes until start
Updating drives...
Checking drive 4 (VNSGU IBM Drive 2026-27) - Current status: draft
Update complete - Drives: [], Rounds: []
============================================================
Drive 2 is completed, skipping
Drive 2 is completed, skipping
============================================================
Starting AutoStatusService.update_all()
Current time: 2026-08-13 13:34:53.104101+00:00
============================================================
Updating rounds...
Checking round 8 - Current status: pending
  Round Start: 2026-08-13 13:37:00+00:00
  Round Duration: 10 mins
  Test Duration: 5 mins
Round 8 remains pending - 2 minutes until start
Checking round 9 - Current status: pending
  Round Start: 2026-08-13 13:50:00+00:00
  Round Duration: 10 mins
  Test Duration: 5 mins
Round 9 remains pending - 15 minutes until start
Updating drives...
Checking drive 4 (VNSGU IBM Drive 2026-27) - Current status: draft
Update complete - Drives: [], Rounds: []
============================================================
============================================================
Starting AutoStatusService.update_all()
Current time: 2026-08-13 13:34:53.240546+00:00
============================================================
Updating rounds...
Checking round 8 - Current status: pending
  Round Start: 2026-08-13 13:37:00+00:00
  Round Duration: 10 mins
  Test Duration: 5 mins
Round 8 remains pending - 2 minutes until start
Checking round 9 - Current status: pending
  Round Start: 2026-08-13 13:50:00+00:00
  Round Duration: 10 mins
  Test Duration: 5 mins
Round 9 remains pending - 15 minutes until start
Updating drives...
Checking drive 4 (VNSGU IBM Drive 2026-27) - Current status: draft
Update complete - Drives: [], Rounds: []
============================================================
============================================================
Starting AutoStatusService.update_all()
Current time: 2026-08-13 13:35:02.577429+00:00
============================================================
Updating rounds...
Checking round 8 - Current status: pending
  Round Start: 2026-08-13 13:37:00+00:00
  Round Duration: 10 mins
  Test Duration: 5 mins
Round 8 remains pending - 2 minutes until start
Checking round 9 - Current status: pending
  Round Start: 2026-08-13 13:50:00+00:00
  Round Duration: 10 mins
  Test Duration: 5 mins
Round 9 remains pending - 15 minutes until start
Updating drives...
Checking drive 4 (VNSGU IBM Drive 2026-27) - Current status: draft
Drive 4 auto-published
Update complete - Drives: [4], Rounds: []
============================================================
============================================================
Starting AutoStatusService.update_all()
Current time: 2026-08-13 13:35:02.722192+00:00
============================================================
Updating rounds...
Checking round 8 - Current status: pending
  Round Start: 2026-08-13 13:37:00+00:00
  Round Duration: 10 mins
  Test Duration: 5 mins
Round 8 remains pending - 2 minutes until start
Checking round 9 - Current status: pending
  Round Start: 2026-08-13 13:50:00+00:00
  Round Duration: 10 mins
  Test Duration: 5 mins
Round 9 remains pending - 15 minutes until start
Updating drives...
Checking drive 4 (VNSGU IBM Drive 2026-27) - Current status: published
Update complete - Drives: [], Rounds: []
============================================================
Middleware triggered by request: /candidate/get-available-drives/
============================================================
Starting AutoStatusService.update_all()
Current time: 2026-08-13 13:35:05.325940+00:00
============================================================
Updating rounds...
Checking round 8 - Current status: pending
  Round Start: 2026-08-13 13:37:00+00:00
  Round Duration: 10 mins
  Test Duration: 5 mins
Round 8 remains pending - 2 minutes until start
Checking round 9 - Current status: pending
  Round Start: 2026-08-13 13:50:00+00:00
  Round Duration: 10 mins
  Test Duration: 5 mins
Round 9 remains pending - 15 minutes until start
Updating drives...
Checking drive 4 (VNSGU IBM Drive 2026-27) - Current status: published
Update complete - Drives: [], Rounds: []
============================================================
============================================================
Starting AutoStatusService.update_all()
Current time: 2026-08-13 13:35:05.397120+00:00
============================================================
Updating rounds...
Checking round 8 - Current status: pending
  Round Start: 2026-08-13 13:37:00+00:00
  Round Duration: 10 mins
  Test Duration: 5 mins
Round 8 remains pending - 2 minutes until start
Checking round 9 - Current status: pending
  Round Start: 2026-08-13 13:50:00+00:00
  Round Duration: 10 mins
  Test Duration: 5 mins
Round 9 remains pending - 15 minutes until start
Updating drives...
Checking drive 4 (VNSGU IBM Drive 2026-27) - Current status: published
Update complete - Drives: [], Rounds: []
============================================================
Middleware triggered by request: /candidate/get-available-drives/
============================================================
Starting AutoStatusService.update_all()
Current time: 2026-08-13 13:35:05.432881+00:00
============================================================
Updating rounds...
Checking round 8 - Current status: pending
  Round Start: 2026-08-13 13:37:00+00:00
  Round Duration: 10 mins
  Test Duration: 5 mins
Round 8 remains pending - 2 minutes until start
Checking round 9 - Current status: pending
  Round Start: 2026-08-13 13:50:00+00:00
  Round Duration: 10 mins
  Test Duration: 5 mins
Round 9 remains pending - 15 minutes until start
Updating drives...
Checking drive 4 (VNSGU IBM Drive 2026-27) - Current status: published
Update complete - Drives: [], Rounds: []
============================================================
============================================================
Starting AutoStatusService.update_all()
Current time: 2026-08-13 13:35:05.628466+00:00
============================================================
Updating rounds...
Checking round 8 - Current status: pending
  Round Start: 2026-08-13 13:37:00+00:00
  Round Duration: 10 mins
  Test Duration: 5 mins
Round 8 remains pending - 2 minutes until start
Checking round 9 - Current status: pending
  Round Start: 2026-08-13 13:50:00+00:00
  Round Duration: 10 mins
  Test Duration: 5 mins
Round 9 remains pending - 15 minutes until start
Updating drives...
Checking drive 4 (VNSGU IBM Drive 2026-27) - Current status: published
Update complete - Drives: [], Rounds: []
============================================================
Middleware triggered by request: /candidate/get-available-drives/
============================================================
Starting AutoStatusService.update_all()
Current time: 2026-08-13 13:35:05.654180+00:00
============================================================
Updating rounds...
Checking round 8 - Current status: pending
  Round Start: 2026-08-13 13:37:00+00:00
  Round Duration: 10 mins
  Test Duration: 5 mins
Round 8 remains pending - 2 minutes until start
Checking round 9 - Current status: pending
  Round Start: 2026-08-13 13:50:00+00:00
  Round Duration: 10 mins
  Test Duration: 5 mins
Round 9 remains pending - 15 minutes until start
Updating drives...
Checking drive 4 (VNSGU IBM Drive 2026-27) - Current status: published
Update complete - Drives: [], Rounds: []
============================================================
============================================================
Starting AutoStatusService.update_all()
Current time: 2026-08-13 13:35:05.729256+00:00
============================================================
Updating rounds...
Checking round 8 - Current status: pending
  Round Start: 2026-08-13 13:37:00+00:00
  Round Duration: 10 mins
  Test Duration: 5 mins
Round 8 remains pending - 2 minutes until start
Checking round 9 - Current status: pending
  Round Start: 2026-08-13 13:50:00+00:00
  Round Duration: 10 mins
  Test Duration: 5 mins
Round 9 remains pending - 15 minutes until start
Updating drives...
Checking drive 4 (VNSGU IBM Drive 2026-27) - Current status: published
Update complete - Drives: [], Rounds: []
============================================================
Middleware triggered by request: /candidate/get-available-drives/
============================================================
Starting AutoStatusService.update_all()
Current time: 2026-08-13 13:35:05.757560+00:00
============================================================
Updating rounds...
Checking round 8 - Current status: pending
  Round Start: 2026-08-13 13:37:00+00:00
  Round Duration: 10 mins
  Test Duration: 5 mins
Round 8 remains pending - 2 minutes until start
Checking round 9 - Current status: pending
  Round Start: 2026-08-13 13:50:00+00:00
  Round Duration: 10 mins
  Test Duration: 5 mins
Round 9 remains pending - 15 minutes until start
Updating drives...
Checking drive 4 (VNSGU IBM Drive 2026-27) - Current status: published
Update complete - Drives: [], Rounds: []
============================================================
============================================================
Starting AutoStatusService.update_all()
Current time: 2026-08-13 13:35:05.832615+00:00
============================================================
Updating rounds...
Checking round 8 - Current status: pending
  Round Start: 2026-08-13 13:37:00+00:00
  Round Duration: 10 mins
  Test Duration: 5 mins
Round 8 remains pending - 2 minutes until start
Checking round 9 - Current status: pending
  Round Start: 2026-08-13 13:50:00+00:00
  Round Duration: 10 mins
  Test Duration: 5 mins
Round 9 remains pending - 15 minutes until start
Updating drives...
Checking drive 4 (VNSGU IBM Drive 2026-27) - Current status: published
Update complete - Drives: [], Rounds: []
============================================================
Middleware triggered by request: /candidate/get-drive-details/4/
============================================================
Starting AutoStatusService.update_all()
Current time: 2026-08-13 13:35:07.762007+00:00
============================================================
Updating rounds...
Checking round 8 - Current status: pending
  Round Start: 2026-08-13 13:37:00+00:00
  Round Duration: 10 mins
  Test Duration: 5 mins
Round 8 remains pending - 2 minutes until start
Checking round 9 - Current status: pending
  Round Start: 2026-08-13 13:50:00+00:00
  Round Duration: 10 mins
  Test Duration: 5 mins
Round 9 remains pending - 15 minutes until start
Updating drives...
Checking drive 4 (VNSGU IBM Drive 2026-27) - Current status: published
Update complete - Drives: [], Rounds: []
============================================================
Middleware triggered by request: /candidate/get-drive-details/4/
============================================================
Starting AutoStatusService.update_all()
Current time: 2026-08-13 13:35:07.947838+00:00
============================================================
Updating rounds...
Checking round 8 - Current status: pending
  Round Start: 2026-08-13 13:37:00+00:00
  Round Duration: 10 mins
  Test Duration: 5 mins
Round 8 remains pending - 2 minutes until start
Checking round 9 - Current status: pending
  Round Start: 2026-08-13 13:50:00+00:00
  Round Duration: 10 mins
  Test Duration: 5 mins
Round 9 remains pending - 15 minutes until start
Updating drives...
Checking drive 4 (VNSGU IBM Drive 2026-27) - Current status: published
Update complete - Drives: [], Rounds: []
============================================================
Middleware triggered by request: /candidate/get-available-drives/
============================================================
Starting AutoStatusService.update_all()
Current time: 2026-08-13 13:35:10.924448+00:00
============================================================
Updating rounds...
Checking round 8 - Current status: pending
  Round Start: 2026-08-13 13:37:00+00:00
  Round Duration: 10 mins
  Test Duration: 5 mins
Round 8 remains pending - 2 minutes until start
Checking round 9 - Current status: pending
  Round Start: 2026-08-13 13:50:00+00:00
  Round Duration: 10 mins
  Test Duration: 5 mins
Round 9 remains pending - 15 minutes until start
Updating drives...
Checking drive 4 (VNSGU IBM Drive 2026-27) - Current status: published
Update complete - Drives: [], Rounds: []
============================================================
============================================================
Starting AutoStatusService.update_all()
Current time: 2026-08-13 13:35:11.003754+00:00
============================================================
Updating rounds...
Checking round 8 - Current status: pending
  Round Start: 2026-08-13 13:37:00+00:00
  Round Duration: 10 mins
  Test Duration: 5 mins
Round 8 remains pending - 2 minutes until start
Checking round 9 - Current status: pending
  Round Start: 2026-08-13 13:50:00+00:00
  Round Duration: 10 mins
  Test Duration: 5 mins
Round 9 remains pending - 15 minutes until start
Updating drives...
Checking drive 4 (VNSGU IBM Drive 2026-27) - Current status: published
Update complete - Drives: [], Rounds: []
============================================================
Middleware triggered by request: /candidate/get-available-drives/
============================================================
Starting AutoStatusService.update_all()
Current time: 2026-08-13 13:35:11.032465+00:00
============================================================
Updating rounds...
Checking round 8 - Current status: pending
  Round Start: 2026-08-13 13:37:00+00:00
  Round Duration: 10 mins
  Test Duration: 5 mins
Round 8 remains pending - 2 minutes until start
Checking round 9 - Current status: pending
  Round Start: 2026-08-13 13:50:00+00:00
  Round Duration: 10 mins
  Test Duration: 5 mins
Round 9 remains pending - 15 minutes until start
Updating drives...
Checking drive 4 (VNSGU IBM Drive 2026-27) - Current status: published
Update complete - Drives: [], Rounds: []
============================================================
============================================================
Starting AutoStatusService.update_all()
Current time: 2026-08-13 13:35:11.121002+00:00
============================================================
Updating rounds...
Checking round 8 - Current status: pending
  Round Start: 2026-08-13 13:37:00+00:00
  Round Duration: 10 mins
  Test Duration: 5 mins
Round 8 remains pending - 2 minutes until start
Checking round 9 - Current status: pending
  Round Start: 2026-08-13 13:50:00+00:00
  Round Duration: 10 mins
  Test Duration: 5 mins
Round 9 remains pending - 15 minutes until start
Updating drives...
Checking drive 4 (VNSGU IBM Drive 2026-27) - Current status: published
Update complete - Drives: [], Rounds: []
============================================================
Middleware triggered by request: /candidate/get-drive-details/2/
============================================================
Starting AutoStatusService.update_all()
Current time: 2026-08-13 13:35:11.992547+00:00
============================================================
Updating rounds...
Checking round 8 - Current status: pending
  Round Start: 2026-08-13 13:37:00+00:00
  Round Duration: 10 mins
  Test Duration: 5 mins
Round 8 remains pending - 2 minutes until start
Checking round 9 - Current status: pending
  Round Start: 2026-08-13 13:50:00+00:00
  Round Duration: 10 mins
  Test Duration: 5 mins
Round 9 remains pending - 15 minutes until start
Updating drives...
Checking drive 4 (VNSGU IBM Drive 2026-27) - Current status: published
Update complete - Drives: [], Rounds: []
============================================================
Middleware triggered by request: /candidate/get-drive-details/2/
============================================================
Starting AutoStatusService.update_all()
Current time: 2026-08-13 13:35:12.107619+00:00
============================================================
Updating rounds...
Checking round 8 - Current status: pending
  Round Start: 2026-08-13 13:37:00+00:00
  Round Duration: 10 mins
  Test Duration: 5 mins
Round 8 remains pending - 2 minutes until start
Checking round 9 - Current status: pending
  Round Start: 2026-08-13 13:50:00+00:00
  Round Duration: 10 mins
  Test Duration: 5 mins
Round 9 remains pending - 15 minutes until start
Updating drives...
Checking drive 4 (VNSGU IBM Drive 2026-27) - Current status: published
Update complete - Drives: [], Rounds: []
============================================================
Middleware triggered by request: /candidate/get-available-drives/
============================================================
Starting AutoStatusService.update_all()
Current time: 2026-08-13 13:35:14.839612+00:00
============================================================
Updating rounds...
Checking round 8 - Current status: pending
  Round Start: 2026-08-13 13:37:00+00:00
  Round Duration: 10 mins
  Test Duration: 5 mins
Round 8 remains pending - 2 minutes until start
Checking round 9 - Current status: pending
  Round Start: 2026-08-13 13:50:00+00:00
  Round Duration: 10 mins
  Test Duration: 5 mins
Round 9 remains pending - 15 minutes until start
Updating drives...
Checking drive 4 (VNSGU IBM Drive 2026-27) - Current status: published
Update complete - Drives: [], Rounds: []
============================================================
============================================================
Starting AutoStatusService.update_all()
Current time: 2026-08-13 13:35:14.928635+00:00
============================================================
Updating rounds...
Checking round 8 - Current status: pending
  Round Start: 2026-08-13 13:37:00+00:00
  Round Duration: 10 mins
  Test Duration: 5 mins
Round 8 remains pending - 2 minutes until start
Checking round 9 - Current status: pending
  Round Start: 2026-08-13 13:50:00+00:00
  Round Duration: 10 mins
  Test Duration: 5 mins
Round 9 remains pending - 15 minutes until start
Updating drives...
Checking drive 4 (VNSGU IBM Drive 2026-27) - Current status: published
Update complete - Drives: [], Rounds: []
============================================================
Middleware triggered by request: /candidate/get-available-drives/
============================================================
Starting AutoStatusService.update_all()
Current time: 2026-08-13 13:35:14.960126+00:00
============================================================
Updating rounds...
Checking round 8 - Current status: pending
  Round Start: 2026-08-13 13:37:00+00:00
  Round Duration: 10 mins
  Test Duration: 5 mins
Round 8 remains pending - 2 minutes until start
Checking round 9 - Current status: pending
  Round Start: 2026-08-13 13:50:00+00:00
  Round Duration: 10 mins
  Test Duration: 5 mins
Round 9 remains pending - 15 minutes until start
Updating drives...
Checking drive 4 (VNSGU IBM Drive 2026-27) - Current status: published
Update complete - Drives: [], Rounds: []
============================================================
============================================================
Starting AutoStatusService.update_all()
Current time: 2026-08-13 13:35:15.062140+00:00
============================================================
Updating rounds...
Checking round 8 - Current status: pending
  Round Start: 2026-08-13 13:37:00+00:00
  Round Duration: 10 mins
  Test Duration: 5 mins
Round 8 remains pending - 2 minutes until start
Checking round 9 - Current status: pending
  Round Start: 2026-08-13 13:50:00+00:00
  Round Duration: 10 mins
  Test Duration: 5 mins
Round 9 remains pending - 15 minutes until start
Updating drives...
Checking drive 4 (VNSGU IBM Drive 2026-27) - Current status: published
Update complete - Drives: [], Rounds: []
============================================================
Middleware triggered by request: /candidate/get-drive-details/4/
============================================================
Starting AutoStatusService.update_all()
Current time: 2026-08-13 13:35:18.388825+00:00
============================================================
Updating rounds...
Checking round 8 - Current status: pending
  Round Start: 2026-08-13 13:37:00+00:00
  Round Duration: 10 mins
  Test Duration: 5 mins
Round 8 remains pending - 2 minutes until start
Checking round 9 - Current status: pending
  Round Start: 2026-08-13 13:50:00+00:00
  Round Duration: 10 mins
  Test Duration: 5 mins
Round 9 remains pending - 15 minutes until start
Updating drives...
Checking drive 4 (VNSGU IBM Drive 2026-27) - Current status: published
Update complete - Drives: [], Rounds: []
============================================================
Middleware triggered by request: /candidate/get-drive-details/4/
============================================================
Starting AutoStatusService.update_all()
Current time: 2026-08-13 13:35:18.514680+00:00
============================================================
Updating rounds...
Checking round 8 - Current status: pending
  Round Start: 2026-08-13 13:37:00+00:00
  Round Duration: 10 mins
  Test Duration: 5 mins
Round 8 remains pending - 2 minutes until start
Checking round 9 - Current status: pending
  Round Start: 2026-08-13 13:50:00+00:00
  Round Duration: 10 mins
  Test Duration: 5 mins
Round 9 remains pending - 15 minutes until start
Updating drives...
Checking drive 4 (VNSGU IBM Drive 2026-27) - Current status: published
Update complete - Drives: [], Rounds: []
============================================================
Checking drive 4 (VNSGU IBM Drive 2026-27) - Current status: published
Checking round 8 - Current status: pending
  Round Start: 2026-08-13 13:37:00+00:00
  Round Duration: 10 mins
  Test Duration: 5 mins
Round 8 remains pending - 1 minutes until start
Checking round 9 - Current status: pending
  Round Start: 2026-08-13 13:50:00+00:00
  Round Duration: 10 mins
  Test Duration: 5 mins
Round 9 remains pending - 14 minutes until start
Checking drive 4 (VNSGU IBM Drive 2026-27) - Current status: published
Checking round 8 - Current status: pending
  Round Start: 2026-08-13 13:37:00+00:00
  Round Duration: 10 mins
  Test Duration: 5 mins
Round 8 remains pending - 1 minutes until start
Checking round 9 - Current status: pending
  Round Start: 2026-08-13 13:50:00+00:00
  Round Duration: 10 mins
  Test Duration: 5 mins
Round 9 remains pending - 14 minutes until start
Checking drive 4 (VNSGU IBM Drive 2026-27) - Current status: published
Checking round 8 - Current status: pending
  Round Start: 2026-08-13 13:37:00+00:00
  Round Duration: 10 mins
  Test Duration: 5 mins
Round 8 auto-updated to active
Checking round 9 - Current status: pending
  Round Start: 2026-08-13 13:50:00+00:00
  Round Duration: 10 mins
  Test Duration: 5 mins
Round 9 remains pending - 13 minutes until start
Checking drive 4 (VNSGU IBM Drive 2026-27) - Current status: published
Drive 4 auto-updated to in_progress
Checking round 8 - Current status: active
  Round Start: 2026-08-13 13:37:00+00:00
  Round Duration: 10 mins
  Test Duration: 5 mins
Round 8 remains active - 10.0 minutes remaining
Checking round 9 - Current status: pending
  Round Start: 2026-08-13 13:50:00+00:00
  Round Duration: 10 mins
  Test Duration: 5 mins
Round 9 remains pending - 13 minutes until start
Middleware triggered by request: /candidate/get-drive-details/4/
Middleware triggered by request: /candidate/get-available-drives/
============================================================
============================================================
Starting AutoStatusService.update_all()
Starting AutoStatusService.update_all()
Current time: 2026-08-13 13:37:06.831538+00:00
Current time: 2026-08-13 13:37:06.831690+00:00
============================================================
============================================================
Updating rounds...
Updating rounds...
Checking round 8 - Current status: active
  Round Start: 2026-08-13 13:37:00+00:00
  Round Duration: 10 mins
  Test Duration: 5 mins
Round 8 remains active - 9.9 minutes remaining
Checking round 9 - Current status: pending
  Round Start: 2026-08-13 13:50:00+00:00
  Round Duration: 10 mins
  Test Duration: 5 mins
Round 9 remains pending - 13 minutes until start
Updating drives...
Checking drive 4 (VNSGU IBM Drive 2026-27) - Current status: in_progress
Update complete - Drives: [], Rounds: []
============================================================
Middleware triggered by request: /candidate/get-drive-details/4/
============================================================
Starting AutoStatusService.update_all()
Current time: 2026-08-13 13:37:06.962792+00:00
============================================================
Updating rounds...
Checking round 8 - Current status: active
  Round Start: 2026-08-13 13:37:00+00:00
  Round Duration: 10 mins
  Test Duration: 5 mins
Round 8 remains active - 9.9 minutes remaining
Checking round 9 - Current status: pending
  Round Start: 2026-08-13 13:50:00+00:00
  Round Duration: 10 mins
  Test Duration: 5 mins
Round 9 remains pending - 13 minutes until start
Updating drives...
Checking drive 4 (VNSGU IBM Drive 2026-27) - Current status: in_progress
Update complete - Drives: [], Rounds: []
============================================================
============================================================
Starting AutoStatusService.update_all()
Current time: 2026-08-13 13:37:07.022780+00:00
============================================================
Checking round 8 - Current status: active
Updating rounds...
  Round Start: 2026-08-13 13:37:00+00:00
  Round Duration: 10 mins
Checking round 8 - Current status: active
  Test Duration: 5 mins
  Round Start: 2026-08-13 13:37:00+00:00
  Round Duration: 10 mins
Round 8 remains active - 9.9 minutes remaining
  Test Duration: 5 mins
Checking round 9 - Current status: pending
Round 8 remains active - 9.9 minutes remaining
  Round Start: 2026-08-13 13:50:00+00:00
Checking round 9 - Current status: pending
  Round Duration: 10 mins
  Round Start: 2026-08-13 13:50:00+00:00
  Test Duration: 5 mins
  Round Duration: 10 mins
Round 9 remains pending - 13 minutes until start
  Test Duration: 5 mins
Round 9 remains pending - 13 minutes until start
Updating drives...
Updating drives...
Checking drive 4 (VNSGU IBM Drive 2026-27) - Current status: in_progress
Checking drive 4 (VNSGU IBM Drive 2026-27) - Current status: in_progress
Update complete - Drives: [], Rounds: []
============================================================
Update complete - Drives: [], Rounds: []
============================================================
Middleware triggered by request: /candidate/get-available-drives/
============================================================
Starting AutoStatusService.update_all()
Current time: 2026-08-13 13:37:07.061177+00:00
============================================================
Updating rounds...
Checking round 8 - Current status: active
  Round Start: 2026-08-13 13:37:00+00:00
  Round Duration: 10 mins
  Test Duration: 5 mins
Round 8 remains active - 9.9 minutes remaining
Checking round 9 - Current status: pending
  Round Start: 2026-08-13 13:50:00+00:00
  Round Duration: 10 mins
  Test Duration: 5 mins
Round 9 remains pending - 13 minutes until start
Updating drives...
Checking drive 4 (VNSGU IBM Drive 2026-27) - Current status: in_progress
Update complete - Drives: [], Rounds: []
============================================================
============================================================
Starting AutoStatusService.update_all()
Current time: 2026-08-13 13:37:07.162451+00:00
============================================================
Updating rounds...
Checking round 8 - Current status: active
  Round Start: 2026-08-13 13:37:00+00:00
  Round Duration: 10 mins
  Test Duration: 5 mins
Round 8 remains active - 9.9 minutes remaining
Checking round 9 - Current status: pending
  Round Start: 2026-08-13 13:50:00+00:00
  Round Duration: 10 mins
  Test Duration: 5 mins
Round 9 remains pending - 13 minutes until start
Updating drives...
Checking drive 4 (VNSGU IBM Drive 2026-27) - Current status: in_progress
Update complete - Drives: [], Rounds: []
============================================================
Middleware triggered by request: /candidate/get-drive-details/4/
============================================================
Middleware triggered by request: /candidate/get-available-drives/
============================================================
Starting AutoStatusService.update_all()
Starting AutoStatusService.update_all()
Current time: 2026-08-13 13:37:11.315284+00:00
Current time: 2026-08-13 13:37:11.315468+00:00
============================================================
============================================================
Updating rounds...
Updating rounds...
Checking round 8 - Current status: active
  Round Start: 2026-08-13 13:37:00+00:00
  Round Duration: 10 mins
  Test Duration: 5 mins
Round 8 remains active - 9.8 minutes remaining
Checking round 9 - Current status: pending
  Round Start: 2026-08-13 13:50:00+00:00
  Round Duration: 10 mins
  Test Duration: 5 mins
Round 9 remains pending - 13 minutes until start
Updating drives...
Checking drive 4 (VNSGU IBM Drive 2026-27) - Current status: in_progress
Update complete - Drives: [], Rounds: []
============================================================
Middleware triggered by request: /candidate/get-drive-details/4/
============================================================
Starting AutoStatusService.update_all()
Current time: 2026-08-13 13:37:11.427667+00:00
============================================================
Updating rounds...
Checking round 8 - Current status: active
  Round Start: 2026-08-13 13:37:00+00:00
  Round Duration: 10 mins
  Test Duration: 5 mins
Round 8 remains active - 9.8 minutes remaining
Checking round 9 - Current status: pending
  Round Start: 2026-08-13 13:50:00+00:00
  Round Duration: 10 mins
  Test Duration: 5 mins
Round 9 remains pending - 13 minutes until start
Updating drives...
Checking drive 4 (VNSGU IBM Drive 2026-27) - Current status: in_progress
Update complete - Drives: [], Rounds: []
============================================================
Checking round 8 - Current status: active
  Round Start: 2026-08-13 13:37:00+00:00
  Round Duration: 10 mins
  Test Duration: 5 mins
Round 8 remains active - 9.8 minutes remaining
Checking round 9 - Current status: pending
  Round Start: 2026-08-13 13:50:00+00:00
  Round Duration: 10 mins
  Test Duration: 5 mins
Round 9 remains pending - 13 minutes until start
Updating drives...
Checking drive 4 (VNSGU IBM Drive 2026-27) - Current status: in_progress
============================================================
Starting AutoStatusService.update_all()
Update complete - Drives: [], Rounds: []
Current time: 2026-08-13 13:37:11.510594+00:00
============================================================
============================================================
Updating rounds...
Checking round 8 - Current status: active
  Round Start: 2026-08-13 13:37:00+00:00
  Round Duration: 10 mins
  Test Duration: 5 mins
Round 8 remains active - 9.8 minutes remaining
Checking round 9 - Current status: pending
  Round Start: 2026-08-13 13:50:00+00:00
  Round Duration: 10 mins
  Test Duration: 5 mins
Round 9 remains pending - 13 minutes until start
Updating drives...
Checking drive 4 (VNSGU IBM Drive 2026-27) - Current status: in_progress
Update complete - Drives: [], Rounds: []
============================================================
Middleware triggered by request: /candidate/get-available-drives/
============================================================
Starting AutoStatusService.update_all()
Current time: 2026-08-13 13:37:11.558938+00:00
============================================================
Updating rounds...
Checking round 8 - Current status: active
  Round Start: 2026-08-13 13:37:00+00:00
  Round Duration: 10 mins
  Test Duration: 5 mins
Round 8 remains active - 9.8 minutes remaining
Checking round 9 - Current status: pending
  Round Start: 2026-08-13 13:50:00+00:00
  Round Duration: 10 mins
  Test Duration: 5 mins
Round 9 remains pending - 13 minutes until start
Updating drives...
Checking drive 4 (VNSGU IBM Drive 2026-27) - Current status: in_progress
Update complete - Drives: [], Rounds: []
============================================================
============================================================
Starting AutoStatusService.update_all()
Current time: 2026-08-13 13:37:11.710474+00:00
============================================================
Updating rounds...
Checking round 8 - Current status: active
  Round Start: 2026-08-13 13:37:00+00:00
  Round Duration: 10 mins
  Test Duration: 5 mins
Round 8 remains active - 9.8 minutes remaining
Checking round 9 - Current status: pending
  Round Start: 2026-08-13 13:50:00+00:00
  Round Duration: 10 mins
  Test Duration: 5 mins
Round 9 remains pending - 13 minutes until start
Updating drives...
Checking drive 4 (VNSGU IBM Drive 2026-27) - Current status: in_progress
Update complete - Drives: [], Rounds: []
============================================================
Checking drive 4 (VNSGU IBM Drive 2026-27) - Current status: in_progress
Checking round 8 - Current status: active
  Round Start: 2026-08-13 13:37:00+00:00
  Round Duration: 10 mins
  Test Duration: 5 mins
Round 8 remains active - 8.2 minutes remaining
Checking round 9 - Current status: pending
  Round Start: 2026-08-13 13:50:00+00:00
  Round Duration: 10 mins
  Test Duration: 5 mins
Round 9 remains pending - 11 minutes until start
Checking drive 4 (VNSGU IBM Drive 2026-27) - Current status: in_progress
Checking round 8 - Current status: active
  Round Start: 2026-08-13 13:37:00+00:00
  Round Duration: 10 mins
  Test Duration: 5 mins
Round 8 remains active - 8.2 minutes remaining
Checking round 9 - Current status: pending
  Round Start: 2026-08-13 13:50:00+00:00
  Round Duration: 10 mins
  Test Duration: 5 mins
Round 9 remains pending - 11 minutes until start
Checking drive 4 (VNSGU IBM Drive 2026-27) - Current status: in_progress
Checking round 8 - Current status: active
  Round Start: 2026-08-13 13:42:00+00:00
  Round Duration: 10 mins
  Test Duration: 5 mins
Round 8 remains active - 13.0 minutes remaining
Checking round 9 - Current status: pending
  Round Start: 2026-08-13 13:50:00+00:00
  Round Duration: 10 mins
  Test Duration: 5 mins
Round 9 remains pending - 11 minutes until start
Checking drive 4 (VNSGU IBM Drive 2026-27) - Current status: in_progress
Checking round 8 - Current status: active
  Round Start: 2026-08-13 13:42:00+00:00
  Round Duration: 10 mins
  Test Duration: 5 mins
Round 8 remains active - 13.0 minutes remaining
Checking round 9 - Current status: pending
  Round Start: 2026-08-13 13:50:00+00:00
  Round Duration: 10 mins
  Test Duration: 5 mins
Round 9 remains pending - 11 minutes until start
Checking drive 4 (VNSGU IBM Drive 2026-27) - Current status: in_progress
Checking round 8 - Current status: active
  Round Start: 2026-08-13 13:42:00+00:00
  Round Duration: 10 mins
  Test Duration: 5 mins
Round 8 remains active - 13.0 minutes remaining
Checking round 9 - Current status: pending
  Round Start: 2026-08-13 13:50:00+00:00
  Round Duration: 10 mins
  Test Duration: 5 mins
Round 9 remains pending - 11 minutes until start
Checking drive 4 (VNSGU IBM Drive 2026-27) - Current status: in_progress
Checking round 8 - Current status: active
  Round Start: 2026-08-13 13:42:00+00:00
  Round Duration: 10 mins
  Test Duration: 5 mins
Round 8 remains active - 13.0 minutes remaining
Checking round 9 - Current status: pending
  Round Start: 2026-08-13 13:50:00+00:00
  Round Duration: 10 mins
  Test Duration: 5 mins
Round 9 remains pending - 11 minutes until start
Checking drive 4 (VNSGU IBM Drive 2026-27) - Current status: in_progress
Checking round 8 - Current status: active
  Round Start: 2026-08-13 13:42:00+00:00
  Round Duration: 10 mins
  Test Duration: 5 mins
Round 8 remains active - 12.9 minutes remaining
Checking round 9 - Current status: pending
  Round Start: 2026-08-13 13:50:00+00:00
  Round Duration: 10 mins
  Test Duration: 5 mins
Round 9 remains pending - 11 minutes until start
Checking drive 4 (VNSGU IBM Drive 2026-27) - Current status: in_progress
Checking round 8 - Current status: active
  Round Start: 2026-08-13 13:42:00+00:00
  Round Duration: 10 mins
  Test Duration: 5 mins
Round 8 remains active - 12.9 minutes remaining
Checking round 9 - Current status: pending
  Round Start: 2026-08-13 13:50:00+00:00
  Round Duration: 10 mins
  Test Duration: 5 mins
Round 9 remains pending - 11 minutes until start
Checking drive 4 (VNSGU IBM Drive 2026-27) - Current status: in_progress
Checking round 8 - Current status: active
  Round Start: 2026-08-13 13:42:00+00:00
  Round Duration: 10 mins
  Test Duration: 5 mins
Round 8 remains active - 12.8 minutes remaining
Checking round 9 - Current status: pending
  Round Start: 2026-08-13 13:55:00+00:00
  Round Duration: 10 mins
  Test Duration: 5 mins
Round 9 remains pending - 16 minutes until start
Checking drive 4 (VNSGU IBM Drive 2026-27) - Current status: in_progress
Checking round 8 - Current status: active
  Round Start: 2026-08-13 13:42:00+00:00
  Round Duration: 10 mins
  Test Duration: 5 mins
Round 8 remains active - 12.8 minutes remaining
Checking round 9 - Current status: pending
  Round Start: 2026-08-13 13:55:00+00:00
  Round Duration: 10 mins
  Test Duration: 5 mins
Round 9 remains pending - 16 minutes until start
Checking drive 4 (VNSGU IBM Drive 2026-27) - Current status: in_progress
Checking round 8 - Current status: active
  Round Start: 2026-08-13 13:42:00+00:00
  Round Duration: 10 mins
  Test Duration: 5 mins
Round 8 remains active - 12.7 minutes remaining
Checking round 9 - Current status: pending
  Round Start: 2026-08-13 13:55:00+00:00
  Round Duration: 10 mins
  Test Duration: 5 mins
Round 9 remains pending - 16 minutes until start
Checking drive 4 (VNSGU IBM Drive 2026-27) - Current status: in_progress
Checking round 8 - Current status: active
  Round Start: 2026-08-13 13:42:00+00:00
  Round Duration: 10 mins
  Test Duration: 5 mins
Round 8 remains active - 12.7 minutes remaining
Checking round 9 - Current status: pending
  Round Start: 2026-08-13 13:55:00+00:00
  Round Duration: 10 mins
  Test Duration: 5 mins
Round 9 remains pending - 16 minutes until start
Checking drive 4 (VNSGU IBM Drive 2026-27) - Current status: in_progress
Checking round 8 - Current status: active
  Round Start: 2026-08-13 13:42:00+00:00
  Round Duration: 10 mins
  Test Duration: 5 mins
Round 8 remains active - 10.3 minutes remaining
Checking round 9 - Current status: pending
  Round Start: 2026-08-13 13:55:00+00:00
  Round Duration: 10 mins
  Test Duration: 5 mins
Round 9 remains pending - 13 minutes until start
Checking drive 4 (VNSGU IBM Drive 2026-27) - Current status: in_progress
Checking round 8 - Current status: active
  Round Start: 2026-08-13 13:42:00+00:00
  Round Duration: 10 mins
  Test Duration: 5 mins
Round 8 remains active - 10.3 minutes remaining
Checking round 9 - Current status: pending
  Round Start: 2026-08-13 13:55:00+00:00
  Round Duration: 10 mins
  Test Duration: 5 mins
Round 9 remains pending - 13 minutes until start
Middleware triggered by request: /candidate/get-drive-details/4/
Middleware triggered by request: /candidate/get-available-drives/
============================================================
Starting AutoStatusService.update_all()
============================================================
Current time: 2026-08-13 13:43:28.901825+00:00
Starting AutoStatusService.update_all()
============================================================
Current time: 2026-08-13 13:43:28.902320+00:00
Updating rounds...
============================================================
Updating rounds...
Checking round 8 - Current status: active
  Round Start: 2026-08-13 13:42:00+00:00
  Round Duration: 10 mins
  Test Duration: 5 mins
Round 8 remains active - 8.5 minutes remaining
Checking round 8 - Current status: active
  Round Start: 2026-08-13 13:42:00+00:00
Checking round 9 - Current status: pending
  Round Start: 2026-08-13 13:55:00+00:00
  Round Duration: 10 mins
  Test Duration: 5 mins
  Round Duration: 10 mins
  Test Duration: 5 mins
Round 8 remains active - 8.5 minutes remaining
Checking round 9 - Current status: pending
Round 9 remains pending - 12 minutes until start
  Round Start: 2026-08-13 13:55:00+00:00
Updating drives...
  Round Duration: 10 mins
  Test Duration: 5 mins
Round 9 remains pending - 12 minutes until start
Updating drives...
Checking drive 4 (VNSGU IBM Drive 2026-27) - Current status: in_progress
Checking drive 4 (VNSGU IBM Drive 2026-27) - Current status: in_progress
Update complete - Drives: [], Rounds: []
Update complete - Drives: [], Rounds: []
============================================================
============================================================
============================================================
Starting AutoStatusService.update_all()
Current time: 2026-08-13 13:43:28.999358+00:00
============================================================
Updating rounds...
Checking round 8 - Current status: active
  Round Start: 2026-08-13 13:42:00+00:00
  Round Duration: 10 mins
  Test Duration: 5 mins
Round 8 remains active - 8.5 minutes remaining
Checking round 9 - Current status: pending
  Round Start: 2026-08-13 13:55:00+00:00
  Round Duration: 10 mins
  Test Duration: 5 mins
Round 9 remains pending - 12 minutes until start
Updating drives...
Checking drive 4 (VNSGU IBM Drive 2026-27) - Current status: in_progress
Middleware triggered by request: /candidate/get-drive-details/4/
============================================================
Update complete - Drives: [], Rounds: []
============================================================
Starting AutoStatusService.update_all()
Current time: 2026-08-13 13:43:29.049091+00:00
============================================================
Updating rounds...
Middleware triggered by request: /candidate/get-available-drives/
============================================================
Starting AutoStatusService.update_all()
Current time: 2026-08-13 13:43:29.068381+00:00
============================================================
Updating rounds...
Checking round 8 - Current status: active
  Round Start: 2026-08-13 13:42:00+00:00
  Round Duration: 10 mins
  Test Duration: 5 mins
Round 8 remains active - 8.5 minutes remaining
Checking round 8 - Current status: active
Checking round 9 - Current status: pending
  Round Start: 2026-08-13 13:42:00+00:00
  Round Start: 2026-08-13 13:55:00+00:00
  Round Duration: 10 mins
  Test Duration: 5 mins
  Round Duration: 10 mins
  Test Duration: 5 mins
Round 8 remains active - 8.5 minutes remaining
Round 9 remains pending - 12 minutes until start
Updating drives...
Checking round 9 - Current status: pending
  Round Start: 2026-08-13 13:55:00+00:00
  Round Duration: 10 mins
  Test Duration: 5 mins
Round 9 remains pending - 12 minutes until start
Updating drives...
Checking drive 4 (VNSGU IBM Drive 2026-27) - Current status: in_progress
Checking drive 4 (VNSGU IBM Drive 2026-27) - Current status: in_progress
Update complete - Drives: [], Rounds: []
============================================================
Update complete - Drives: [], Rounds: []
============================================================
============================================================
Starting AutoStatusService.update_all()
Current time: 2026-08-13 13:43:29.186121+00:00
============================================================
Updating rounds...
Checking round 8 - Current status: active
  Round Start: 2026-08-13 13:42:00+00:00
  Round Duration: 10 mins
  Test Duration: 5 mins
Round 8 remains active - 8.5 minutes remaining
Checking round 9 - Current status: pending
  Round Start: 2026-08-13 13:55:00+00:00
  Round Duration: 10 mins
  Test Duration: 5 mins
Round 9 remains pending - 12 minutes until start
Updating drives...
Checking drive 4 (VNSGU IBM Drive 2026-27) - Current status: in_progress
Update complete - Drives: [], Rounds: []
============================================================
Middleware triggered by request: /candidate/get-available-drives/
============================================================
Starting AutoStatusService.update_all()
Current time: 2026-08-13 13:43:30.732402+00:00
============================================================
Updating rounds...
Checking round 8 - Current status: active
  Round Start: 2026-08-13 13:42:00+00:00
  Round Duration: 10 mins
  Test Duration: 5 mins
Round 8 remains active - 8.5 minutes remaining
Checking round 9 - Current status: pending
  Round Start: 2026-08-13 13:55:00+00:00
  Round Duration: 10 mins
  Test Duration: 5 mins
Round 9 remains pending - 11 minutes until start
Updating drives...
Checking drive 4 (VNSGU IBM Drive 2026-27) - Current status: in_progress
Update complete - Drives: [], Rounds: []
============================================================
============================================================
Starting AutoStatusService.update_all()
Current time: 2026-08-13 13:43:30.813316+00:00
============================================================
Updating rounds...
Checking round 8 - Current status: active
  Round Start: 2026-08-13 13:42:00+00:00
  Round Duration: 10 mins
  Test Duration: 5 mins
Round 8 remains active - 8.5 minutes remaining
Checking round 9 - Current status: pending
  Round Start: 2026-08-13 13:55:00+00:00
  Round Duration: 10 mins
  Test Duration: 5 mins
Round 9 remains pending - 11 minutes until start
Updating drives...
Checking drive 4 (VNSGU IBM Drive 2026-27) - Current status: in_progress
Update complete - Drives: [], Rounds: []
============================================================
Middleware triggered by request: /candidate/get-available-drives/
============================================================
Starting AutoStatusService.update_all()
Current time: 2026-08-13 13:43:30.843628+00:00
============================================================
Updating rounds...
Checking round 8 - Current status: active
  Round Start: 2026-08-13 13:42:00+00:00
  Round Duration: 10 mins
  Test Duration: 5 mins
Round 8 remains active - 8.5 minutes remaining
Checking round 9 - Current status: pending
  Round Start: 2026-08-13 13:55:00+00:00
  Round Duration: 10 mins
  Test Duration: 5 mins
Round 9 remains pending - 11 minutes until start
Updating drives...
Checking drive 4 (VNSGU IBM Drive 2026-27) - Current status: in_progress
Update complete - Drives: [], Rounds: []
============================================================
============================================================
Starting AutoStatusService.update_all()
Current time: 2026-08-13 13:43:30.924289+00:00
============================================================
Updating rounds...
Checking round 8 - Current status: active
  Round Start: 2026-08-13 13:42:00+00:00
  Round Duration: 10 mins
  Test Duration: 5 mins
Round 8 remains active - 8.5 minutes remaining
Checking round 9 - Current status: pending
  Round Start: 2026-08-13 13:55:00+00:00
  Round Duration: 10 mins
  Test Duration: 5 mins
Round 9 remains pending - 11 minutes until start
Updating drives...
Checking drive 4 (VNSGU IBM Drive 2026-27) - Current status: in_progress
Update complete - Drives: [], Rounds: []
============================================================
Middleware triggered by request: /candidate/get-available-drives/
============================================================
Starting AutoStatusService.update_all()
Current time: 2026-08-13 13:43:32.797336+00:00
============================================================
Updating rounds...
Checking round 8 - Current status: active
  Round Start: 2026-08-13 13:42:00+00:00
  Round Duration: 10 mins
  Test Duration: 5 mins
Round 8 remains active - 8.5 minutes remaining
Checking round 9 - Current status: pending
  Round Start: 2026-08-13 13:55:00+00:00
  Round Duration: 10 mins
  Test Duration: 5 mins
Round 9 remains pending - 11 minutes until start
Updating drives...
Checking drive 4 (VNSGU IBM Drive 2026-27) - Current status: in_progress
Update complete - Drives: [], Rounds: []
============================================================
============================================================
Starting AutoStatusService.update_all()
Current time: 2026-08-13 13:43:32.867378+00:00
============================================================
Updating rounds...
Checking round 8 - Current status: active
  Round Start: 2026-08-13 13:42:00+00:00
  Round Duration: 10 mins
  Test Duration: 5 mins
Round 8 remains active - 8.5 minutes remaining
Checking round 9 - Current status: pending
  Round Start: 2026-08-13 13:55:00+00:00
  Round Duration: 10 mins
  Test Duration: 5 mins
Round 9 remains pending - 11 minutes until start
Updating drives...
Checking drive 4 (VNSGU IBM Drive 2026-27) - Current status: in_progress
Update complete - Drives: [], Rounds: []
============================================================
Middleware triggered by request: /candidate/get-available-drives/
============================================================
Starting AutoStatusService.update_all()
Current time: 2026-08-13 13:43:32.896084+00:00
============================================================
Updating rounds...
Checking round 8 - Current status: active
  Round Start: 2026-08-13 13:42:00+00:00
  Round Duration: 10 mins
  Test Duration: 5 mins
Round 8 remains active - 8.5 minutes remaining
Checking round 9 - Current status: pending
  Round Start: 2026-08-13 13:55:00+00:00
  Round Duration: 10 mins
  Test Duration: 5 mins
Round 9 remains pending - 11 minutes until start
Updating drives...
Checking drive 4 (VNSGU IBM Drive 2026-27) - Current status: in_progress
Update complete - Drives: [], Rounds: []
============================================================
============================================================
Starting AutoStatusService.update_all()
Current time: 2026-08-13 13:43:33.006543+00:00
============================================================
Updating rounds...
Checking round 8 - Current status: active
  Round Start: 2026-08-13 13:42:00+00:00
  Round Duration: 10 mins
  Test Duration: 5 mins
Round 8 remains active - 8.4 minutes remaining
Checking round 9 - Current status: pending
  Round Start: 2026-08-13 13:55:00+00:00
  Round Duration: 10 mins
  Test Duration: 5 mins
Round 9 remains pending - 11 minutes until start
Updating drives...
Checking drive 4 (VNSGU IBM Drive 2026-27) - Current status: in_progress
Update complete - Drives: [], Rounds: []
============================================================
Middleware triggered by request: /candidate/get-available-drives/
============================================================
Starting AutoStatusService.update_all()
Current time: 2026-08-13 13:43:33.040747+00:00
============================================================
Updating rounds...
Checking round 8 - Current status: active
  Round Start: 2026-08-13 13:42:00+00:00
  Round Duration: 10 mins
  Test Duration: 5 mins
Round 8 remains active - 8.4 minutes remaining
Checking round 9 - Current status: pending
  Round Start: 2026-08-13 13:55:00+00:00
  Round Duration: 10 mins
  Test Duration: 5 mins
Round 9 remains pending - 11 minutes until start
Updating drives...
Checking drive 4 (VNSGU IBM Drive 2026-27) - Current status: in_progress
Update complete - Drives: [], Rounds: []
============================================================
============================================================
Starting AutoStatusService.update_all()
Current time: 2026-08-13 13:43:33.127720+00:00
============================================================
Updating rounds...
Checking round 8 - Current status: active
  Round Start: 2026-08-13 13:42:00+00:00
  Round Duration: 10 mins
  Test Duration: 5 mins
Round 8 remains active - 8.4 minutes remaining
Checking round 9 - Current status: pending
  Round Start: 2026-08-13 13:55:00+00:00
  Round Duration: 10 mins
  Test Duration: 5 mins
Round 9 remains pending - 11 minutes until start
Updating drives...
Checking drive 4 (VNSGU IBM Drive 2026-27) - Current status: in_progress
Update complete - Drives: [], Rounds: []
============================================================
Middleware triggered by request: /candidate/get-available-drives/
============================================================
Starting AutoStatusService.update_all()
Current time: 2026-08-13 13:43:33.152713+00:00
============================================================
Updating rounds...
Checking round 8 - Current status: active
  Round Start: 2026-08-13 13:42:00+00:00
  Round Duration: 10 mins
  Test Duration: 5 mins
Round 8 remains active - 8.4 minutes remaining
Checking round 9 - Current status: pending
  Round Start: 2026-08-13 13:55:00+00:00
  Round Duration: 10 mins
  Test Duration: 5 mins
Round 9 remains pending - 11 minutes until start
Updating drives...
Checking drive 4 (VNSGU IBM Drive 2026-27) - Current status: in_progress
Update complete - Drives: [], Rounds: []
============================================================
============================================================
Starting AutoStatusService.update_all()
Current time: 2026-08-13 13:43:33.240910+00:00
============================================================
Updating rounds...
Checking round 8 - Current status: active
  Round Start: 2026-08-13 13:42:00+00:00
  Round Duration: 10 mins
  Test Duration: 5 mins
Round 8 remains active - 8.4 minutes remaining
Checking round 9 - Current status: pending
  Round Start: 2026-08-13 13:55:00+00:00
  Round Duration: 10 mins
  Test Duration: 5 mins
Round 9 remains pending - 11 minutes until start
Updating drives...
Checking drive 4 (VNSGU IBM Drive 2026-27) - Current status: in_progress
Update complete - Drives: [], Rounds: []
============================================================
Middleware triggered by request: /candidate/get-drive-details/4/
============================================================
Starting AutoStatusService.update_all()
Current time: 2026-08-13 13:43:34.191637+00:00
============================================================
Updating rounds...
Checking round 8 - Current status: active
  Round Start: 2026-08-13 13:42:00+00:00
  Round Duration: 10 mins
  Test Duration: 5 mins
Round 8 remains active - 8.4 minutes remaining
Checking round 9 - Current status: pending
  Round Start: 2026-08-13 13:55:00+00:00
  Round Duration: 10 mins
  Test Duration: 5 mins
Round 9 remains pending - 11 minutes until start
Updating drives...
Checking drive 4 (VNSGU IBM Drive 2026-27) - Current status: in_progress
Update complete - Drives: [], Rounds: []
============================================================
Middleware triggered by request: /candidate/get-drive-details/4/
============================================================
Starting AutoStatusService.update_all()
Current time: 2026-08-13 13:43:34.298648+00:00
============================================================
Updating rounds...
Checking round 8 - Current status: active
  Round Start: 2026-08-13 13:42:00+00:00
  Round Duration: 10 mins
  Test Duration: 5 mins
Round 8 remains active - 8.4 minutes remaining
Checking round 9 - Current status: pending
  Round Start: 2026-08-13 13:55:00+00:00
  Round Duration: 10 mins
  Test Duration: 5 mins
Round 9 remains pending - 11 minutes until start
Updating drives...
Checking drive 4 (VNSGU IBM Drive 2026-27) - Current status: in_progress
Update complete - Drives: [], Rounds: []
============================================================
Checking drive 4 (VNSGU IBM Drive 2026-27) - Current status: in_progress
Checking round 8 - Current status: active
  Round Start: 2026-08-13 13:42:00+00:00
  Round Duration: 10 mins
  Test Duration: 5 mins
Round 8 remains active - 7.8 minutes remaining
Checking round 9 - Current status: pending
  Round Start: 2026-08-13 13:55:00+00:00
  Round Duration: 10 mins
  Test Duration: 5 mins
Round 9 remains pending - 11 minutes until start
Checking drive 4 (VNSGU IBM Drive 2026-27) - Current status: in_progress
Checking round 8 - Current status: active
  Round Start: 2026-08-13 13:42:00+00:00
  Round Duration: 10 mins
  Test Duration: 5 mins
Round 8 remains active - 7.8 minutes remaining
Checking round 9 - Current status: pending
  Round Start: 2026-08-13 13:55:00+00:00
  Round Duration: 10 mins
  Test Duration: 5 mins
Round 9 remains pending - 11 minutes until start
Middleware triggered by request: /candidate/get-drive-details/4/
Middleware triggered by request: /candidate/get-available-drives/
============================================================
============================================================
Starting AutoStatusService.update_all()
Starting AutoStatusService.update_all()
Current time: 2026-08-13 13:47:32.517417+00:00
Current time: 2026-08-13 13:47:32.517540+00:00
============================================================
============================================================
Updating rounds...
Updating rounds...
Checking round 8 - Current status: active
  Round Start: 2026-08-13 13:42:00+00:00
Round 8 remains active - 4.5 minutes remaining
Checking round 9 - Current status: pending
  Round Start: 2026-08-13 13:55:00+00:00
Round 9 remains pending - 7 minutes until start
Updating drives...
Checking round 8 - Current status: active
  Round Start: 2026-08-13 13:42:00+00:00
Round 8 remains active - 4.5 minutes remaining
Checking round 9 - Current status: pending
  Round Start: 2026-08-13 13:55:00+00:00
Round 9 remains pending - 7 minutes until start
Updating drives...
Checking drive 4 (VNSGU IBM Drive 2026-27) - Current status: in_progress
Checking drive 4 (VNSGU IBM Drive 2026-27) - Current status: in_progress
Update complete - Drives: [], Rounds: []
============================================================
Update complete - Drives: [], Rounds: []
============================================================
============================================================
Starting AutoStatusService.update_all()
Current time: 2026-08-13 13:47:32.628868+00:00
============================================================
Updating rounds...
Checking round 8 - Current status: active
  Round Start: 2026-08-13 13:42:00+00:00
Round 8 remains active - 4.5 minutes remaining
Checking round 9 - Current status: pending
  Round Start: 2026-08-13 13:55:00+00:00
Round 9 remains pending - 7 minutes until start
Updating drives...
Checking drive 4 (VNSGU IBM Drive 2026-27) - Current status: in_progress
Update complete - Drives: [], Rounds: []
============================================================
Middleware triggered by request: /candidate/get-available-drives/
============================================================
Starting AutoStatusService.update_all()
Current time: 2026-08-13 13:47:32.677877+00:00
============================================================
Updating rounds...
Middleware triggered by request: /candidate/get-drive-details/4/
============================================================
Starting AutoStatusService.update_all()
Current time: 2026-08-13 13:47:32.708335+00:00
============================================================
Updating rounds...
Checking round 8 - Current status: active
  Round Start: 2026-08-13 13:42:00+00:00
Round 8 remains active - 4.5 minutes remaining
Checking round 9 - Current status: pending
  Round Start: 2026-08-13 13:55:00+00:00
Round 9 remains pending - 7 minutes until start
Updating drives...
Checking round 8 - Current status: active
Checking drive 4 (VNSGU IBM Drive 2026-27) - Current status: in_progress
  Round Start: 2026-08-13 13:42:00+00:00
Round 8 remains active - 4.5 minutes remaining
Checking round 9 - Current status: pending
Update complete - Drives: [], Rounds: []
============================================================
  Round Start: 2026-08-13 13:55:00+00:00
Round 9 remains pending - 7 minutes until start
Updating drives...
Checking drive 4 (VNSGU IBM Drive 2026-27) - Current status: in_progress
Update complete - Drives: [], Rounds: []
============================================================
============================================================
Starting AutoStatusService.update_all()
Current time: 2026-08-13 13:47:32.806382+00:00
============================================================
Updating rounds...
Checking round 8 - Current status: active
  Round Start: 2026-08-13 13:42:00+00:00
Round 8 remains active - 4.5 minutes remaining
Checking round 9 - Current status: pending
  Round Start: 2026-08-13 13:55:00+00:00
Round 9 remains pending - 7 minutes until start
Updating drives...
Checking drive 4 (VNSGU IBM Drive 2026-27) - Current status: in_progress
Update complete - Drives: [], Rounds: []
============================================================
Middleware triggered by request: /candidate/get-round-details/8/
============================================================
Starting AutoStatusService.update_all()
Current time: 2026-08-13 13:47:36.101657+00:00
============================================================
Updating rounds...
Checking round 8 - Current status: active
  Round Start: 2026-08-13 13:42:00+00:00
Round 8 remains active - 4.4 minutes remaining
Checking round 9 - Current status: pending
  Round Start: 2026-08-13 13:55:00+00:00
Round 9 remains pending - 7 minutes until start
Updating drives...
Checking drive 4 (VNSGU IBM Drive 2026-27) - Current status: in_progress
Update complete - Drives: [], Rounds: []
============================================================
Middleware triggered by request: /candidate/get-round-details/8/
============================================================
Starting AutoStatusService.update_all()
Current time: 2026-08-13 13:47:36.192839+00:00
============================================================
Updating rounds...
Middleware triggered by request: /candidate/get-attempt-status/8/
============================================================
Starting AutoStatusService.update_all()
Current time: 2026-08-13 13:47:36.198268+00:00
============================================================
Updating rounds...
Checking round 8 - Current status: active
  Round Start: 2026-08-13 13:42:00+00:00
Round 8 remains active - 4.4 minutes remaining
Checking round 9 - Current status: pending
  Round Start: 2026-08-13 13:55:00+00:00
Round 9 remains pending - 7 minutes until start
Updating drives...
Checking drive 4 (VNSGU IBM Drive 2026-27) - Current status: in_progress
Update complete - Drives: [], Rounds: []
============================================================
Checking round 8 - Current status: active
  Round Start: 2026-08-13 13:42:00+00:00
Round 8 remains active - 4.4 minutes remaining
Checking round 9 - Current status: pending
  Round Start: 2026-08-13 13:55:00+00:00
Round 9 remains pending - 7 minutes until start
Updating drives...
Checking drive 4 (VNSGU IBM Drive 2026-27) - Current status: in_progress
Update complete - Drives: [], Rounds: []
============================================================
Middleware triggered by request: /candidate/get-attempt-status/8/
============================================================
Starting AutoStatusService.update_all()
Current time: 2026-08-13 13:47:36.306705+00:00
============================================================
Updating rounds...
Checking round 8 - Current status: active
  Round Start: 2026-08-13 13:42:00+00:00
Round 8 remains active - 4.4 minutes remaining
Checking round 9 - Current status: pending
  Round Start: 2026-08-13 13:55:00+00:00
Round 9 remains pending - 7 minutes until start
Updating drives...
Checking drive 4 (VNSGU IBM Drive 2026-27) - Current status: in_progress
Update complete - Drives: [], Rounds: []
============================================================
Middleware triggered by request: /candidate/start-aptitude-test/8/
============================================================
Starting AutoStatusService.update_all()
Current time: 2026-08-13 13:47:38.290093+00:00
============================================================
Updating rounds...
Checking round 8 - Current status: active
  Round Start: 2026-08-13 13:42:00+00:00
Round 8 remains active - 4.4 minutes remaining
Checking round 9 - Current status: pending
  Round Start: 2026-08-13 13:55:00+00:00
Round 9 remains pending - 7 minutes until start
Updating drives...
Checking drive 4 (VNSGU IBM Drive 2026-27) - Current status: in_progress
Update complete - Drives: [], Rounds: []
============================================================
Middleware triggered by request: /candidate/start-aptitude-test/8/
============================================================
Starting AutoStatusService.update_all()
Current time: 2026-08-13 13:47:46.689488+00:00
============================================================
Updating rounds...
Checking round 8 - Current status: active
  Round Start: 2026-08-13 13:42:00+00:00
Round 8 remains active - 4.2 minutes remaining
Checking round 9 - Current status: pending
  Round Start: 2026-08-13 13:55:00+00:00
Round 9 remains pending - 7 minutes until start
Updating drives...
Checking drive 4 (VNSGU IBM Drive 2026-27) - Current status: in_progress
Update complete - Drives: [], Rounds: []
============================================================
Checking drive 4 (VNSGU IBM Drive 2026-27) - Current status: in_progress
Checking round 8 - Current status: active
  Round Start: 2026-08-13 13:42:00+00:00
Round 8 remains active - 4.1 minutes remaining
Checking round 9 - Current status: pending
  Round Start: 2026-08-13 13:55:00+00:00
Round 9 remains pending - 7 minutes until start
Checking drive 4 (VNSGU IBM Drive 2026-27) - Current status: in_progress
Checking round 8 - Current status: active
  Round Start: 2026-08-13 13:42:00+00:00
Round 8 remains active - 4.1 minutes remaining
Checking round 9 - Current status: pending
  Round Start: 2026-08-13 13:55:00+00:00
Round 9 remains pending - 7 minutes until start
Checking drive 4 (VNSGU IBM Drive 2026-27) - Current status: in_progress
Checking round 8 - Current status: active
  Round Start: 2026-08-13 13:48:00+00:00
Round 8 remains active - 4.8 minutes remaining
Checking round 9 - Current status: pending
  Round Start: 2026-08-13 13:55:00+00:00
Round 9 remains pending - 7 minutes until start
Checking drive 4 (VNSGU IBM Drive 2026-27) - Current status: in_progress
Checking round 8 - Current status: active
  Round Start: 2026-08-13 13:48:00+00:00
Round 8 remains active - 4.8 minutes remaining
Checking round 9 - Current status: pending
  Round Start: 2026-08-13 13:55:00+00:00
Round 9 remains pending - 7 minutes until start
Middleware triggered by request: /candidate/get-round-details/8/
Middleware triggered by request: /candidate/get-available-drives/
============================================================
============================================================
Starting AutoStatusService.update_all()
Starting AutoStatusService.update_all()
Current time: 2026-08-13 13:48:12.248933+00:00
Current time: 2026-08-13 13:48:12.249069+00:00
============================================================
============================================================
Updating rounds...
Updating rounds...
Checking round 8 - Current status: active
  Round Start: 2026-08-13 13:48:00+00:00
Round 8 remains active - 4.8 minutes remaining
Checking round 9 - Current status: pending
  Round Start: 2026-08-13 13:55:00+00:00
Round 9 remains pending - 7 minutes until start
Updating drives...
Checking drive 4 (VNSGU IBM Drive 2026-27) - Current status: in_progress
Update complete - Drives: [], Rounds: []
============================================================
Middleware triggered by request: /candidate/get-round-details/8/
============================================================
Starting AutoStatusService.update_all()
Current time: 2026-08-13 13:48:12.338613+00:00
============================================================
Updating rounds...
Middleware triggered by request: /candidate/get-attempt-status/8/
============================================================
Starting AutoStatusService.update_all()
Current time: 2026-08-13 13:48:12.342602+00:00
============================================================
Updating rounds...
Checking round 8 - Current status: active
  Round Start: 2026-08-13 13:48:00+00:00
Round 8 remains active - 4.8 minutes remaining
Checking round 9 - Current status: pending
  Round Start: 2026-08-13 13:55:00+00:00
Round 9 remains pending - 7 minutes until start
Updating drives...
Checking round 8 - Current status: active
  Round Start: 2026-08-13 13:48:00+00:00
Round 8 remains active - 4.8 minutes remaining
Checking round 9 - Current status: pending
  Round Start: 2026-08-13 13:55:00+00:00
Round 9 remains pending - 7 minutes until start
Updating drives...
Checking drive 4 (VNSGU IBM Drive 2026-27) - Current status: in_progress
Update complete - Drives: [], Rounds: []
============================================================
Checking drive 4 (VNSGU IBM Drive 2026-27) - Current status: in_progress
Update complete - Drives: [], Rounds: []
============================================================
Checking round 8 - Current status: active
  Round Start: 2026-08-13 13:48:00+00:00
Round 8 remains active - 4.8 minutes remaining
Checking round 9 - Current status: pending
  Round Start: 2026-08-13 13:55:00+00:00
Round 9 remains pending - 7 minutes until start
Updating drives...
Checking drive 4 (VNSGU IBM Drive 2026-27) - Current status: in_progress
Update complete - Drives: [], Rounds: []
============================================================
============================================================
Starting AutoStatusService.update_all()
Current time: 2026-08-13 13:48:12.429837+00:00
============================================================
Updating rounds...
Middleware triggered by request: /candidate/get-attempt-status/8/
============================================================
Starting AutoStatusService.update_all()
Checking round 8 - Current status: active
Current time: 2026-08-13 13:48:12.432686+00:00
  Round Start: 2026-08-13 13:48:00+00:00
============================================================
Round 8 remains active - 4.8 minutes remaining
Checking round 9 - Current status: pending
  Round Start: 2026-08-13 13:55:00+00:00
Round 9 remains pending - 7 minutes until start
Updating drives...
Updating rounds...
Checking drive 4 (VNSGU IBM Drive 2026-27) - Current status: in_progress
Update complete - Drives: [], Rounds: []
============================================================
Middleware triggered by request: /candidate/get-available-drives/
============================================================
Starting AutoStatusService.update_all()
Current time: 2026-08-13 13:48:12.447861+00:00
============================================================
Updating rounds...
Checking round 8 - Current status: active
  Round Start: 2026-08-13 13:48:00+00:00
Round 8 remains active - 4.8 minutes remaining
Checking round 9 - Current status: pending
  Round Start: 2026-08-13 13:55:00+00:00
Round 9 remains pending - 7 minutes until start
Updating drives...
Checking drive 4 (VNSGU IBM Drive 2026-27) - Current status: in_progress
Update complete - Drives: [], Rounds: []
============================================================
Checking round 8 - Current status: active
  Round Start: 2026-08-13 13:48:00+00:00
Round 8 remains active - 4.8 minutes remaining
Checking round 9 - Current status: pending
  Round Start: 2026-08-13 13:55:00+00:00
Round 9 remains pending - 7 minutes until start
Updating drives...
Checking drive 4 (VNSGU IBM Drive 2026-27) - Current status: in_progress
Update complete - Drives: [], Rounds: []
============================================================
============================================================
Starting AutoStatusService.update_all()
Current time: 2026-08-13 13:48:12.614916+00:00
============================================================
Updating rounds...
Checking round 8 - Current status: active
  Round Start: 2026-08-13 13:48:00+00:00
Round 8 remains active - 4.8 minutes remaining
Checking round 9 - Current status: pending
  Round Start: 2026-08-13 13:55:00+00:00
Round 9 remains pending - 7 minutes until start
Updating drives...
Checking drive 4 (VNSGU IBM Drive 2026-27) - Current status: in_progress
Update complete - Drives: [], Rounds: []
============================================================
Middleware triggered by request: /candidate/start-aptitude-test/8/
============================================================
Starting AutoStatusService.update_all()
Current time: 2026-08-13 13:48:14.191006+00:00
============================================================
Updating rounds...
Checking round 8 - Current status: active
  Round Start: 2026-08-13 13:48:00+00:00
Round 8 remains active - 4.8 minutes remaining
Checking round 9 - Current status: pending
  Round Start: 2026-08-13 13:55:00+00:00
Round 9 remains pending - 7 minutes until start
Updating drives...
Checking drive 4 (VNSGU IBM Drive 2026-27) - Current status: in_progress
Update complete - Drives: [], Rounds: []
============================================================
Middleware triggered by request: /candidate/submit-aptitude-test/3/
============================================================
Starting AutoStatusService.update_all()
Current time: 2026-08-13 13:48:58.131536+00:00
============================================================
Updating rounds...
Checking round 8 - Current status: active
  Round Start: 2026-08-13 13:48:00+00:00
Round 8 remains active - 4.0 minutes remaining
Checking round 9 - Current status: pending
  Round Start: 2026-08-13 13:55:00+00:00
Round 9 remains pending - 6 minutes until start
Updating drives...
Checking drive 4 (VNSGU IBM Drive 2026-27) - Current status: in_progress
Update complete - Drives: [], Rounds: []
============================================================
Middleware triggered by request: /candidate/get-drive-details/8/
============================================================
Starting AutoStatusService.update_all()
Current time: 2026-08-13 13:49:00.024781+00:00
============================================================
Updating rounds...
Checking round 8 - Current status: active
  Round Start: 2026-08-13 13:48:00+00:00
Round 8 remains active - 4.0 minutes remaining
Checking round 9 - Current status: pending
  Round Start: 2026-08-13 13:55:00+00:00
Round 9 remains pending - 6 minutes until start
Updating drives...
Checking drive 4 (VNSGU IBM Drive 2026-27) - Current status: in_progress
Update complete - Drives: [], Rounds: []
============================================================
Middleware triggered by request: /candidate/get-drive-details/8/
============================================================
Starting AutoStatusService.update_all()
Current time: 2026-08-13 13:49:00.116920+00:00
============================================================
Updating rounds...
Checking round 8 - Current status: active
  Round Start: 2026-08-13 13:48:00+00:00
Round 8 remains active - 4.0 minutes remaining
Checking round 9 - Current status: pending
  Round Start: 2026-08-13 13:55:00+00:00
Round 9 remains pending - 6 minutes until start
Updating drives...
Checking drive 4 (VNSGU IBM Drive 2026-27) - Current status: in_progress
Update complete - Drives: [], Rounds: []
============================================================
Middleware triggered by request: /candidate/get-available-drives/
============================================================
Starting AutoStatusService.update_all()
Current time: 2026-08-13 13:49:00.244597+00:00
============================================================
Updating rounds...
Checking round 8 - Current status: active
  Round Start: 2026-08-13 13:48:00+00:00
Round 8 remains active - 4.0 minutes remaining
Checking round 9 - Current status: pending
  Round Start: 2026-08-13 13:55:00+00:00
Round 9 remains pending - 6 minutes until start
Updating drives...
Checking drive 4 (VNSGU IBM Drive 2026-27) - Current status: in_progress
Update complete - Drives: [], Rounds: []
============================================================
============================================================
Starting AutoStatusService.update_all()
Current time: 2026-08-13 13:49:00.323357+00:00
============================================================
Updating rounds...
Checking round 8 - Current status: active
  Round Start: 2026-08-13 13:48:00+00:00
Round 8 remains active - 4.0 minutes remaining
Checking round 9 - Current status: pending
  Round Start: 2026-08-13 13:55:00+00:00
Round 9 remains pending - 6 minutes until start
Updating drives...
Checking drive 4 (VNSGU IBM Drive 2026-27) - Current status: in_progress
Update complete - Drives: [], Rounds: []
============================================================
Middleware triggered by request: /candidate/get-available-drives/
============================================================
Starting AutoStatusService.update_all()
Current time: 2026-08-13 13:49:00.343105+00:00
============================================================
Updating rounds...
Checking round 8 - Current status: active
  Round Start: 2026-08-13 13:48:00+00:00
Round 8 remains active - 4.0 minutes remaining
Checking round 9 - Current status: pending
  Round Start: 2026-08-13 13:55:00+00:00
Round 9 remains pending - 6 minutes until start
Updating drives...
Checking drive 4 (VNSGU IBM Drive 2026-27) - Current status: in_progress
Update complete - Drives: [], Rounds: []
============================================================
============================================================
Starting AutoStatusService.update_all()
Current time: 2026-08-13 13:49:00.430283+00:00
============================================================
Updating rounds...
Checking round 8 - Current status: active
  Round Start: 2026-08-13 13:48:00+00:00
Round 8 remains active - 4.0 minutes remaining
Checking round 9 - Current status: pending
  Round Start: 2026-08-13 13:55:00+00:00
Round 9 remains pending - 6 minutes until start
Updating drives...
Checking drive 4 (VNSGU IBM Drive 2026-27) - Current status: in_progress
Update complete - Drives: [], Rounds: []
============================================================
Middleware triggered by request: /candidate/get-drive-details/4/
============================================================
Starting AutoStatusService.update_all()
Current time: 2026-08-13 13:49:03.123306+00:00
============================================================
Updating rounds...
Checking round 8 - Current status: active
  Round Start: 2026-08-13 13:48:00+00:00
Round 8 remains active - 3.9 minutes remaining
Checking round 9 - Current status: pending
  Round Start: 2026-08-13 13:55:00+00:00
Round 9 remains pending - 6 minutes until start
Updating drives...
Checking drive 4 (VNSGU IBM Drive 2026-27) - Current status: in_progress
Update complete - Drives: [], Rounds: []
============================================================
Middleware triggered by request: /candidate/get-drive-details/4/
============================================================
Starting AutoStatusService.update_all()
Current time: 2026-08-13 13:49:03.217448+00:00
============================================================
Updating rounds...
Checking round 8 - Current status: active
  Round Start: 2026-08-13 13:48:00+00:00
Round 8 remains active - 3.9 minutes remaining
Checking round 9 - Current status: pending
  Round Start: 2026-08-13 13:55:00+00:00
Round 9 remains pending - 6 minutes until start
Updating drives...
Checking drive 4 (VNSGU IBM Drive 2026-27) - Current status: in_progress
Update complete - Drives: [], Rounds: []
============================================================
Middleware triggered by request: /candidate/get-drive-details/4/
Middleware triggered by request: /candidate/get-available-drives/
============================================================
============================================================
Starting AutoStatusService.update_all()
Starting AutoStatusService.update_all()
Current time: 2026-08-13 13:49:29.513363+00:00
Current time: 2026-08-13 13:49:29.513219+00:00
============================================================
============================================================
Updating rounds...
Updating rounds...
Checking round 8 - Current status: active
  Round Start: 2026-08-13 13:48:00+00:00
Round 8 remains active - 3.5 minutes remaining
Checking round 9 - Current status: pending
  Round Start: 2026-08-13 13:55:00+00:00
Round 9 remains pending - 6 minutes until start
Updating drives...
Checking drive 4 (VNSGU IBM Drive 2026-27) - Current status: in_progress
Update complete - Drives: [], Rounds: []
============================================================
============================================================
Starting AutoStatusService.update_all()
Current time: 2026-08-13 13:49:29.581745+00:00
============================================================
Updating rounds...
Checking round 8 - Current status: active
  Round Start: 2026-08-13 13:48:00+00:00
Round 8 remains active - 3.5 minutes remaining
Checking round 9 - Current status: pending
  Round Start: 2026-08-13 13:55:00+00:00
Round 9 remains pending - 6 minutes until start
Updating drives...
Checking drive 4 (VNSGU IBM Drive 2026-27) - Current status: in_progress
Update complete - Drives: [], Rounds: []
============================================================
Middleware triggered by request: /candidate/get-available-drives/
============================================================
Starting AutoStatusService.update_all()
Current time: 2026-08-13 13:49:29.601438+00:00
============================================================
Updating rounds...
Checking round 8 - Current status: active
  Round Start: 2026-08-13 13:48:00+00:00
Round 8 remains active - 3.5 minutes remaining
Checking round 9 - Current status: pending
  Round Start: 2026-08-13 13:55:00+00:00
Round 9 remains pending - 6 minutes until start
Updating drives...
Checking drive 4 (VNSGU IBM Drive 2026-27) - Current status: in_progress
Update complete - Drives: [], Rounds: []
============================================================
============================================================
Checking round 8 - Current status: active
Starting AutoStatusService.update_all()
Current time: 2026-08-13 13:49:29.665551+00:00
  Round Start: 2026-08-13 13:48:00+00:00
Round 8 remains active - 3.5 minutes remaining
============================================================
Checking round 9 - Current status: pending
Updating rounds...
  Round Start: 2026-08-13 13:55:00+00:00
Round 9 remains pending - 6 minutes until start
Updating drives...
Checking round 8 - Current status: active
  Round Start: 2026-08-13 13:48:00+00:00
Round 8 remains active - 3.5 minutes remaining
Checking round 9 - Current status: pending
  Round Start: 2026-08-13 13:55:00+00:00
Round 9 remains pending - 6 minutes until start
Updating drives...
Checking drive 4 (VNSGU IBM Drive 2026-27) - Current status: in_progress
Checking drive 4 (VNSGU IBM Drive 2026-27) - Current status: in_progress
Update complete - Drives: [], Rounds: []
Update complete - Drives: [], Rounds: []
============================================================
============================================================
Middleware triggered by request: /candidate/get-drive-details/4/
============================================================
Starting AutoStatusService.update_all()
Current time: 2026-08-13 13:49:29.721999+00:00
============================================================
Updating rounds...
Checking round 8 - Current status: active
  Round Start: 2026-08-13 13:48:00+00:00
Round 8 remains active - 3.5 minutes remaining
Checking round 9 - Current status: pending
  Round Start: 2026-08-13 13:55:00+00:00
Round 9 remains pending - 6 minutes until start
Updating drives...
Checking drive 4 (VNSGU IBM Drive 2026-27) - Current status: in_progress
Update complete - Drives: [], Rounds: []
============================================================
============================================================
Starting AutoStatusService.update_all()
Current time: 2026-08-13 13:50:36.891127+00:00
============================================================
Updating rounds...
Checking round 8 - Current status: active
  Round Start: 2026-08-13 13:48:00+00:00
Round 8 remains active - 2.4 minutes remaining
Checking round 9 - Current status: pending
  Round Start: 2026-08-13 13:55:00+00:00
Round 9 remains pending - 4 minutes until start
Updating drives...
Checking drive 4 (VNSGU IBM Drive 2026-27) - Current status: in_progress
Update complete - Drives: [], Rounds: []
============================================================
============================================================
Starting AutoStatusService.update_all()
Current time: 2026-08-13 13:50:37.030040+00:00
============================================================
Updating rounds...
Checking round 8 - Current status: active
  Round Start: 2026-08-13 13:48:00+00:00
Round 8 remains active - 2.4 minutes remaining
Checking round 9 - Current status: pending
  Round Start: 2026-08-13 13:55:00+00:00
Round 9 remains pending - 4 minutes until start
Updating drives...
Checking drive 4 (VNSGU IBM Drive 2026-27) - Current status: in_progress
Update complete - Drives: [], Rounds: []
============================================================
Checking drive 4 (VNSGU IBM Drive 2026-27) - Current status: in_progress
Checking round 8 - Current status: active
  Round Start: 2026-08-13 13:48:00+00:00
Round 8 remains active - 2.3 minutes remaining
Checking round 9 - Current status: pending
  Round Start: 2026-08-13 13:55:00+00:00
Round 9 remains pending - 4 minutes until start
Checking drive 4 (VNSGU IBM Drive 2026-27) - Current status: in_progress
Checking round 8 - Current status: active
  Round Start: 2026-08-13 13:48:00+00:00
Round 8 remains active - 2.3 minutes remaining
Checking round 9 - Current status: pending
  Round Start: 2026-08-13 13:55:00+00:00
Round 9 remains pending - 4 minutes until start
Checking drive 4 (VNSGU IBM Drive 2026-27) - Current status: in_progress
Checking round 8 - Current status: active
  Round Start: 2026-08-13 13:48:00+00:00
Round 8 remains active - 2.2 minutes remaining
Checking round 9 - Current status: pending
  Round Start: 2026-08-13 13:55:00+00:00
Round 9 remains pending - 4 minutes until start
Checking drive 4 (VNSGU IBM Drive 2026-27) - Current status: in_progress
Checking round 8 - Current status: active
  Round Start: 2026-08-13 13:48:00+00:00
Round 8 remains active - 2.2 minutes remaining
Checking round 9 - Current status: pending
  Round Start: 2026-08-13 13:55:00+00:00
Round 9 remains pending - 4 minutes until start
============================================================
Starting AutoStatusService.update_all()
Current time: 2026-08-13 13:51:17.663733+00:00
============================================================
Updating rounds...
Checking round 8 - Current status: active
  Round Start: 2026-08-13 13:48:00+00:00
Round 8 remains active - 1.7 minutes remaining
Checking round 9 - Current status: pending
  Round Start: 2026-08-13 13:55:00+00:00
Round 9 remains pending - 4 minutes until start
Updating drives...
Checking drive 4 (VNSGU IBM Drive 2026-27) - Current status: in_progress
Update complete - Drives: [], Rounds: []
============================================================
============================================================
Starting AutoStatusService.update_all()
Current time: 2026-08-13 13:51:17.859078+00:00
============================================================
Updating rounds...
Checking round 8 - Current status: active
  Round Start: 2026-08-13 13:48:00+00:00
Round 8 remains active - 1.7 minutes remaining
Checking round 9 - Current status: pending
  Round Start: 2026-08-13 13:55:00+00:00
Round 9 remains pending - 4 minutes until start
Updating drives...
Checking drive 4 (VNSGU IBM Drive 2026-27) - Current status: in_progress
Update complete - Drives: [], Rounds: []
============================================================
Checking drive 4 (VNSGU IBM Drive 2026-27) - Current status: in_progress
Checking round 8 - Current status: active
  Round Start: 2026-08-13 13:48:00+00:00
Round 8 remains active - 1.7 minutes remaining
Checking round 9 - Current status: pending
  Round Start: 2026-08-13 13:55:00+00:00
Round 9 remains pending - 4 minutes until start
Checking drive 4 (VNSGU IBM Drive 2026-27) - Current status: in_progress
Checking round 8 - Current status: active
  Round Start: 2026-08-13 13:48:00+00:00
Round 8 remains active - 1.7 minutes remaining
Checking round 9 - Current status: pending
  Round Start: 2026-08-13 13:55:00+00:00
Round 9 remains pending - 4 minutes until start
Checking drive 4 (VNSGU IBM Drive 2026-27) - Current status: in_progress
Checking round 8 - Current status: active
  Round Start: 2026-08-13 13:48:00+00:00
Round 8 remains active - 1.6 minutes remaining
Checking round 9 - Current status: pending
  Round Start: 2026-08-13 13:55:00+00:00
Round 9 remains pending - 4 minutes until start
Checking drive 4 (VNSGU IBM Drive 2026-27) - Current status: in_progress
Checking round 8 - Current status: active
  Round Start: 2026-08-13 13:48:00+00:00
Round 8 remains active - 1.6 minutes remaining
Checking round 9 - Current status: pending
  Round Start: 2026-08-13 13:55:00+00:00
Round 9 remains pending - 4 minutes until start
Checking drive 4 (VNSGU IBM Drive 2026-27) - Current status: in_progress
Checking round 8 - Current status: active
  Round Start: 2026-08-13 13:48:00+00:00
Round 8 remains active - 1.4 minutes remaining
Checking round 9 - Current status: pending
  Round Start: 2026-08-13 13:53:00+00:00
Round 9 remains pending - 1 minutes until start
Checking drive 4 (VNSGU IBM Drive 2026-27) - Current status: in_progress
Checking round 8 - Current status: active
  Round Start: 2026-08-13 13:48:00+00:00
Round 8 remains active - 1.4 minutes remaining
Checking round 9 - Current status: pending
  Round Start: 2026-08-13 13:53:00+00:00
Round 9 remains pending - 1 minutes until start
Middleware triggered by request: /candidate/get-drive-details/4/
Middleware triggered by request: /candidate/get-available-drives/
============================================================
============================================================
Starting AutoStatusService.update_all()
Starting AutoStatusService.update_all()
Current time: 2026-08-13 13:52:00.707221+00:00
============================================================
Current time: 2026-08-13 13:52:00.709110+00:00
============================================================
Updating rounds...
Updating rounds...
Checking round 8 - Current status: active
  Round Start: 2026-08-13 13:48:00+00:00
Checking round 8 - Current status: active
Round 8 remains active - 1.0 minutes remaining
  Round Start: 2026-08-13 13:48:00+00:00
Checking round 9 - Current status: pending
Round 8 remains active - 1.0 minutes remaining
  Round Start: 2026-08-13 13:53:00+00:00
Checking round 9 - Current status: pending
Round 9 remains pending - 1 minutes until start
  Round Start: 2026-08-13 13:53:00+00:00
Updating drives...
Round 9 remains pending - 1 minutes until start
Updating drives...
Checking drive 4 (VNSGU IBM Drive 2026-27) - Current status: in_progress
Checking drive 4 (VNSGU IBM Drive 2026-27) - Current status: in_progress
Update complete - Drives: [], Rounds: []
Update complete - Drives: [], Rounds: []
============================================================
============================================================
============================================================
Starting AutoStatusService.update_all()
Current time: 2026-08-13 13:52:00.885648+00:00
============================================================
Updating rounds...
Checking round 8 - Current status: active
  Round Start: 2026-08-13 13:48:00+00:00
Round 8 remains active - 1.0 minutes remaining
Checking round 9 - Current status: pending
  Round Start: 2026-08-13 13:53:00+00:00
Round 9 remains pending - 1 minutes until start
Updating drives...
Checking drive 4 (VNSGU IBM Drive 2026-27) - Current status: in_progress
Update complete - Drives: [], Rounds: []
============================================================
Middleware triggered by request: /candidate/get-available-drives/
============================================================
Starting AutoStatusService.update_all()
Current time: 2026-08-13 13:52:00.959192+00:00
============================================================
Middleware triggered by request: /candidate/get-drive-details/4/
Updating rounds...
============================================================
Starting AutoStatusService.update_all()
Current time: 2026-08-13 13:52:00.974608+00:00
============================================================
Updating rounds...
Checking round 8 - Current status: active
  Round Start: 2026-08-13 13:48:00+00:00
Round 8 remains active - 1.0 minutes remaining
Checking round 9 - Current status: pending
  Round Start: 2026-08-13 13:53:00+00:00
Round 9 remains pending - 1 minutes until start
Updating drives...
Checking drive 4 (VNSGU IBM Drive 2026-27) - Current status: in_progress
Checking round 8 - Current status: active
Update complete - Drives: [], Rounds: []
  Round Start: 2026-08-13 13:48:00+00:00
============================================================
Round 8 remains active - 1.0 minutes remaining
Checking round 9 - Current status: pending
  Round Start: 2026-08-13 13:53:00+00:00
Round 9 remains pending - 1 minutes until start
Updating drives...
Checking drive 4 (VNSGU IBM Drive 2026-27) - Current status: in_progress
Update complete - Drives: [], Rounds: []
============================================================
============================================================
Starting AutoStatusService.update_all()
Current time: 2026-08-13 13:52:01.169282+00:00
============================================================
Updating rounds...
Checking round 8 - Current status: active
  Round Start: 2026-08-13 13:48:00+00:00
Round 8 remains active - 1.0 minutes remaining
Checking round 9 - Current status: pending
  Round Start: 2026-08-13 13:53:00+00:00
Round 9 remains pending - 1 minutes until start
Updating drives...
Checking drive 4 (VNSGU IBM Drive 2026-27) - Current status: in_progress
Update complete - Drives: [], Rounds: []
============================================================
Middleware triggered by request: /candidate/get-round-details/8/
============================================================
Starting AutoStatusService.update_all()
Current time: 2026-08-13 13:52:02.685321+00:00
============================================================
Updating rounds...
Checking round 8 - Current status: active
  Round Start: 2026-08-13 13:48:00+00:00
Round 8 remains active - 1.0 minutes remaining
Checking round 9 - Current status: pending
  Round Start: 2026-08-13 13:53:00+00:00
Round 9 remains pending - 1 minutes until start
Updating drives...
Checking drive 4 (VNSGU IBM Drive 2026-27) - Current status: in_progress
Update complete - Drives: [], Rounds: []
============================================================
Middleware triggered by request: /candidate/get-round-details/8/
============================================================
Starting AutoStatusService.update_all()
Middleware triggered by request: /candidate/get-attempt-status/8/
Current time: 2026-08-13 13:52:02.885073+00:00
============================================================
Updating rounds...
============================================================
Starting AutoStatusService.update_all()
Current time: 2026-08-13 13:52:02.897349+00:00
============================================================
Updating rounds...
Checking round 8 - Current status: active
  Round Start: 2026-08-13 13:48:00+00:00
Round 8 remains active - 0.9 minutes remaining
Checking round 9 - Current status: pending
  Round Start: 2026-08-13 13:53:00+00:00
Checking round 8 - Current status: active
Round 9 remains pending - 1 minutes until start
  Round Start: 2026-08-13 13:48:00+00:00
Updating drives...
Round 8 remains active - 0.9 minutes remaining
Checking round 9 - Current status: pending
  Round Start: 2026-08-13 13:53:00+00:00
Round 9 remains pending - 1 minutes until start
Updating drives...
Checking drive 4 (VNSGU IBM Drive 2026-27) - Current status: in_progress
Update complete - Drives: [], Rounds: []
Checking drive 4 (VNSGU IBM Drive 2026-27) - Current status: in_progress
============================================================
Update complete - Drives: [], Rounds: []
============================================================
Middleware triggered by request: /candidate/get-attempt-status/8/
============================================================
Starting AutoStatusService.update_all()
Current time: 2026-08-13 13:52:03.098390+00:00
============================================================
Updating rounds...
Checking round 8 - Current status: active
  Round Start: 2026-08-13 13:48:00+00:00
Round 8 remains active - 0.9 minutes remaining
Checking round 9 - Current status: pending
  Round Start: 2026-08-13 13:53:00+00:00
Round 9 remains pending - 1 minutes until start
Updating drives...
Checking drive 4 (VNSGU IBM Drive 2026-27) - Current status: in_progress
Update complete - Drives: [], Rounds: []
============================================================
Middleware triggered by request: /candidate/get-drive-details/4/
============================================================
Starting AutoStatusService.update_all()
Current time: 2026-08-13 13:52:05.780811+00:00
============================================================
Updating rounds...
Checking round 8 - Current status: active
  Round Start: 2026-08-13 13:48:00+00:00
Round 8 remains active - 0.9 minutes remaining
Checking round 9 - Current status: pending
  Round Start: 2026-08-13 13:53:00+00:00
Round 9 remains pending - 1 minutes until start
Updating drives...
Checking drive 4 (VNSGU IBM Drive 2026-27) - Current status: in_progress
Update complete - Drives: [], Rounds: []
============================================================
Middleware triggered by request: /candidate/get-drive-details/4/
============================================================
Starting AutoStatusService.update_all()
Current time: 2026-08-13 13:52:05.998939+00:00
============================================================
Updating rounds...
Checking round 8 - Current status: active
  Round Start: 2026-08-13 13:48:00+00:00
Round 8 remains active - 0.9 minutes remaining
Checking round 9 - Current status: pending
  Round Start: 2026-08-13 13:53:00+00:00
Round 9 remains pending - 1 minutes until start
Updating drives...
Checking drive 4 (VNSGU IBM Drive 2026-27) - Current status: in_progress
Update complete - Drives: [], Rounds: []
============================================================
Checking drive 4 (VNSGU IBM Drive 2026-27) - Current status: in_progress
Checking round 8 - Current status: active
  Round Start: 2026-08-13 13:48:00+00:00
Round 8 remains active - 0.8 minutes remaining
Checking round 9 - Current status: pending
  Round Start: 2026-08-13 13:53:00+00:00
Round 9 remains pending - 1 minutes until start
Checking drive 4 (VNSGU IBM Drive 2026-27) - Current status: in_progress
Checking round 8 - Current status: active
  Round Start: 2026-08-13 13:48:00+00:00
Round 8 remains active - 0.8 minutes remaining
Checking round 9 - Current status: pending
  Round Start: 2026-08-13 13:53:00+00:00
Round 9 remains pending - 1 minutes until start
Checking drive 4 (VNSGU IBM Drive 2026-27) - Current status: in_progress
Checking round 8 - Current status: active
  Round Start: 2026-08-13 13:48:00+00:00
Round 8 remains active - 0.4 minutes remaining
Checking round 9 - Current status: pending
  Round Start: 2026-08-13 13:53:00+00:00
Round 9 remains pending - 0 minutes until start
Checking drive 4 (VNSGU IBM Drive 2026-27) - Current status: in_progress
Checking round 8 - Current status: active
  Round Start: 2026-08-13 13:48:00+00:00
Round 8 remains active - 0.4 minutes remaining
Checking round 9 - Current status: pending
  Round Start: 2026-08-13 13:53:00+00:00
Round 9 remains pending - 0 minutes until start
Checking drive 4 (VNSGU IBM Drive 2026-27) - Current status: in_progress
Checking round 8 - Current status: active
  Round Start: 2026-08-13 13:48:00+00:00
Round 8 remains active - 0.3 minutes remaining
Checking round 9 - Current status: pending
  Round Start: 2026-08-13 13:53:00+00:00
Round 9 remains pending - 0 minutes until start
Checking drive 4 (VNSGU IBM Drive 2026-27) - Current status: in_progress
Checking round 8 - Current status: active
  Round Start: 2026-08-13 13:48:00+00:00
Round 8 remains active - 0.3 minutes remaining
Checking round 9 - Current status: pending
  Round Start: 2026-08-13 13:53:00+00:00
Round 9 remains pending - 0 minutes until start
Checking drive 4 (VNSGU IBM Drive 2026-27) - Current status: in_progress
Checking round 8 - Current status: active
  Round Start: 2026-08-13 13:48:00+00:00
Round 8 auto-updated to completed (duration expired)
Checking round 9 - Current status: pending
  Round Start: 2026-08-13 13:53:00+00:00
Round 9 auto-updated to active
Checking drive 4 (VNSGU IBM Drive 2026-27) - Current status: in_progress
Checking round 9 - Current status: active
  Round Start: 2026-08-13 13:53:00+00:00
Round 9 remains active - 2.9 minutes remaining
Middleware triggered by request: /candidate/get-drive-details/4/
Middleware triggered by request: /candidate/get-available-drives/
============================================================
============================================================
Starting AutoStatusService.update_all()
Starting AutoStatusService.update_all()
Current time: 2026-08-13 13:53:08.881570+00:00
Current time: 2026-08-13 13:53:08.882028+00:00
============================================================
Updating rounds...
============================================================
Updating rounds...
Checking round 9 - Current status: active
  Round Start: 2026-08-13 13:53:00+00:00
Checking round 9 - Current status: active
Round 9 remains active - 2.9 minutes remaining
  Round Start: 2026-08-13 13:53:00+00:00
Updating drives...
Round 9 remains active - 2.9 minutes remaining
Updating drives...
Checking drive 4 (VNSGU IBM Drive 2026-27) - Current status: in_progress
Update complete - Drives: [], Rounds: []
Checking drive 4 (VNSGU IBM Drive 2026-27) - Current status: in_progress
============================================================
Update complete - Drives: [], Rounds: []
============================================================
============================================================
Starting AutoStatusService.update_all()
Current time: 2026-08-13 13:53:09.054439+00:00
============================================================
Updating rounds...
Checking round 9 - Current status: active
  Round Start: 2026-08-13 13:53:00+00:00
Round 9 remains active - 2.8 minutes remaining
Updating drives...
Checking drive 4 (VNSGU IBM Drive 2026-27) - Current status: in_progress
Update complete - Drives: [], Rounds: []
============================================================
Middleware triggered by request: /candidate/get-available-drives/
============================================================
Starting AutoStatusService.update_all()
Current time: 2026-08-13 13:53:09.113132+00:00
Middleware triggered by request: /candidate/get-drive-details/4/
============================================================
Updating rounds...
============================================================
Starting AutoStatusService.update_all()
Current time: 2026-08-13 13:53:09.125367+00:00
============================================================
Updating rounds...
Checking round 9 - Current status: active
  Round Start: 2026-08-13 13:53:00+00:00
Round 9 remains active - 2.8 minutes remaining
Updating drives...
Checking round 9 - Current status: active
  Round Start: 2026-08-13 13:53:00+00:00
Round 9 remains active - 2.8 minutes remaining
Updating drives...
Checking drive 4 (VNSGU IBM Drive 2026-27) - Current status: in_progress
Update complete - Drives: [], Rounds: []
============================================================
Checking drive 4 (VNSGU IBM Drive 2026-27) - Current status: in_progress
Update complete - Drives: [], Rounds: []
============================================================
============================================================
Starting AutoStatusService.update_all()
Current time: 2026-08-13 13:53:09.298338+00:00
============================================================
Updating rounds...
Checking round 9 - Current status: active
  Round Start: 2026-08-13 13:53:00+00:00
Round 9 remains active - 2.8 minutes remaining
Updating drives...
Checking drive 4 (VNSGU IBM Drive 2026-27) - Current status: in_progress
Update complete - Drives: [], Rounds: []
============================================================
Middleware triggered by request: /candidate/get-round-details/9/
============================================================
Starting AutoStatusService.update_all()
Current time: 2026-08-13 13:53:11.183929+00:00
============================================================
Updating rounds...
Checking round 9 - Current status: active
  Round Start: 2026-08-13 13:53:00+00:00
Round 9 remains active - 2.8 minutes remaining
Updating drives...
Checking drive 4 (VNSGU IBM Drive 2026-27) - Current status: in_progress
Update complete - Drives: [], Rounds: []
============================================================
Middleware triggered by request: /candidate/get-round-details/9/
============================================================
Starting AutoStatusService.update_all()
Middleware triggered by request: /candidate/get-attempt-status/9/
Current time: 2026-08-13 13:53:11.428244+00:00
============================================================
============================================================
Starting AutoStatusService.update_all()
Updating rounds...
Current time: 2026-08-13 13:53:11.437797+00:00
============================================================
Updating rounds...
Checking round 9 - Current status: active
  Round Start: 2026-08-13 13:53:00+00:00
Round 9 remains active - 2.8 minutes remaining
Updating drives...
Checking round 9 - Current status: active
  Round Start: 2026-08-13 13:53:00+00:00
Round 9 remains active - 2.8 minutes remaining
Updating drives...
Checking drive 4 (VNSGU IBM Drive 2026-27) - Current status: in_progress
Update complete - Drives: [], Rounds: []
============================================================
Checking drive 4 (VNSGU IBM Drive 2026-27) - Current status: in_progress
Update complete - Drives: [], Rounds: []
============================================================
Middleware triggered by request: /candidate/get-attempt-status/9/
============================================================
Starting AutoStatusService.update_all()
Current time: 2026-08-13 13:53:11.624970+00:00
============================================================
Updating rounds...
Checking round 9 - Current status: active
  Round Start: 2026-08-13 13:53:00+00:00
Round 9 remains active - 2.8 minutes remaining
Updating drives...
Checking drive 4 (VNSGU IBM Drive 2026-27) - Current status: in_progress
Update complete - Drives: [], Rounds: []
============================================================
Middleware triggered by request: /candidate/start-coding-test/9/
============================================================
Starting AutoStatusService.update_all()
Current time: 2026-08-13 13:53:13.148419+00:00
============================================================
Updating rounds...
Checking round 9 - Current status: active
  Round Start: 2026-08-13 13:53:00+00:00
Round 9 remains active - 2.8 minutes remaining
Updating drives...
Checking drive 4 (VNSGU IBM Drive 2026-27) - Current status: in_progress
Update complete - Drives: [], Rounds: []
============================================================
Middleware triggered by request: /candidate/get-saved-submissions/4/
============================================================
Starting AutoStatusService.update_all()
Current time: 2026-08-13 13:53:13.437371+00:00
============================================================
Updating rounds...
Checking round 9 - Current status: active
  Round Start: 2026-08-13 13:53:00+00:00
Round 9 remains active - 2.8 minutes remaining
Updating drives...
Checking drive 4 (VNSGU IBM Drive 2026-27) - Current status: in_progress
Update complete - Drives: [], Rounds: []
============================================================
Middleware triggered by request: /candidate/get-saved-submissions/4/
============================================================
Starting AutoStatusService.update_all()
Current time: 2026-08-13 13:53:13.589592+00:00
============================================================
Updating rounds...
Checking round 9 - Current status: active
  Round Start: 2026-08-13 13:53:00+00:00
Round 9 remains active - 2.8 minutes remaining
Updating drives...
Checking drive 4 (VNSGU IBM Drive 2026-27) - Current status: in_progress
Update complete - Drives: [], Rounds: []
============================================================
Middleware triggered by request: /candidate/run-coding-code/
============================================================
Starting AutoStatusService.update_all()
Current time: 2026-08-13 13:53:17.963002+00:00
============================================================
Updating rounds...
Checking round 9 - Current status: active
  Round Start: 2026-08-13 13:53:00+00:00
Round 9 remains active - 2.7 minutes remaining
Updating drives...
Checking drive 4 (VNSGU IBM Drive 2026-27) - Current status: in_progress
Update complete - Drives: [], Rounds: []
============================================================
Middleware triggered by request: /candidate/save-coding-code/
============================================================
Starting AutoStatusService.update_all()
Current time: 2026-08-13 13:53:18.243099+00:00
============================================================
Updating rounds...
Checking round 9 - Current status: active
  Round Start: 2026-08-13 13:53:00+00:00
Round 9 remains active - 2.7 minutes remaining
Updating drives...
Checking drive 4 (VNSGU IBM Drive 2026-27) - Current status: in_progress
Update complete - Drives: [], Rounds: []
============================================================
Middleware triggered by request: /candidate/submit-coding-question/
============================================================
Starting AutoStatusService.update_all()
Current time: 2026-08-13 13:53:25.293743+00:00
============================================================
Updating rounds...
Checking round 9 - Current status: active
  Round Start: 2026-08-13 13:53:00+00:00
Round 9 remains active - 2.6 minutes remaining
Updating drives...
Checking drive 4 (VNSGU IBM Drive 2026-27) - Current status: in_progress
Update complete - Drives: [], Rounds: []
============================================================
Middleware triggered by request: /candidate/get-saved-submissions/4/
============================================================
Starting AutoStatusService.update_all()
Current time: 2026-08-13 13:53:25.841352+00:00
============================================================
Updating rounds...
Checking round 9 - Current status: active
  Round Start: 2026-08-13 13:53:00+00:00
Round 9 remains active - 2.6 minutes remaining
Updating drives...
Checking drive 4 (VNSGU IBM Drive 2026-27) - Current status: in_progress
Update complete - Drives: [], Rounds: []
============================================================
Middleware triggered by request: /candidate/submit-coding-round/
============================================================
Starting AutoStatusService.update_all()
Current time: 2026-08-13 13:53:29.293892+00:00
============================================================
Updating rounds...
Checking round 9 - Current status: active
  Round Start: 2026-08-13 13:53:00+00:00
Round 9 remains active - 2.5 minutes remaining
Updating drives...
Checking drive 4 (VNSGU IBM Drive 2026-27) - Current status: in_progress
Update complete - Drives: [], Rounds: []
============================================================
Middleware triggered by request: /candidate/get-drive-details/9/
============================================================
Starting AutoStatusService.update_all()
Current time: 2026-08-13 13:53:31.437950+00:00
============================================================
Updating rounds...
Checking round 9 - Current status: active
  Round Start: 2026-08-13 13:53:00+00:00
Round 9 remains active - 2.5 minutes remaining
Updating drives...
Checking drive 4 (VNSGU IBM Drive 2026-27) - Current status: in_progress
Update complete - Drives: [], Rounds: []
============================================================
Middleware triggered by request: /candidate/get-drive-details/9/
============================================================
Starting AutoStatusService.update_all()
Current time: 2026-08-13 13:53:31.648684+00:00
============================================================
Updating rounds...
Middleware triggered by request: /candidate/get-available-drives/
============================================================
Starting AutoStatusService.update_all()
Current time: 2026-08-13 13:53:31.709311+00:00
============================================================
Updating rounds...
Checking round 9 - Current status: active
  Round Start: 2026-08-13 13:53:00+00:00
Round 9 remains active - 2.5 minutes remaining
Updating drives...
Checking drive 4 (VNSGU IBM Drive 2026-27) - Current status: in_progress
Update complete - Drives: [], Rounds: []
============================================================
Checking round 9 - Current status: active
  Round Start: 2026-08-13 13:53:00+00:00
Round 9 remains active - 2.5 minutes remaining
Updating drives...
Checking drive 4 (VNSGU IBM Drive 2026-27) - Current status: in_progress
Update complete - Drives: [], Rounds: []
============================================================
============================================================
Starting AutoStatusService.update_all()
Current time: 2026-08-13 13:53:31.885350+00:00
============================================================
Updating rounds...
Checking round 9 - Current status: active
  Round Start: 2026-08-13 13:53:00+00:00
Round 9 remains active - 2.5 minutes remaining
Updating drives...
Checking drive 4 (VNSGU IBM Drive 2026-27) - Current status: in_progress
Update complete - Drives: [], Rounds: []
============================================================
Middleware triggered by request: /candidate/get-available-drives/
============================================================
Starting AutoStatusService.update_all()
Current time: 2026-08-13 13:53:31.926841+00:00
============================================================
Updating rounds...
Checking round 9 - Current status: active
  Round Start: 2026-08-13 13:53:00+00:00
Round 9 remains active - 2.5 minutes remaining
Updating drives...
Checking drive 4 (VNSGU IBM Drive 2026-27) - Current status: in_progress
Update complete - Drives: [], Rounds: []
============================================================
============================================================
Starting AutoStatusService.update_all()
Current time: 2026-08-13 13:53:32.067645+00:00
============================================================
Updating rounds...
Checking round 9 - Current status: active
  Round Start: 2026-08-13 13:53:00+00:00
Round 9 remains active - 2.5 minutes remaining
Updating drives...
Checking drive 4 (VNSGU IBM Drive 2026-27) - Current status: in_progress
Update complete - Drives: [], Rounds: []
============================================================
Middleware triggered by request: /candidate/get-drive-details/4/
============================================================
Starting AutoStatusService.update_all()
Current time: 2026-08-13 13:53:35.138390+00:00
============================================================
Updating rounds...
Checking round 9 - Current status: active
  Round Start: 2026-08-13 13:53:00+00:00
Round 9 remains active - 2.4 minutes remaining
Updating drives...
Checking drive 4 (VNSGU IBM Drive 2026-27) - Current status: in_progress
Update complete - Drives: [], Rounds: []
============================================================
Middleware triggered by request: /candidate/get-drive-details/4/
============================================================
Starting AutoStatusService.update_all()
Current time: 2026-08-13 13:53:35.395961+00:00
============================================================
Updating rounds...
Checking round 9 - Current status: active
  Round Start: 2026-08-13 13:53:00+00:00
Round 9 remains active - 2.4 minutes remaining
Updating drives...
Checking drive 4 (VNSGU IBM Drive 2026-27) - Current status: in_progress
Update complete - Drives: [], Rounds: []
============================================================
Checking drive 4 (VNSGU IBM Drive 2026-27) - Current status: in_progress
Checking round 9 - Current status: active
  Round Start: 2026-08-13 13:53:00+00:00
Round 9 remains active - 2.3 minutes remaining
Checking drive 4 (VNSGU IBM Drive 2026-27) - Current status: in_progress
Checking round 9 - Current status: active
  Round Start: 2026-08-13 13:53:00+00:00
Round 9 remains active - 2.3 minutes remaining
Middleware triggered by request: /candidate/get-drive-details/4/
Middleware triggered by request: /candidate/get-available-drives/
============================================================
============================================================
Starting AutoStatusService.update_all()
Starting AutoStatusService.update_all()
Current time: 2026-08-13 13:54:06.250787+00:00
Current time: 2026-08-13 13:54:06.251052+00:00
============================================================
============================================================
Updating rounds...
Updating rounds...
Checking round 9 - Current status: active
  Round Start: 2026-08-13 13:53:00+00:00
Round 9 remains active - 1.9 minutes remaining
Checking round 9 - Current status: active
Updating drives...
  Round Start: 2026-08-13 13:53:00+00:00
Round 9 remains active - 1.9 minutes remaining
Updating drives...
Checking drive 4 (VNSGU IBM Drive 2026-27) - Current status: in_progress
Checking drive 4 (VNSGU IBM Drive 2026-27) - Current status: in_progress
Update complete - Drives: [], Rounds: []
============================================================
Update complete - Drives: [], Rounds: []
============================================================
============================================================
Starting AutoStatusService.update_all()
Current time: 2026-08-13 13:54:06.433031+00:00
============================================================
Updating rounds...
Checking round 9 - Current status: active
  Round Start: 2026-08-13 13:53:00+00:00
Round 9 remains active - 1.9 minutes remaining
Updating drives...
Checking drive 4 (VNSGU IBM Drive 2026-27) - Current status: in_progress
Update complete - Drives: [], Rounds: []
============================================================
Middleware triggered by request: /candidate/get-available-drives/
============================================================
Starting AutoStatusService.update_all()
Current time: 2026-08-13 13:54:06.499233+00:00
============================================================
Updating rounds...
Middleware triggered by request: /candidate/get-drive-details/4/
============================================================
Starting AutoStatusService.update_all()
Current time: 2026-08-13 13:54:06.510513+00:00
============================================================
Updating rounds...
Checking round 9 - Current status: active
  Round Start: 2026-08-13 13:53:00+00:00
Round 9 remains active - 1.9 minutes remaining
Updating drives...
Checking round 9 - Current status: active
  Round Start: 2026-08-13 13:53:00+00:00
Checking drive 4 (VNSGU IBM Drive 2026-27) - Current status: in_progress
Round 9 remains active - 1.9 minutes remaining
Updating drives...
Update complete - Drives: [], Rounds: []
============================================================
Checking drive 4 (VNSGU IBM Drive 2026-27) - Current status: in_progress
Update complete - Drives: [], Rounds: []
============================================================
============================================================
Starting AutoStatusService.update_all()
Current time: 2026-08-13 13:54:06.658033+00:00
============================================================
Updating rounds...
Checking round 9 - Current status: active
  Round Start: 2026-08-13 13:53:00+00:00
Round 9 remains active - 1.9 minutes remaining
Updating drives...
Checking drive 4 (VNSGU IBM Drive 2026-27) - Current status: in_progress
Update complete - Drives: [], Rounds: []
============================================================
============================================================
Starting AutoStatusService.update_all()
Current time: 2026-08-13 13:54:13.648636+00:00
============================================================
Updating rounds...
Checking round 9 - Current status: active
  Round Start: 2026-08-13 13:53:00+00:00
Round 9 remains active - 1.8 minutes remaining
Updating drives...
Checking drive 4 (VNSGU IBM Drive 2026-27) - Current status: in_progress
Update complete - Drives: [], Rounds: []
============================================================
============================================================
Starting AutoStatusService.update_all()
Current time: 2026-08-13 13:54:13.854976+00:00
============================================================
Updating rounds...
Checking round 9 - Current status: active
  Round Start: 2026-08-13 13:53:00+00:00
Round 9 remains active - 1.8 minutes remaining
Updating drives...
Checking drive 4 (VNSGU IBM Drive 2026-27) - Current status: in_progress
Update complete - Drives: [], Rounds: []
============================================================
Checking drive 4 (VNSGU IBM Drive 2026-27) - Current status: in_progress
Checking round 9 - Current status: active
  Round Start: 2026-08-13 13:53:00+00:00
Round 9 remains active - 1.7 minutes remaining
Checking drive 4 (VNSGU IBM Drive 2026-27) - Current status: in_progress
Checking round 9 - Current status: active
  Round Start: 2026-08-13 13:53:00+00:00
Round 9 remains active - 1.7 minutes remaining
Checking drive 4 (VNSGU IBM Drive 2026-27) - Current status: in_progress
Checking round 9 - Current status: active
  Round Start: 2026-08-13 13:53:00+00:00
Round 9 auto-updated to completed (duration expired)
Checking drive 4 (VNSGU IBM Drive 2026-27) - Current status: in_progress
Drive 4 auto-updated to completed
Middleware triggered by request: /candidate/get-drive-details/4/
Middleware triggered by request: /candidate/get-available-drives/
============================================================
============================================================
Starting AutoStatusService.update_all()
Starting AutoStatusService.update_all()
Current time: 2026-08-13 13:56:16.644710+00:00
Current time: 2026-08-13 13:56:16.644848+00:00
============================================================
============================================================
Updating rounds...
Updating rounds...
Updating drives...
Updating drives...
Update complete - Drives: [], Rounds: []
============================================================
Update complete - Drives: [], Rounds: []
============================================================
============================================================
Starting AutoStatusService.update_all()
Current time: 2026-08-13 13:56:16.771754+00:00
============================================================
Updating rounds...
Updating drives...
Update complete - Drives: [], Rounds: []
============================================================
Middleware triggered by request: /candidate/get-available-drives/
============================================================
Starting AutoStatusService.update_all()
Current time: 2026-08-13 13:56:16.827020+00:00
============================================================
Updating rounds...
Middleware triggered by request: /candidate/get-drive-details/4/
============================================================
Starting AutoStatusService.update_all()
Current time: 2026-08-13 13:56:16.844606+00:00
============================================================
Updating rounds...
Updating drives...
Updating drives...
Update complete - Drives: [], Rounds: []
============================================================
Update complete - Drives: [], Rounds: []
============================================================
============================================================
Starting AutoStatusService.update_all()
Current time: 2026-08-13 13:56:16.985587+00:00
============================================================
Updating rounds...
Updating drives...
Update complete - Drives: [], Rounds: []
============================================================
Middleware triggered by request: /candidate/get-available-drives/
============================================================
Starting AutoStatusService.update_all()
Current time: 2026-08-13 13:56:19.240100+00:00
============================================================
Updating rounds...
Updating drives...
Update complete - Drives: [], Rounds: []
============================================================
============================================================
Starting AutoStatusService.update_all()
Current time: 2026-08-13 13:56:19.375145+00:00
============================================================
Updating rounds...
Updating drives...
Update complete - Drives: [], Rounds: []
============================================================
Middleware triggered by request: /candidate/get-available-drives/
============================================================
Starting AutoStatusService.update_all()
Current time: 2026-08-13 13:56:19.407548+00:00
============================================================
Updating rounds...
Updating drives...
Update complete - Drives: [], Rounds: []
============================================================
============================================================
Starting AutoStatusService.update_all()
Current time: 2026-08-13 13:56:19.672503+00:00
============================================================
Updating rounds...
Updating drives...
Update complete - Drives: [], Rounds: []
============================================================
============================================================
Starting AutoStatusService.update_all()
Current time: 2026-08-13 13:56:24.210911+00:00
============================================================
Updating rounds...
Updating drives...
Update complete - Drives: [], Rounds: []
============================================================
============================================================
Starting AutoStatusService.update_all()
Current time: 2026-08-13 13:56:24.502324+00:00
============================================================
Updating rounds...
Updating drives...
Update complete - Drives: [], Rounds: []
============================================================
============================================================
Starting AutoStatusService.update_all()
Current time: 2026-08-13 13:56:46.810747+00:00
============================================================
Updating rounds...
Updating drives...
Update complete - Drives: [], Rounds: []
============================================================
============================================================
Starting AutoStatusService.update_all()
Current time: 2026-08-13 13:56:47.000152+00:00
============================================================
Updating rounds...
Updating drives...
Update complete - Drives: [], Rounds: []
============================================================
Drive 1 is completed, skipping
Drive 1 is completed, skipping
============================================================
Starting AutoStatusService.update_all()
Current time: 2026-08-13 13:57:00.291947+00:00
============================================================
Updating rounds...
Updating drives...
Update complete - Drives: [], Rounds: []
============================================================
============================================================
Starting AutoStatusService.update_all()
Current time: 2026-08-13 13:57:00.498384+00:00
============================================================
Updating rounds...
Updating drives...
Update complete - Drives: [], Rounds: []
============================================================
Middleware triggered by request: /candidate/get-available-drives/
============================================================
Starting AutoStatusService.update_all()
Current time: 2026-08-13 13:57:05.099706+00:00
============================================================
Updating rounds...
Updating drives...
Update complete - Drives: [], Rounds: []
============================================================
============================================================
Starting AutoStatusService.update_all()
Current time: 2026-08-13 13:57:05.247344+00:00
============================================================
Updating rounds...
Updating drives...
Update complete - Drives: [], Rounds: []
============================================================
Middleware triggered by request: /candidate/get-available-drives/
============================================================
Starting AutoStatusService.update_all()
Current time: 2026-08-13 13:57:05.283499+00:00
============================================================
Updating rounds...
Updating drives...
Update complete - Drives: [], Rounds: []
============================================================
============================================================
Starting AutoStatusService.update_all()
Current time: 2026-08-13 13:57:05.447524+00:00
============================================================
Updating rounds...
Updating drives...
Update complete - Drives: [], Rounds: []
============================================================
Middleware triggered by request: /candidate/get-candidate-profile/
============================================================
Starting AutoStatusService.update_all()
Current time: 2026-08-13 13:57:05.915716+00:00
============================================================
Updating rounds...
Updating drives...
Update complete - Drives: [], Rounds: []
============================================================
Middleware triggered by request: /candidate/get-candidate-profile/
============================================================
Starting AutoStatusService.update_all()
Current time: 2026-08-13 13:57:06.063203+00:00
============================================================
Updating rounds...
Updating drives...
Update complete - Drives: [], Rounds: []
============================================================
Middleware triggered by request: /candidate/get-education/
============================================================
Starting AutoStatusService.update_all()
Current time: 2026-08-13 13:57:07.038926+00:00
============================================================
Updating rounds...
Updating drives...
Update complete - Drives: [], Rounds: []
============================================================
Middleware triggered by request: /candidate/get-education/
============================================================
Starting AutoStatusService.update_all()
Current time: 2026-08-13 13:57:07.187375+00:00
============================================================
Updating rounds...
Updating drives...
Update complete - Drives: [], Rounds: []
============================================================
Middleware triggered by request: /candidate/get-available-drives/
============================================================
Starting AutoStatusService.update_all()
Current time: 2026-08-14 05:15:15.244920+00:00
============================================================
Updating rounds...
Updating drives...
Update complete - Drives: [], Rounds: []
============================================================
============================================================
Starting AutoStatusService.update_all()
Current time: 2026-08-14 05:15:15.350792+00:00
============================================================
Updating rounds...
Updating drives...
Update complete - Drives: [], Rounds: []
============================================================
Middleware triggered by request: /candidate/get-available-drives/
============================================================
Starting AutoStatusService.update_all()
Current time: 2026-08-14 05:15:15.378645+00:00
============================================================
Updating rounds...
Updating drives...
Update complete - Drives: [], Rounds: []
============================================================
============================================================
Starting AutoStatusService.update_all()
Current time: 2026-08-14 05:15:15.448632+00:00
============================================================
Updating rounds...
Updating drives...
Update complete - Drives: [], Rounds: []
============================================================
Middleware triggered by request: /candidate/get-available-drives/
============================================================
Starting AutoStatusService.update_all()
Current time: 2026-08-14 05:15:18.164045+00:00
============================================================
Updating rounds...
Updating drives...
Update complete - Drives: [], Rounds: []
============================================================
============================================================
Starting AutoStatusService.update_all()
Current time: 2026-08-14 05:15:18.348677+00:00
============================================================
Updating rounds...
Updating drives...
Update complete - Drives: [], Rounds: []
============================================================
Middleware triggered by request: /candidate/get-available-drives/
============================================================
Starting AutoStatusService.update_all()
Current time: 2026-08-14 05:15:18.390787+00:00
============================================================
Updating rounds...
Updating drives...
Update complete - Drives: [], Rounds: []
============================================================
============================================================
Starting AutoStatusService.update_all()
Current time: 2026-08-14 05:15:18.551994+00:00
============================================================
Updating rounds...
Updating drives...
Update complete - Drives: [], Rounds: []
============================================================
Middleware triggered by request: /candidate/get-available-drives/
============================================================
Starting AutoStatusService.update_all()
Current time: 2026-08-14 05:15:19.945031+00:00
============================================================
Updating rounds...
Updating drives...
Update complete - Drives: [], Rounds: []
============================================================
============================================================
Starting AutoStatusService.update_all()
Current time: 2026-08-14 05:15:20.100984+00:00
============================================================
Updating rounds...
Updating drives...
Update complete - Drives: [], Rounds: []
============================================================
Middleware triggered by request: /candidate/get-available-drives/
============================================================
Starting AutoStatusService.update_all()
Current time: 2026-08-14 05:15:20.159627+00:00
============================================================
Updating rounds...
Updating drives...
Update complete - Drives: [], Rounds: []
============================================================
============================================================
Starting AutoStatusService.update_all()
Current time: 2026-08-14 05:15:20.331172+00:00
============================================================
Updating rounds...
Updating drives...
Update complete - Drives: [], Rounds: []
============================================================
Middleware triggered by request: /candidate/get-candidate-profile/
============================================================
Starting AutoStatusService.update_all()
Current time: 2026-08-14 05:15:22.380524+00:00
============================================================
Updating rounds...
Updating drives...
Update complete - Drives: [], Rounds: []
============================================================
Middleware triggered by request: /candidate/get-candidate-profile/
============================================================
Starting AutoStatusService.update_all()
Current time: 2026-08-14 05:15:22.572690+00:00
============================================================
Updating rounds...
Updating drives...
Update complete - Drives: [], Rounds: []
============================================================
Middleware triggered by request: /candidate/get-available-drives/
============================================================
Starting AutoStatusService.update_all()
Current time: 2026-08-14 05:15:24.513019+00:00
============================================================
Updating rounds...
Updating drives...
Update complete - Drives: [], Rounds: []
============================================================
============================================================
Starting AutoStatusService.update_all()
Current time: 2026-08-14 05:15:24.649331+00:00
============================================================
Updating rounds...
Updating drives...
Update complete - Drives: [], Rounds: []
============================================================
Middleware triggered by request: /candidate/get-available-drives/
============================================================
Starting AutoStatusService.update_all()
Current time: 2026-08-14 05:15:24.690954+00:00
============================================================
Updating rounds...
Updating drives...
Update complete - Drives: [], Rounds: []
============================================================
============================================================
Starting AutoStatusService.update_all()
Current time: 2026-08-14 05:15:24.850152+00:00
============================================================
Updating rounds...
Updating drives...
Update complete - Drives: [], Rounds: []
============================================================
Middleware triggered by request: /candidate/get-candidate-profile/
============================================================
Starting AutoStatusService.update_all()
Current time: 2026-08-14 05:15:25.629404+00:00
============================================================
Updating rounds...
Updating drives...
Update complete - Drives: [], Rounds: []
============================================================
Middleware triggered by request: /candidate/get-candidate-profile/
============================================================
Starting AutoStatusService.update_all()
Current time: 2026-08-14 05:15:25.874385+00:00
============================================================
Updating rounds...
Updating drives...
Update complete - Drives: [], Rounds: []
============================================================
Middleware triggered by request: /candidate/get-education/
============================================================
Starting AutoStatusService.update_all()
Current time: 2026-08-14 05:15:39.055316+00:00
============================================================
Updating rounds...
Updating drives...
Update complete - Drives: [], Rounds: []
============================================================
Middleware triggered by request: /candidate/get-education/
============================================================
Starting AutoStatusService.update_all()
Current time: 2026-08-14 05:15:39.221849+00:00
============================================================
Updating rounds...
Updating drives...
Update complete - Drives: [], Rounds: []
============================================================
============================================================
Starting AutoStatusService.update_all()
Current time: 2026-08-14 05:16:36.564845+00:00
============================================================
Updating rounds...
Updating drives...
Update complete - Drives: [], Rounds: []
============================================================
============================================================
Starting AutoStatusService.update_all()
Current time: 2026-08-14 05:16:36.695767+00:00
============================================================
Updating rounds...
Updating drives...
Update complete - Drives: [], Rounds: []
============================================================
Middleware triggered by request: /candidate/get-available-drives/
============================================================
Starting AutoStatusService.update_all()
Middleware triggered by request: /candidate/get-language/
============================================================
Current time: 2026-08-14 05:16:59.409999+00:00
Starting AutoStatusService.update_all()
============================================================
Current time: 2026-08-14 05:16:59.411707+00:00
Updating rounds...
============================================================
Updating rounds...
Updating drives...
Updating drives...
Update complete - Drives: [], Rounds: []
============================================================
Update complete - Drives: [], Rounds: []
============================================================
============================================================
Starting AutoStatusService.update_all()
Current time: 2026-08-14 05:16:59.582966+00:00
============================================================
Updating rounds...
Middleware triggered by request: /candidate/get-language/
============================================================
Updating drives...
Starting AutoStatusService.update_all()
Current time: 2026-08-14 05:16:59.598962+00:00
============================================================
Update complete - Drives: [], Rounds: []
============================================================
Updating rounds...
Middleware triggered by request: /candidate/get-available-drives/
============================================================
Starting AutoStatusService.update_all()
Current time: 2026-08-14 05:16:59.630657+00:00
============================================================
Updating rounds...
Updating drives...
Updating drives...
Update complete - Drives: [], Rounds: []
============================================================
Update complete - Drives: [], Rounds: []
============================================================
============================================================
Starting AutoStatusService.update_all()
Current time: 2026-08-14 05:16:59.750685+00:00
============================================================
Updating rounds...
Updating drives...
Update complete - Drives: [], Rounds: []
============================================================
============================================================
Starting AutoStatusService.update_all()
Current time: 2026-08-14 05:21:24.177698+00:00
============================================================
Updating rounds...
Updating drives...
Update complete - Drives: [], Rounds: []
============================================================
============================================================
Starting AutoStatusService.update_all()
Current time: 2026-08-14 05:21:24.361695+00:00
============================================================
Updating rounds...
Updating drives...
Update complete - Drives: [], Rounds: []
============================================================
Drive 1 is completed, skipping
Drive 1 is completed, skipping
============================================================
Starting AutoStatusService.update_all()
Current time: 2026-08-14 05:21:38.073279+00:00
============================================================
Updating rounds...
Updating drives...
Update complete - Drives: [], Rounds: []
============================================================
============================================================
Starting AutoStatusService.update_all()
Current time: 2026-08-14 05:21:38.285694+00:00
============================================================
Updating rounds...
Updating drives...
Update complete - Drives: [], Rounds: []
============================================================
Drive 2 is completed, skipping
Drive 2 is completed, skipping
============================================================
Starting AutoStatusService.update_all()
Current time: 2026-08-14 05:21:45.051403+00:00
============================================================
Updating rounds...
Updating drives...
Update complete - Drives: [], Rounds: []
============================================================
============================================================
Starting AutoStatusService.update_all()
Current time: 2026-08-14 05:21:45.289972+00:00
============================================================
Updating rounds...
Updating drives...
Update complete - Drives: [], Rounds: []
============================================================
Drive 3 is completed, skipping
Drive 3 is completed, skipping
============================================================
Starting AutoStatusService.update_all()
Current time: 2026-08-14 05:21:52.437100+00:00
============================================================
Updating rounds...
Updating drives...
Update complete - Drives: [], Rounds: []
============================================================
============================================================
Starting AutoStatusService.update_all()
Current time: 2026-08-14 05:21:52.615557+00:00
============================================================
Updating rounds...
Updating drives...
Update complete - Drives: [], Rounds: []
============================================================
Drive 4 is completed, skipping
Drive 4 is completed, skipping
============================================================
Starting AutoStatusService.update_all()
Current time: 2026-08-14 05:22:02.080369+00:00
============================================================
Updating rounds...
Updating drives...
Update complete - Drives: [], Rounds: []
============================================================
============================================================
Starting AutoStatusService.update_all()
Current time: 2026-08-14 05:22:02.281970+00:00
============================================================
Updating rounds...
Updating drives...
Update complete - Drives: [], Rounds: []
============================================================
Middleware triggered by request: /candidate/get-available-drives/
============================================================
Starting AutoStatusService.update_all()
Current time: 2026-08-14 05:25:21.265682+00:00
============================================================
Updating rounds...
Updating drives...
Update complete - Drives: [], Rounds: []
============================================================
============================================================
Starting AutoStatusService.update_all()
Current time: 2026-08-14 05:25:21.466998+00:00
============================================================
Updating rounds...
Updating drives...
Update complete - Drives: [], Rounds: []
============================================================
Middleware triggered by request: /candidate/get-available-drives/
============================================================
Starting AutoStatusService.update_all()
Current time: 2026-08-14 05:25:21.514167+00:00
============================================================
Updating rounds...
Updating drives...
Update complete - Drives: [], Rounds: []
============================================================
============================================================
Starting AutoStatusService.update_all()
Current time: 2026-08-14 05:25:21.805737+00:00
============================================================
Updating rounds...
Updating drives...
Update complete - Drives: [], Rounds: []
============================================================
Middleware triggered by request: /candidate/get-candidate-profile/
============================================================
Starting AutoStatusService.update_all()
Current time: 2026-08-14 05:25:22.971326+00:00
============================================================
Updating rounds...
Updating drives...
Update complete - Drives: [], Rounds: []
============================================================
Middleware triggered by request: /candidate/get-candidate-profile/
============================================================
Starting AutoStatusService.update_all()
Current time: 2026-08-14 05:25:23.137720+00:00
============================================================
Updating rounds...
Updating drives...
Update complete - Drives: [], Rounds: []
============================================================
Middleware triggered by request: /candidate/get-education/
============================================================
Starting AutoStatusService.update_all()
Current time: 2026-08-14 05:25:25.212124+00:00
============================================================
Updating rounds...
Updating drives...
Update complete - Drives: [], Rounds: []
============================================================
Middleware triggered by request: /candidate/get-education/
============================================================
Starting AutoStatusService.update_all()
Current time: 2026-08-14 05:25:25.425923+00:00
============================================================
Updating rounds...
Updating drives...
Update complete - Drives: [], Rounds: []
============================================================
Middleware triggered by request: /candidate/get-experience/
============================================================
Starting AutoStatusService.update_all()
Current time: 2026-08-14 05:25:26.197454+00:00
============================================================
Updating rounds...
Updating drives...
Update complete - Drives: [], Rounds: []
============================================================
Middleware triggered by request: /candidate/get-experience/
============================================================
Starting AutoStatusService.update_all()
Current time: 2026-08-14 05:25:26.526495+00:00
============================================================
Updating rounds...
Updating drives...
Update complete - Drives: [], Rounds: []
============================================================
Middleware triggered by request: /candidate/get-candidate-profile/
============================================================
Starting AutoStatusService.update_all()
Current time: 2026-08-14 05:25:30.111956+00:00
============================================================
Updating rounds...
Updating drives...
Update complete - Drives: [], Rounds: []
============================================================
Middleware triggered by request: /candidate/get-candidate-profile/
============================================================
Starting AutoStatusService.update_all()
Current time: 2026-08-14 05:25:30.257710+00:00
============================================================
Updating rounds...
Updating drives...
Update complete - Drives: [], Rounds: []
============================================================
Middleware triggered by request: /candidate/update-candidate-profile/
============================================================
Starting AutoStatusService.update_all()
Current time: 2026-08-14 05:39:03.238464+00:00
============================================================
Updating rounds...
Updating drives...
Update complete - Drives: [], Rounds: []
============================================================
Middleware triggered by request: /candidate/update-candidate-profile/
============================================================
Starting AutoStatusService.update_all()
Current time: 2026-08-14 05:39:37.239861+00:00
============================================================
Updating rounds...
Updating drives...
Update complete - Drives: [], Rounds: []
============================================================
Middleware triggered by request: /candidate/get-education/
============================================================
Starting AutoStatusService.update_all()
Current time: 2026-08-14 05:39:45.572400+00:00
============================================================
Updating rounds...
Updating drives...
Update complete - Drives: [], Rounds: []
============================================================
Middleware triggered by request: /candidate/get-education/
============================================================
Starting AutoStatusService.update_all()
Current time: 2026-08-14 05:39:45.679997+00:00
============================================================
Updating rounds...
Updating drives...
Update complete - Drives: [], Rounds: []
============================================================
Middleware triggered by request: /candidate/add-update-education/
============================================================
Starting AutoStatusService.update_all()
Current time: 2026-08-14 05:40:15.183739+00:00
============================================================
Updating rounds...
Updating drives...
Update complete - Drives: [], Rounds: []
============================================================
Middleware triggered by request: /candidate/get-education/
============================================================
Starting AutoStatusService.update_all()
Current time: 2026-08-14 05:40:17.671587+00:00
============================================================
Updating rounds...
Updating drives...
Update complete - Drives: [], Rounds: []
============================================================
Middleware triggered by request: /candidate/get-experience/
============================================================
Starting AutoStatusService.update_all()
Current time: 2026-08-14 05:40:25.378674+00:00
============================================================
Updating rounds...
Updating drives...
Update complete - Drives: [], Rounds: []
============================================================
Middleware triggered by request: /candidate/get-experience/
============================================================
Starting AutoStatusService.update_all()
Current time: 2026-08-14 05:40:25.545576+00:00
============================================================
Updating rounds...
Updating drives...
Update complete - Drives: [], Rounds: []
============================================================
Middleware triggered by request: /candidate/add-update-experience/
============================================================
Starting AutoStatusService.update_all()
Current time: 2026-08-14 05:40:37.635569+00:00
============================================================
Updating rounds...
Updating drives...
Update complete - Drives: [], Rounds: []
============================================================
Middleware triggered by request: /candidate/get-experience/
============================================================
Starting AutoStatusService.update_all()
Current time: 2026-08-14 05:40:37.810300+00:00
============================================================
Updating rounds...
Updating drives...
Update complete - Drives: [], Rounds: []
============================================================
Middleware triggered by request: /candidate/get-skill/
============================================================
Starting AutoStatusService.update_all()
Current time: 2026-08-14 05:40:39.759812+00:00
============================================================
Updating rounds...
Updating drives...
Update complete - Drives: [], Rounds: []
============================================================
Middleware triggered by request: /candidate/get-skill/
============================================================
Starting AutoStatusService.update_all()
Current time: 2026-08-14 05:40:39.901606+00:00
============================================================
Updating rounds...
Updating drives...
Update complete - Drives: [], Rounds: []
============================================================
Middleware triggered by request: /candidate/add-update-skill/
============================================================
Starting AutoStatusService.update_all()
Current time: 2026-08-14 05:40:44.686386+00:00
============================================================
Updating rounds...
Updating drives...
Update complete - Drives: [], Rounds: []
============================================================
Middleware triggered by request: /candidate/get-skill/
============================================================
Starting AutoStatusService.update_all()
Current time: 2026-08-14 05:40:44.874764+00:00
============================================================
Updating rounds...
Updating drives...
Update complete - Drives: [], Rounds: []
============================================================
Middleware triggered by request: /candidate/add-update-skill/
============================================================
Starting AutoStatusService.update_all()
Current time: 2026-08-14 05:40:49.281798+00:00
============================================================
Updating rounds...
Updating drives...
Update complete - Drives: [], Rounds: []
============================================================
Middleware triggered by request: /candidate/get-skill/
============================================================
Starting AutoStatusService.update_all()
Current time: 2026-08-14 05:40:49.420293+00:00
============================================================
Updating rounds...
Updating drives...
Update complete - Drives: [], Rounds: []
============================================================
Middleware triggered by request: /candidate/add-update-skill/
============================================================
Starting AutoStatusService.update_all()
Current time: 2026-08-14 05:40:53.629843+00:00
============================================================
Updating rounds...
Updating drives...
Update complete - Drives: [], Rounds: []
============================================================
Middleware triggered by request: /candidate/get-skill/
============================================================
Starting AutoStatusService.update_all()
Current time: 2026-08-14 05:40:53.815956+00:00
============================================================
Updating rounds...
Updating drives...
Update complete - Drives: [], Rounds: []
============================================================
Middleware triggered by request: /candidate/add-update-skill/
============================================================
Starting AutoStatusService.update_all()
Current time: 2026-08-14 05:40:59.997724+00:00
============================================================
Updating rounds...
Updating drives...
Update complete - Drives: [], Rounds: []
============================================================
Middleware triggered by request: /candidate/get-skill/
============================================================
Starting AutoStatusService.update_all()
Current time: 2026-08-14 05:41:00.175397+00:00
============================================================
Updating rounds...
Updating drives...
Update complete - Drives: [], Rounds: []
============================================================
Middleware triggered by request: /candidate/add-update-skill/
============================================================
Starting AutoStatusService.update_all()
Current time: 2026-08-14 05:41:07.513647+00:00
============================================================
Updating rounds...
Updating drives...
Update complete - Drives: [], Rounds: []
============================================================
Middleware triggered by request: /candidate/get-skill/
============================================================
Starting AutoStatusService.update_all()
Current time: 2026-08-14 05:41:07.693756+00:00
============================================================
Updating rounds...
Updating drives...
Update complete - Drives: [], Rounds: []
============================================================
Middleware triggered by request: /candidate/add-update-skill/
============================================================
Starting AutoStatusService.update_all()
Current time: 2026-08-14 05:41:17.074490+00:00
============================================================
Updating rounds...
Updating drives...
Update complete - Drives: [], Rounds: []
============================================================
Middleware triggered by request: /candidate/get-skill/
============================================================
Starting AutoStatusService.update_all()
Current time: 2026-08-14 05:41:17.227956+00:00
============================================================
Updating rounds...
Updating drives...
Update complete - Drives: [], Rounds: []
============================================================
Middleware triggered by request: /candidate/add-update-skill/
============================================================
Starting AutoStatusService.update_all()
Current time: 2026-08-14 05:41:23.906291+00:00
============================================================
Updating rounds...
Updating drives...
Update complete - Drives: [], Rounds: []
============================================================
Middleware triggered by request: /candidate/get-skill/
============================================================
Starting AutoStatusService.update_all()
Current time: 2026-08-14 05:41:24.069857+00:00
============================================================
Updating rounds...
Updating drives...
Update complete - Drives: [], Rounds: []
============================================================
Middleware triggered by request: /candidate/get-project/
============================================================
Starting AutoStatusService.update_all()
Current time: 2026-08-14 05:41:27.195380+00:00
============================================================
Updating rounds...
Updating drives...
Update complete - Drives: [], Rounds: []
============================================================
Middleware triggered by request: /candidate/get-project/
============================================================
Starting AutoStatusService.update_all()
Current time: 2026-08-14 05:41:27.317467+00:00
============================================================
Updating rounds...
Updating drives...
Update complete - Drives: [], Rounds: []
============================================================
Middleware triggered by request: /candidate/add-update-project/
============================================================
Starting AutoStatusService.update_all()
Current time: 2026-08-14 05:42:22.247252+00:00
============================================================
Updating rounds...
Updating drives...
Update complete - Drives: [], Rounds: []
============================================================
Middleware triggered by request: /candidate/get-project/
============================================================
Starting AutoStatusService.update_all()
Current time: 2026-08-14 05:42:22.430388+00:00
============================================================
Updating rounds...
Updating drives...
Update complete - Drives: [], Rounds: []
============================================================
Middleware triggered by request: /candidate/add-update-project/
============================================================
Starting AutoStatusService.update_all()
Current time: 2026-08-14 05:42:38.487072+00:00
============================================================
Updating rounds...
Updating drives...
Update complete - Drives: [], Rounds: []
============================================================
Middleware triggered by request: /candidate/get-project/
============================================================
Starting AutoStatusService.update_all()
Current time: 2026-08-14 05:42:38.651138+00:00
============================================================
Updating rounds...
Updating drives...
Update complete - Drives: [], Rounds: []
============================================================
Middleware triggered by request: /candidate/get-certificate/
============================================================
Starting AutoStatusService.update_all()
Current time: 2026-08-14 05:42:46.920532+00:00
============================================================
Updating rounds...
Updating drives...
Update complete - Drives: [], Rounds: []
============================================================
Middleware triggered by request: /candidate/get-certificate/
============================================================
Starting AutoStatusService.update_all()
Current time: 2026-08-14 05:42:47.061693+00:00
============================================================
Updating rounds...
Updating drives...
Update complete - Drives: [], Rounds: []
============================================================
Middleware triggered by request: /candidate/add-update-certificate/
============================================================
Starting AutoStatusService.update_all()
Current time: 2026-08-14 05:43:11.000410+00:00
============================================================
Updating rounds...
Updating drives...
Update complete - Drives: [], Rounds: []
============================================================
Middleware triggered by request: /candidate/get-certificate/
============================================================
Starting AutoStatusService.update_all()
Current time: 2026-08-14 05:43:11.170101+00:00
============================================================
Updating rounds...
Updating drives...
Update complete - Drives: [], Rounds: []
============================================================
Middleware triggered by request: /candidate/get-language/
============================================================
Starting AutoStatusService.update_all()
Current time: 2026-08-14 05:43:13.215898+00:00
============================================================
Updating rounds...
Updating drives...
Update complete - Drives: [], Rounds: []
============================================================
Middleware triggered by request: /candidate/get-language/
============================================================
Starting AutoStatusService.update_all()
Current time: 2026-08-14 05:43:13.362976+00:00
============================================================
Updating rounds...
Updating drives...
Update complete - Drives: [], Rounds: []
============================================================
Middleware triggered by request: /candidate/add-update-language/
============================================================
Starting AutoStatusService.update_all()
Current time: 2026-08-14 05:43:19.881106+00:00
============================================================
Updating rounds...
Updating drives...
Update complete - Drives: [], Rounds: []
============================================================
Middleware triggered by request: /candidate/get-language/
============================================================
Starting AutoStatusService.update_all()
Current time: 2026-08-14 05:43:20.053546+00:00
============================================================
Updating rounds...
Updating drives...
Update complete - Drives: [], Rounds: []
============================================================
Middleware triggered by request: /candidate/add-update-language/
============================================================
Starting AutoStatusService.update_all()
Current time: 2026-08-14 05:43:24.763859+00:00
============================================================
Updating rounds...
Updating drives...
Update complete - Drives: [], Rounds: []
============================================================
Middleware triggered by request: /candidate/get-language/
============================================================
Starting AutoStatusService.update_all()
Current time: 2026-08-14 05:43:24.932872+00:00
============================================================
Updating rounds...
Updating drives...
Update complete - Drives: [], Rounds: []
============================================================
Middleware triggered by request: /candidate/add-update-language/
============================================================
Starting AutoStatusService.update_all()
Current time: 2026-08-14 05:43:28.515659+00:00
============================================================
Updating rounds...
Updating drives...
Update complete - Drives: [], Rounds: []
============================================================
Middleware triggered by request: /candidate/get-language/
============================================================
Starting AutoStatusService.update_all()
Current time: 2026-08-14 05:43:28.660179+00:00
============================================================
Updating rounds...
Updating drives...
Update complete - Drives: [], Rounds: []
============================================================
Middleware triggered by request: /candidate/get-certificate/
============================================================
Starting AutoStatusService.update_all()
Current time: 2026-08-14 05:48:09.231103+00:00
============================================================
Updating rounds...
Updating drives...
Update complete - Drives: [], Rounds: []
============================================================
Middleware triggered by request: /candidate/get-certificate/
============================================================
Starting AutoStatusService.update_all()
Current time: 2026-08-14 05:48:09.363081+00:00
============================================================
Updating rounds...
Updating drives...
Update complete - Drives: [], Rounds: []
============================================================
Middleware triggered by request: /candidate/get-project/
============================================================
Starting AutoStatusService.update_all()
Current time: 2026-08-14 05:48:19.061881+00:00
============================================================
Updating rounds...
Updating drives...
Update complete - Drives: [], Rounds: []
============================================================
Middleware triggered by request: /candidate/get-project/
============================================================
Starting AutoStatusService.update_all()
Current time: 2026-08-14 05:48:19.222711+00:00
============================================================
Updating rounds...
Updating drives...
Update complete - Drives: [], Rounds: []
============================================================
Middleware triggered by request: /candidate/get-skill/
============================================================
Starting AutoStatusService.update_all()
Current time: 2026-08-14 05:48:20.491797+00:00
============================================================
Updating rounds...
Updating drives...
Update complete - Drives: [], Rounds: []
============================================================
Middleware triggered by request: /candidate/get-skill/
============================================================
Starting AutoStatusService.update_all()
Current time: 2026-08-14 05:48:20.630864+00:00
============================================================
Updating rounds...
Updating drives...
Update complete - Drives: [], Rounds: []
============================================================
Middleware triggered by request: /candidate/get-experience/
============================================================
Starting AutoStatusService.update_all()
Current time: 2026-08-14 05:48:22.330484+00:00
============================================================
Updating rounds...
Updating drives...
Update complete - Drives: [], Rounds: []
============================================================
Middleware triggered by request: /candidate/get-experience/
============================================================
Starting AutoStatusService.update_all()
Current time: 2026-08-14 05:48:22.447985+00:00
============================================================
Updating rounds...
Updating drives...
Update complete - Drives: [], Rounds: []
============================================================
============================================================
Starting AutoStatusService.update_all()
Current time: 2026-08-14 06:01:18.738807+00:00
============================================================
Updating rounds...
Updating drives...
Update complete - Drives: [], Rounds: []
============================================================
============================================================
Starting AutoStatusService.update_all()
Current time: 2026-08-14 06:01:18.890476+00:00
============================================================
Updating rounds...
Updating drives...
Update complete - Drives: [], Rounds: []
============================================================
============================================================
Starting AutoStatusService.update_all()
Current time: 2026-08-14 06:01:24.597257+00:00
============================================================
Updating rounds...
Updating drives...
Update complete - Drives: [], Rounds: []
============================================================
============================================================
Starting AutoStatusService.update_all()
Current time: 2026-08-14 06:01:24.757702+00:00
============================================================
Updating rounds...
Updating drives...
Update complete - Drives: [], Rounds: []
============================================================
Drive 1 is completed, skipping
Drive 1 is completed, skipping
============================================================
Starting AutoStatusService.update_all()
Current time: 2026-08-14 06:01:31.886178+00:00
============================================================
Updating rounds...
Updating drives...
Update complete - Drives: [], Rounds: []
============================================================
============================================================
Starting AutoStatusService.update_all()
Current time: 2026-08-14 06:01:32.105015+00:00
============================================================
Updating rounds...
Updating drives...
Update complete - Drives: [], Rounds: []
============================================================
Middleware triggered by request: /candidate/get-available-drives/
============================================================
Starting AutoStatusService.update_all()
Current time: 2026-08-14 06:12:25.985139+00:00
============================================================
Updating rounds...
Updating drives...
Update complete - Drives: [], Rounds: []
============================================================
============================================================
Starting AutoStatusService.update_all()
Current time: 2026-08-14 06:12:26.138406+00:00
============================================================
Updating rounds...
Updating drives...
Update complete - Drives: [], Rounds: []
============================================================
Middleware triggered by request: /candidate/get-available-drives/
============================================================
Starting AutoStatusService.update_all()
Current time: 2026-08-14 06:12:26.189297+00:00
============================================================
Updating rounds...
Updating drives...
Update complete - Drives: [], Rounds: []
============================================================
============================================================
Starting AutoStatusService.update_all()
Current time: 2026-08-14 06:12:26.329221+00:00
============================================================
Updating rounds...
Updating drives...
Update complete - Drives: [], Rounds: []
============================================================
Middleware triggered by request: /candidate/get-candidate-profile/
============================================================
Starting AutoStatusService.update_all()
Current time: 2026-08-14 06:12:26.774105+00:00
============================================================
Updating rounds...
Updating drives...
Update complete - Drives: [], Rounds: []
============================================================
Middleware triggered by request: /candidate/get-candidate-profile/
============================================================
Starting AutoStatusService.update_all()
Current time: 2026-08-14 06:12:26.915966+00:00
============================================================
Updating rounds...
Updating drives...
Update complete - Drives: [], Rounds: []
============================================================
Middleware triggered by request: /candidate/get-education/
============================================================
Starting AutoStatusService.update_all()
Current time: 2026-08-14 06:12:28.518557+00:00
============================================================
Updating rounds...
Updating drives...
Update complete - Drives: [], Rounds: []
============================================================
Middleware triggered by request: /candidate/get-education/
============================================================
Starting AutoStatusService.update_all()
Current time: 2026-08-14 06:12:28.685902+00:00
============================================================
Updating rounds...
Updating drives...
Update complete - Drives: [], Rounds: []
============================================================
Middleware triggered by request: /candidate/get-experience/
============================================================
Starting AutoStatusService.update_all()
Current time: 2026-08-14 06:12:29.723847+00:00
============================================================
Updating rounds...
Updating drives...
Update complete - Drives: [], Rounds: []
============================================================
Middleware triggered by request: /candidate/get-experience/
============================================================
Starting AutoStatusService.update_all()
Current time: 2026-08-14 06:12:29.852727+00:00
============================================================
Updating rounds...
Updating drives...
Update complete - Drives: [], Rounds: []
============================================================
Middleware triggered by request: /candidate/get-skill/
============================================================
Starting AutoStatusService.update_all()
Current time: 2026-08-14 06:12:30.893761+00:00
============================================================
Updating rounds...
Updating drives...
Update complete - Drives: [], Rounds: []
============================================================
Middleware triggered by request: /candidate/get-skill/
============================================================
Starting AutoStatusService.update_all()
Current time: 2026-08-14 06:12:31.049090+00:00
============================================================
Updating rounds...
Updating drives...
Update complete - Drives: [], Rounds: []
============================================================
Middleware triggered by request: /candidate/get-certificate/
============================================================
Starting AutoStatusService.update_all()
Current time: 2026-08-14 06:13:28.982316+00:00
============================================================
Updating rounds...
Updating drives...
Update complete - Drives: [], Rounds: []
============================================================
Middleware triggered by request: /candidate/get-certificate/
============================================================
Starting AutoStatusService.update_all()
Current time: 2026-08-14 06:13:29.135315+00:00
============================================================
Updating rounds...
Updating drives...
Update complete - Drives: [], Rounds: []
============================================================
Middleware triggered by request: /candidate/get-language/
============================================================
Starting AutoStatusService.update_all()
Current time: 2026-08-14 06:13:31.370728+00:00
============================================================
Updating rounds...
Updating drives...
Update complete - Drives: [], Rounds: []
============================================================
Middleware triggered by request: /candidate/get-language/
============================================================
Starting AutoStatusService.update_all()
Current time: 2026-08-14 06:13:31.515780+00:00
============================================================
Updating rounds...
Updating drives...
Update complete - Drives: [], Rounds: []
============================================================
Middleware triggered by request: /candidate/get-candidate-profile/
============================================================
Starting AutoStatusService.update_all()
Current time: 2026-08-14 06:13:34.327429+00:00
============================================================
Updating rounds...
Updating drives...
Update complete - Drives: [], Rounds: []
============================================================
Middleware triggered by request: /candidate/get-candidate-profile/
============================================================
Starting AutoStatusService.update_all()
Current time: 2026-08-14 06:13:34.499741+00:00
============================================================
Updating rounds...
Updating drives...
Update complete - Drives: [], Rounds: []
============================================================
Middleware triggered by request: /candidate/get-language/
============================================================
Starting AutoStatusService.update_all()
Current time: 2026-08-14 06:13:36.739522+00:00
============================================================
Updating rounds...
Updating drives...
Update complete - Drives: [], Rounds: []
============================================================
Middleware triggered by request: /candidate/get-language/
============================================================
Starting AutoStatusService.update_all()
Current time: 2026-08-14 06:13:36.879547+00:00
============================================================
Updating rounds...
Updating drives...
Update complete - Drives: [], Rounds: []
============================================================
Middleware triggered by request: /candidate/get-project/
============================================================
Starting AutoStatusService.update_all()
Current time: 2026-08-14 06:16:33.057605+00:00
============================================================
Updating rounds...
Updating drives...
Update complete - Drives: [], Rounds: []
============================================================
Middleware triggered by request: /candidate/get-project/
============================================================
Starting AutoStatusService.update_all()
Current time: 2026-08-14 06:16:33.184674+00:00
============================================================
Updating rounds...
Updating drives...
Update complete - Drives: [], Rounds: []
============================================================
Middleware triggered by request: /candidate/get-candidate-profile/
============================================================
Starting AutoStatusService.update_all()
Current time: 2026-08-14 06:16:34.845137+00:00
============================================================
Updating rounds...
Updating drives...
Update complete - Drives: [], Rounds: []
============================================================
Middleware triggered by request: /candidate/get-candidate-profile/
============================================================
Starting AutoStatusService.update_all()
Current time: 2026-08-14 06:16:34.988105+00:00
============================================================
Updating rounds...
Updating drives...
Update complete - Drives: [], Rounds: []
============================================================
Middleware triggered by request: /candidate/get-experience/
============================================================
Starting AutoStatusService.update_all()
Current time: 2026-08-14 06:16:38.826725+00:00
============================================================
Updating rounds...
Updating drives...
Update complete - Drives: [], Rounds: []
============================================================
Middleware triggered by request: /candidate/get-experience/
============================================================
Starting AutoStatusService.update_all()
Current time: 2026-08-14 06:16:38.968671+00:00
============================================================
Updating rounds...
Updating drives...
Update complete - Drives: [], Rounds: []
============================================================
Middleware triggered by request: /candidate/get-project/
============================================================
Starting AutoStatusService.update_all()
Current time: 2026-08-14 06:16:40.819141+00:00
============================================================
Updating rounds...
Updating drives...
Update complete - Drives: [], Rounds: []
============================================================
Middleware triggered by request: /candidate/get-project/
============================================================
Starting AutoStatusService.update_all()
Current time: 2026-08-14 06:16:40.968079+00:00
============================================================
Updating rounds...
Updating drives...
Update complete - Drives: [], Rounds: []
============================================================
Middleware triggered by request: /candidate/get-certificate/
============================================================
Starting AutoStatusService.update_all()
Current time: 2026-08-14 06:16:41.880925+00:00
============================================================
Updating rounds...
Updating drives...
Update complete - Drives: [], Rounds: []
============================================================
Middleware triggered by request: /candidate/get-certificate/
============================================================
Starting AutoStatusService.update_all()
Current time: 2026-08-14 06:16:42.114807+00:00
============================================================
Updating rounds...
Updating drives...
Update complete - Drives: [], Rounds: []
============================================================
Middleware triggered by request: /candidate/get-project/
============================================================
Starting AutoStatusService.update_all()
Current time: 2026-08-14 06:16:43.164127+00:00
============================================================
Updating rounds...
Updating drives...
Update complete - Drives: [], Rounds: []
============================================================
Middleware triggered by request: /candidate/get-project/
============================================================
Starting AutoStatusService.update_all()
Current time: 2026-08-14 06:16:43.304867+00:00
============================================================
Updating rounds...
Updating drives...
Update complete - Drives: [], Rounds: []
============================================================
Middleware triggered by request: /candidate/get-candidate-profile/
============================================================
Starting AutoStatusService.update_all()
Current time: 2026-08-14 06:17:44.135509+00:00
============================================================
Updating rounds...
Updating drives...
Update complete - Drives: [], Rounds: []
============================================================
Middleware triggered by request: /candidate/get-candidate-profile/
============================================================
Starting AutoStatusService.update_all()
Current time: 2026-08-14 06:17:44.283961+00:00
============================================================
Updating rounds...
Updating drives...
Update complete - Drives: [], Rounds: []
============================================================
Middleware triggered by request: /candidate/get-experience/
============================================================
Starting AutoStatusService.update_all()
Current time: 2026-08-14 06:17:56.284425+00:00
============================================================
Updating rounds...
Updating drives...
Update complete - Drives: [], Rounds: []
============================================================
Middleware triggered by request: /candidate/get-experience/
============================================================
Starting AutoStatusService.update_all()
Current time: 2026-08-14 06:17:56.399257+00:00
============================================================
Updating rounds...
Updating drives...
Update complete - Drives: [], Rounds: []
============================================================
Middleware triggered by request: /candidate/get-project/
============================================================
Starting AutoStatusService.update_all()
Current time: 2026-08-14 06:17:57.526837+00:00
============================================================
Updating rounds...
Updating drives...
Update complete - Drives: [], Rounds: []
============================================================
Middleware triggered by request: /candidate/get-project/
============================================================
Starting AutoStatusService.update_all()
Current time: 2026-08-14 06:17:57.652373+00:00
============================================================
Updating rounds...
Updating drives...
Update complete - Drives: [], Rounds: []
============================================================
Middleware triggered by request: /candidate/get-language/
============================================================
Starting AutoStatusService.update_all()
Current time: 2026-08-14 06:17:58.585788+00:00
============================================================
Updating rounds...
Updating drives...
Update complete - Drives: [], Rounds: []
============================================================
Middleware triggered by request: /candidate/get-language/
============================================================
Starting AutoStatusService.update_all()
Current time: 2026-08-14 06:17:58.753466+00:00
============================================================
Updating rounds...
Updating drives...
Update complete - Drives: [], Rounds: []
============================================================
Middleware triggered by request: /candidate/get-candidate-profile/
============================================================
Starting AutoStatusService.update_all()
Current time: 2026-08-14 06:17:59.942740+00:00
============================================================
Updating rounds...
Updating drives...
Update complete - Drives: [], Rounds: []
============================================================
Middleware triggered by request: /candidate/get-candidate-profile/
============================================================
Starting AutoStatusService.update_all()
Current time: 2026-08-14 06:18:00.081912+00:00
============================================================
Updating rounds...
Updating drives...
Update complete - Drives: [], Rounds: []
============================================================
Middleware triggered by request: /candidate/get-certificate/
============================================================
Starting AutoStatusService.update_all()
Current time: 2026-08-14 06:19:22.101972+00:00
============================================================
Updating rounds...
Updating drives...
Update complete - Drives: [], Rounds: []
============================================================
Middleware triggered by request: /candidate/get-certificate/
============================================================
Starting AutoStatusService.update_all()
Current time: 2026-08-14 06:19:22.240575+00:00
============================================================
Updating rounds...
Updating drives...
Update complete - Drives: [], Rounds: []
============================================================
Middleware triggered by request: /candidate/get-candidate-profile/
============================================================
Starting AutoStatusService.update_all()
Current time: 2026-08-14 06:19:24.821633+00:00
============================================================
Updating rounds...
Updating drives...
Update complete - Drives: [], Rounds: []
============================================================
Middleware triggered by request: /candidate/get-candidate-profile/
============================================================
Starting AutoStatusService.update_all()
Current time: 2026-08-14 06:19:24.954853+00:00
============================================================
Updating rounds...
Updating drives...
Update complete - Drives: [], Rounds: []
============================================================
Middleware triggered by request: /candidate/get-available-drives/
============================================================
Starting AutoStatusService.update_all()
Current time: 2026-08-14 06:19:45.426070+00:00
============================================================
Updating rounds...
Updating drives...
Update complete - Drives: [], Rounds: []
============================================================
============================================================
Starting AutoStatusService.update_all()
Current time: 2026-08-14 06:19:45.562029+00:00
============================================================
Updating rounds...
Updating drives...
Update complete - Drives: [], Rounds: []
============================================================
Middleware triggered by request: /candidate/get-available-drives/
============================================================
Starting AutoStatusService.update_all()
Current time: 2026-08-14 06:19:45.601208+00:00
============================================================
Updating rounds...
Updating drives...
Update complete - Drives: [], Rounds: []
============================================================
============================================================
Starting AutoStatusService.update_all()
Current time: 2026-08-14 06:19:45.731004+00:00
============================================================
Updating rounds...
Updating drives...
Update complete - Drives: [], Rounds: []
============================================================
Middleware triggered by request: /candidate/get-candidate-profile/
============================================================
Starting AutoStatusService.update_all()
Current time: 2026-08-14 06:19:46.657059+00:00
============================================================
Updating rounds...
Updating drives...
Update complete - Drives: [], Rounds: []
============================================================
Middleware triggered by request: /candidate/get-candidate-profile/
============================================================
Starting AutoStatusService.update_all()
Current time: 2026-08-14 06:19:46.767521+00:00
============================================================
Updating rounds...
Updating drives...
Update complete - Drives: [], Rounds: []
============================================================
Middleware triggered by request: /candidate/get-skill/
============================================================
Starting AutoStatusService.update_all()
Current time: 2026-08-14 06:19:51.239027+00:00
============================================================
Updating rounds...
Updating drives...
Update complete - Drives: [], Rounds: []
============================================================
Middleware triggered by request: /candidate/get-skill/
============================================================
Starting AutoStatusService.update_all()
Current time: 2026-08-14 06:19:51.386524+00:00
============================================================
Updating rounds...
Updating drives...
Update complete - Drives: [], Rounds: []
============================================================
Middleware triggered by request: /candidate/get-project/
============================================================
Starting AutoStatusService.update_all()
Current time: 2026-08-14 06:19:52.173448+00:00
============================================================
Updating rounds...
Updating drives...
Update complete - Drives: [], Rounds: []
============================================================
Middleware triggered by request: /candidate/get-project/
============================================================
Starting AutoStatusService.update_all()
Current time: 2026-08-14 06:19:52.311304+00:00
============================================================
Updating rounds...
Updating drives...
Update complete - Drives: [], Rounds: []
============================================================
Middleware triggered by request: /candidate/get-candidate-profile/
============================================================
Starting AutoStatusService.update_all()
Current time: 2026-08-14 06:21:03.010938+00:00
============================================================
Updating rounds...
Updating drives...
Update complete - Drives: [], Rounds: []
============================================================
Middleware triggered by request: /candidate/get-candidate-profile/
============================================================
Starting AutoStatusService.update_all()
Current time: 2026-08-14 06:21:03.135688+00:00
============================================================
Updating rounds...
Updating drives...
Update complete - Drives: [], Rounds: []
============================================================
Middleware triggered by request: /candidate/get-available-drives/
============================================================
Starting AutoStatusService.update_all()
Current time: 2026-08-14 06:21:06.050969+00:00
============================================================
Updating rounds...
Updating drives...
Update complete - Drives: [], Rounds: []
============================================================
============================================================
Starting AutoStatusService.update_all()
Current time: 2026-08-14 06:21:06.185412+00:00
============================================================
Updating rounds...
Updating drives...
Update complete - Drives: [], Rounds: []
============================================================
Middleware triggered by request: /candidate/get-available-drives/
============================================================
Starting AutoStatusService.update_all()
Current time: 2026-08-14 06:21:06.224775+00:00
============================================================
Updating rounds...
Updating drives...
Update complete - Drives: [], Rounds: []
============================================================
============================================================
Starting AutoStatusService.update_all()
Current time: 2026-08-14 06:21:06.337048+00:00
============================================================
Updating rounds...
Updating drives...
Update complete - Drives: [], Rounds: []
============================================================
Middleware triggered by request: /candidate/get-candidate-profile/
============================================================
Starting AutoStatusService.update_all()
Current time: 2026-08-14 06:21:07.340578+00:00
============================================================
Updating rounds...
Updating drives...
Update complete - Drives: [], Rounds: []
============================================================
Middleware triggered by request: /candidate/get-candidate-profile/
============================================================
Starting AutoStatusService.update_all()
Current time: 2026-08-14 06:21:07.455124+00:00
============================================================
Updating rounds...
Updating drives...
Update complete - Drives: [], Rounds: []
============================================================
Middleware triggered by request: /candidate/get-project/
============================================================
Starting AutoStatusService.update_all()
Current time: 2026-08-14 06:21:09.835387+00:00
============================================================
Updating rounds...
Updating drives...
Update complete - Drives: [], Rounds: []
============================================================
Middleware triggered by request: /candidate/get-project/
============================================================
Starting AutoStatusService.update_all()
Current time: 2026-08-14 06:21:09.949985+00:00
============================================================
Updating rounds...
Updating drives...
Update complete - Drives: [], Rounds: []
============================================================
Middleware triggered by request: /candidate/get-available-drives/
============================================================
Starting AutoStatusService.update_all()
Current time: 2026-08-14 06:21:13.186380+00:00
============================================================
Updating rounds...
Updating drives...
Update complete - Drives: [], Rounds: []
============================================================
============================================================
Starting AutoStatusService.update_all()
Current time: 2026-08-14 06:21:13.430177+00:00
============================================================
Updating rounds...
Updating drives...
Update complete - Drives: [], Rounds: []
============================================================
Middleware triggered by request: /candidate/get-available-drives/
============================================================
Starting AutoStatusService.update_all()
Current time: 2026-08-14 06:21:13.463806+00:00
============================================================
Updating rounds...
Updating drives...
Update complete - Drives: [], Rounds: []
============================================================
============================================================
Starting AutoStatusService.update_all()
Current time: 2026-08-14 06:21:13.600047+00:00
============================================================
Updating rounds...
Updating drives...
Update complete - Drives: [], Rounds: []
============================================================
Middleware triggered by request: /candidate/get-candidate-profile/
============================================================
Starting AutoStatusService.update_all()
Current time: 2026-08-14 06:21:16.104014+00:00
============================================================
Updating rounds...
Updating drives...
Update complete - Drives: [], Rounds: []
============================================================
Middleware triggered by request: /candidate/get-candidate-profile/
============================================================
Starting AutoStatusService.update_all()
Current time: 2026-08-14 06:21:16.238163+00:00
============================================================
Updating rounds...
Updating drives...
Update complete - Drives: [], Rounds: []
============================================================
Middleware triggered by request: /candidate/get-project/
============================================================
Starting AutoStatusService.update_all()
Current time: 2026-08-14 06:21:17.352451+00:00
============================================================
Updating rounds...
Updating drives...
Update complete - Drives: [], Rounds: []
============================================================
Middleware triggered by request: /candidate/get-project/
============================================================
Starting AutoStatusService.update_all()
Current time: 2026-08-14 06:21:17.468096+00:00
============================================================
Updating rounds...
Updating drives...
Update complete - Drives: [], Rounds: []
============================================================
Middleware triggered by request: /candidate/get-available-drives/
============================================================
Starting AutoStatusService.update_all()
Current time: 2026-08-14 06:21:20.269215+00:00
============================================================
Updating rounds...
Updating drives...
Update complete - Drives: [], Rounds: []
============================================================
============================================================
Starting AutoStatusService.update_all()
Current time: 2026-08-14 06:21:20.401125+00:00
============================================================
Updating rounds...
Updating drives...
Update complete - Drives: [], Rounds: []
============================================================
Middleware triggered by request: /candidate/get-available-drives/
============================================================
Starting AutoStatusService.update_all()
Current time: 2026-08-14 06:21:20.430021+00:00
============================================================
Updating rounds...
Updating drives...
Update complete - Drives: [], Rounds: []
============================================================
============================================================
Starting AutoStatusService.update_all()
Current time: 2026-08-14 06:21:20.555173+00:00
============================================================
Updating rounds...
Updating drives...
Update complete - Drives: [], Rounds: []
============================================================
Middleware triggered by request: /candidate/get-available-drives/
============================================================
Starting AutoStatusService.update_all()
Current time: 2026-08-14 06:21:24.850804+00:00
============================================================
Updating rounds...
Updating drives...
Update complete - Drives: [], Rounds: []
============================================================
============================================================
Starting AutoStatusService.update_all()
Current time: 2026-08-14 06:21:24.994394+00:00
============================================================
Updating rounds...
Updating drives...
Update complete - Drives: [], Rounds: []
============================================================
Middleware triggered by request: /candidate/get-available-drives/
============================================================
Starting AutoStatusService.update_all()
Current time: 2026-08-14 06:21:25.079276+00:00
============================================================
Updating rounds...
Updating drives...
Update complete - Drives: [], Rounds: []
============================================================
============================================================
Starting AutoStatusService.update_all()
Current time: 2026-08-14 06:21:25.259947+00:00
============================================================
Updating rounds...
Updating drives...
Update complete - Drives: [], Rounds: []
============================================================
Middleware triggered by request: /candidate/get-available-drives/
============================================================
Starting AutoStatusService.update_all()
Current time: 2026-08-14 06:21:27.429703+00:00
============================================================
Updating rounds...
Updating drives...
Update complete - Drives: [], Rounds: []
============================================================
============================================================
Starting AutoStatusService.update_all()
Current time: 2026-08-14 06:21:27.567849+00:00
============================================================
Updating rounds...
Updating drives...
Update complete - Drives: [], Rounds: []
============================================================
Middleware triggered by request: /candidate/get-available-drives/
============================================================
Starting AutoStatusService.update_all()
Current time: 2026-08-14 06:21:27.597779+00:00
============================================================
Updating rounds...
Updating drives...
Update complete - Drives: [], Rounds: []
============================================================
============================================================
Starting AutoStatusService.update_all()
Current time: 2026-08-14 06:21:27.719028+00:00
============================================================
Updating rounds...
Updating drives...
Update complete - Drives: [], Rounds: []
============================================================
Middleware triggered by request: /candidate/get-candidate-profile/
============================================================
Starting AutoStatusService.update_all()
Current time: 2026-08-14 06:21:35.596623+00:00
============================================================
Updating rounds...
Updating drives...
Update complete - Drives: [], Rounds: []
============================================================
Middleware triggered by request: /candidate/get-candidate-profile/
============================================================
Starting AutoStatusService.update_all()
Current time: 2026-08-14 06:21:35.720969+00:00
============================================================
Updating rounds...
Updating drives...
Update complete - Drives: [], Rounds: []
============================================================
Middleware triggered by request: /candidate/get-education/
============================================================
Starting AutoStatusService.update_all()
Current time: 2026-08-14 06:21:45.722347+00:00
============================================================
Updating rounds...
Updating drives...
Update complete - Drives: [], Rounds: []
============================================================
Middleware triggered by request: /candidate/get-education/
============================================================
Starting AutoStatusService.update_all()
Current time: 2026-08-14 06:21:45.826912+00:00
============================================================
Updating rounds...
Updating drives...
Update complete - Drives: [], Rounds: []
============================================================
Middleware triggered by request: /candidate/get-experience/
============================================================
Starting AutoStatusService.update_all()
Current time: 2026-08-14 06:21:46.991660+00:00
============================================================
Updating rounds...
Updating drives...
Update complete - Drives: [], Rounds: []
============================================================
Middleware triggered by request: /candidate/get-experience/
============================================================
Starting AutoStatusService.update_all()
Current time: 2026-08-14 06:21:47.103560+00:00
============================================================
Updating rounds...
Updating drives...
Update complete - Drives: [], Rounds: []
============================================================
Middleware triggered by request: /candidate/get-skill/
============================================================
Starting AutoStatusService.update_all()
Current time: 2026-08-14 06:21:47.975054+00:00
============================================================
Updating rounds...
Updating drives...
Update complete - Drives: [], Rounds: []
============================================================
Middleware triggered by request: /candidate/get-skill/
============================================================
Starting AutoStatusService.update_all()
Current time: 2026-08-14 06:21:48.160724+00:00
============================================================
Updating rounds...
Updating drives...
Update complete - Drives: [], Rounds: []
============================================================
Middleware triggered by request: /candidate/get-project/
============================================================
Starting AutoStatusService.update_all()
Current time: 2026-08-14 06:21:48.973466+00:00
============================================================
Updating rounds...
Updating drives...
Update complete - Drives: [], Rounds: []
============================================================
Middleware triggered by request: /candidate/get-project/
============================================================
Starting AutoStatusService.update_all()
Current time: 2026-08-14 06:21:49.148541+00:00
============================================================
Updating rounds...
Updating drives...
Update complete - Drives: [], Rounds: []
============================================================
Middleware triggered by request: /candidate/get-language/
============================================================
Starting AutoStatusService.update_all()
Current time: 2026-08-14 06:21:49.960234+00:00
============================================================
Updating rounds...
Updating drives...
Update complete - Drives: [], Rounds: []
============================================================
Middleware triggered by request: /candidate/get-language/
============================================================
Starting AutoStatusService.update_all()
Current time: 2026-08-14 06:21:50.131904+00:00
============================================================
Updating rounds...
Updating drives...
Update complete - Drives: [], Rounds: []
============================================================
Middleware triggered by request: /candidate/get-certificate/
============================================================
Starting AutoStatusService.update_all()
Current time: 2026-08-14 06:21:51.839250+00:00
============================================================
Updating rounds...
Updating drives...
Update complete - Drives: [], Rounds: []
============================================================
Middleware triggered by request: /candidate/get-certificate/
============================================================
Starting AutoStatusService.update_all()
Current time: 2026-08-14 06:21:51.968869+00:00
============================================================
Updating rounds...
Updating drives...
Update complete - Drives: [], Rounds: []
============================================================
Middleware triggered by request: /candidate/get-candidate-profile/
============================================================
Starting AutoStatusService.update_all()
Current time: 2026-08-14 06:21:53.105174+00:00
============================================================
Updating rounds...
Updating drives...
Update complete - Drives: [], Rounds: []
============================================================
Middleware triggered by request: /candidate/get-candidate-profile/
============================================================
Starting AutoStatusService.update_all()
Current time: 2026-08-14 06:21:53.474204+00:00
============================================================
Updating rounds...
Updating drives...
Update complete - Drives: [], Rounds: []
============================================================
Middleware triggered by request: /candidate/get-available-drives/
============================================================
Starting AutoStatusService.update_all()
Current time: 2026-08-14 06:23:18.060814+00:00
============================================================
Updating rounds...
Updating drives...
Update complete - Drives: [], Rounds: []
============================================================
============================================================
Starting AutoStatusService.update_all()
Current time: 2026-08-14 06:23:18.156523+00:00
============================================================
Updating rounds...
Updating drives...
Update complete - Drives: [], Rounds: []
============================================================
Middleware triggered by request: /candidate/get-available-drives/
============================================================
Starting AutoStatusService.update_all()
Current time: 2026-08-14 06:23:18.184048+00:00
============================================================
Updating rounds...
Updating drives...
Update complete - Drives: [], Rounds: []
============================================================
============================================================
Starting AutoStatusService.update_all()
Current time: 2026-08-14 06:23:18.325114+00:00
============================================================
Updating rounds...
Updating drives...
Update complete - Drives: [], Rounds: []
============================================================
Middleware triggered by request: /candidate/get-available-drives/
============================================================
Starting AutoStatusService.update_all()
Current time: 2026-08-14 06:23:44.936833+00:00
============================================================
Updating rounds...
Updating drives...
Update complete - Drives: [], Rounds: []
============================================================
============================================================
Starting AutoStatusService.update_all()
Current time: 2026-08-14 06:23:45.054061+00:00
============================================================
Updating rounds...
Updating drives...
Update complete - Drives: [], Rounds: []
============================================================
Middleware triggered by request: /candidate/get-available-drives/
============================================================
Starting AutoStatusService.update_all()
Current time: 2026-08-14 06:23:45.083834+00:00
============================================================
Updating rounds...
Updating drives...
Update complete - Drives: [], Rounds: []
============================================================
============================================================
Starting AutoStatusService.update_all()
Current time: 2026-08-14 06:23:45.222741+00:00
============================================================
Updating rounds...
Updating drives...
Update complete - Drives: [], Rounds: []
============================================================
============================================================
Starting AutoStatusService.update_all()
Current time: 2026-08-14 06:23:57.937316+00:00
============================================================
Updating rounds...
Updating drives...
Update complete - Drives: [], Rounds: []
============================================================
============================================================
Starting AutoStatusService.update_all()
Current time: 2026-08-14 06:23:58.188601+00:00
============================================================
Updating rounds...
Updating drives...
Update complete - Drives: [], Rounds: []
============================================================
============================================================
Starting AutoStatusService.update_all()
Current time: 2026-08-14 06:25:13.766648+00:00
============================================================
Updating rounds...
Updating drives...
Update complete - Drives: [], Rounds: []
============================================================
============================================================
Starting AutoStatusService.update_all()
Current time: 2026-08-14 06:25:13.925128+00:00
============================================================
Updating rounds...
Updating drives...
Update complete - Drives: [], Rounds: []
============================================================
Drive 1 is completed, skipping
Drive 1 is completed, skipping
============================================================
Starting AutoStatusService.update_all()
Current time: 2026-08-14 06:26:54.185254+00:00
============================================================
Updating rounds...
Updating drives...
Update complete - Drives: [], Rounds: []
============================================================
============================================================
Starting AutoStatusService.update_all()
Current time: 2026-08-14 06:26:54.356894+00:00
============================================================
Updating rounds...
Updating drives...
Update complete - Drives: [], Rounds: []
============================================================
Drive 4 is completed, skipping
Drive 4 is completed, skipping
Middleware triggered by request: /candidate/get-available-drives/
============================================================
Starting AutoStatusService.update_all()
Current time: 2026-08-18 11:06:41.681429+00:00
============================================================
Updating rounds...
Updating drives...
Update complete - Drives: [], Rounds: []
============================================================
Middleware triggered by request: /candidate/get-available-drives/
============================================================
Starting AutoStatusService.update_all()
Current time: 2026-08-18 11:06:41.768760+00:00
============================================================
Updating rounds...
Updating drives...
Update complete - Drives: [], Rounds: []
============================================================
Middleware triggered by request: /candidate/get-available-drives/
============================================================
Starting AutoStatusService.update_all()
Current time: 2026-08-18 11:06:54.058046+00:00
============================================================
Updating rounds...
Updating drives...
Update complete - Drives: [], Rounds: []
============================================================
============================================================
Starting AutoStatusService.update_all()
Current time: 2026-08-18 11:06:54.154985+00:00
============================================================
Updating rounds...
Updating drives...
Update complete - Drives: [], Rounds: []
============================================================
Middleware triggered by request: /candidate/get-available-drives/
============================================================
Starting AutoStatusService.update_all()
Current time: 2026-08-18 11:06:54.188595+00:00
============================================================
Updating rounds...
Updating drives...
Update complete - Drives: [], Rounds: []
============================================================
============================================================
Starting AutoStatusService.update_all()
Current time: 2026-08-18 11:06:54.262700+00:00
============================================================
Updating rounds...
Updating drives...
Update complete - Drives: [], Rounds: []
============================================================
============================================================
Starting AutoStatusService.update_all()
Current time: 2026-08-18 11:07:42.494094+00:00
============================================================
Updating rounds...
Updating drives...
Update complete - Drives: [], Rounds: []
============================================================
============================================================
Starting AutoStatusService.update_all()
Current time: 2026-08-18 11:07:42.665807+00:00
============================================================
Updating rounds...
Updating drives...
Update complete - Drives: [], Rounds: []
============================================================
Drive 1 is completed, skipping
Drive 1 is completed, skipping
============================================================
Starting AutoStatusService.update_all()
Current time: 2026-08-18 11:07:57.431030+00:00
============================================================
Updating rounds...
Updating drives...
Update complete - Drives: [], Rounds: []
============================================================
============================================================
Starting AutoStatusService.update_all()
Current time: 2026-08-18 11:07:57.541079+00:00
============================================================
Updating rounds...
Updating drives...
Update complete - Drives: [], Rounds: []
============================================================
Middleware triggered by request: /candidate/get-candidate-profile/
============================================================
Starting AutoStatusService.update_all()
Current time: 2026-08-18 11:08:24.580418+00:00
============================================================
Updating rounds...
Updating drives...
Update complete - Drives: [], Rounds: []
============================================================
Middleware triggered by request: /candidate/get-candidate-profile/
============================================================
Starting AutoStatusService.update_all()
Current time: 2026-08-18 11:08:24.682647+00:00
============================================================
Updating rounds...
Updating drives...
Update complete - Drives: [], Rounds: []
============================================================
Middleware triggered by request: /candidate/get-available-drives/
============================================================
Starting AutoStatusService.update_all()
Current time: 2026-08-18 11:08:44.877723+00:00
============================================================
Updating rounds...
Updating drives...
Update complete - Drives: [], Rounds: []
============================================================
============================================================
Starting AutoStatusService.update_all()
Current time: 2026-08-18 11:08:44.959801+00:00
============================================================
Updating rounds...
Updating drives...
Update complete - Drives: [], Rounds: []
============================================================
Middleware triggered by request: /candidate/get-available-drives/
============================================================
Starting AutoStatusService.update_all()
Current time: 2026-08-18 11:08:44.982895+00:00
============================================================
Updating rounds...
Updating drives...
Update complete - Drives: [], Rounds: []
============================================================
============================================================
Starting AutoStatusService.update_all()
Current time: 2026-08-18 11:08:45.097215+00:00
============================================================
Updating rounds...
Updating drives...
Update complete - Drives: [], Rounds: []
============================================================
Middleware triggered by request: /candidate/get-candidate-profile/
============================================================
Starting AutoStatusService.update_all()
Current time: 2026-08-18 11:08:47.954783+00:00
============================================================
Updating rounds...
Updating drives...
Update complete - Drives: [], Rounds: []
============================================================
Middleware triggered by request: /candidate/get-candidate-profile/
============================================================
Starting AutoStatusService.update_all()
Current time: 2026-08-18 11:08:48.159906+00:00
============================================================
Updating rounds...
Updating drives...
Update complete - Drives: [], Rounds: []
============================================================
Middleware triggered by request: /candidate/get-education/
============================================================
Starting AutoStatusService.update_all()
Current time: 2026-08-18 11:08:57.607716+00:00
============================================================
Updating rounds...
Updating drives...
Update complete - Drives: [], Rounds: []
============================================================
Middleware triggered by request: /candidate/get-education/
============================================================
Starting AutoStatusService.update_all()
Current time: 2026-08-18 11:08:57.733437+00:00
============================================================
Updating rounds...
Updating drives...
Update complete - Drives: [], Rounds: []
============================================================
Middleware triggered by request: /candidate/get-experience/
============================================================
Starting AutoStatusService.update_all()
Current time: 2026-08-18 11:09:02.432111+00:00
============================================================
Updating rounds...
Updating drives...
Update complete - Drives: [], Rounds: []
============================================================
Middleware triggered by request: /candidate/get-experience/
============================================================
Starting AutoStatusService.update_all()
Current time: 2026-08-18 11:09:02.587237+00:00
============================================================
Updating rounds...
Updating drives...
Update complete - Drives: [], Rounds: []
============================================================
Middleware triggered by request: /candidate/get-skill/
============================================================
Starting AutoStatusService.update_all()
Current time: 2026-08-18 11:09:04.372024+00:00
============================================================
Updating rounds...
Updating drives...
Update complete - Drives: [], Rounds: []
============================================================
Middleware triggered by request: /candidate/get-skill/
============================================================
Starting AutoStatusService.update_all()
Current time: 2026-08-18 11:09:04.481491+00:00
============================================================
Updating rounds...
Updating drives...
Update complete - Drives: [], Rounds: []
============================================================
Middleware triggered by request: /candidate/get-project/
============================================================
Starting AutoStatusService.update_all()
Current time: 2026-08-18 11:09:05.512419+00:00
============================================================
Updating rounds...
Updating drives...
Update complete - Drives: [], Rounds: []
============================================================
Middleware triggered by request: /candidate/get-project/
============================================================
Starting AutoStatusService.update_all()
Current time: 2026-08-18 11:09:05.620197+00:00
============================================================
Updating rounds...
Updating drives...
Update complete - Drives: [], Rounds: []
============================================================
Middleware triggered by request: /candidate/get-skill/
============================================================
Starting AutoStatusService.update_all()
Current time: 2026-08-18 11:09:08.328227+00:00
============================================================
Updating rounds...
Updating drives...
Update complete - Drives: [], Rounds: []
============================================================
Middleware triggered by request: /candidate/get-skill/
============================================================
Starting AutoStatusService.update_all()
Current time: 2026-08-18 11:09:08.445407+00:00
============================================================
Updating rounds...
Updating drives...
Update complete - Drives: [], Rounds: []
============================================================
Middleware triggered by request: /candidate/get-certificate/
============================================================
Starting AutoStatusService.update_all()
Current time: 2026-08-18 11:09:10.607969+00:00
============================================================
Updating rounds...
Updating drives...
Update complete - Drives: [], Rounds: []
============================================================
Middleware triggered by request: /candidate/get-certificate/
============================================================
Starting AutoStatusService.update_all()
Current time: 2026-08-18 11:09:10.720565+00:00
============================================================
Updating rounds...
Updating drives...
Update complete - Drives: [], Rounds: []
============================================================
Middleware triggered by request: /candidate/get-language/
============================================================
Starting AutoStatusService.update_all()
Current time: 2026-08-18 11:09:12.831352+00:00
============================================================
Updating rounds...
Updating drives...
Update complete - Drives: [], Rounds: []
============================================================
Middleware triggered by request: /candidate/get-language/
============================================================
Starting AutoStatusService.update_all()
Current time: 2026-08-18 11:09:12.971719+00:00
============================================================
Updating rounds...
Updating drives...
Update complete - Drives: [], Rounds: []
============================================================
Middleware triggered by request: /candidate/get-available-drives/
============================================================
Starting AutoStatusService.update_all()
Current time: 2026-08-18 11:09:15.297400+00:00
============================================================
Updating rounds...
Updating drives...
Update complete - Drives: [], Rounds: []
============================================================
============================================================
Starting AutoStatusService.update_all()
Current time: 2026-08-18 11:09:15.407950+00:00
============================================================
Updating rounds...
Updating drives...
Update complete - Drives: [], Rounds: []
============================================================
Middleware triggered by request: /candidate/get-available-drives/
============================================================
Starting AutoStatusService.update_all()
Current time: 2026-08-18 11:09:15.423537+00:00
============================================================
Updating rounds...
Updating drives...
Update complete - Drives: [], Rounds: []
============================================================
============================================================
Starting AutoStatusService.update_all()
Current time: 2026-08-18 11:09:15.497895+00:00
============================================================
Updating rounds...
Updating drives...
Update complete - Drives: [], Rounds: []
============================================================
Middleware triggered by request: /candidate/get-available-drives/
============================================================
Starting AutoStatusService.update_all()
Current time: 2026-08-18 11:09:17.183814+00:00
============================================================
Updating rounds...
Updating drives...
Update complete - Drives: [], Rounds: []
============================================================
============================================================
Starting AutoStatusService.update_all()
Current time: 2026-08-18 11:09:17.317045+00:00
============================================================
Updating rounds...
Updating drives...
Update complete - Drives: [], Rounds: []
============================================================
Middleware triggered by request: /candidate/get-available-drives/
============================================================
Starting AutoStatusService.update_all()
Current time: 2026-08-18 11:09:17.337805+00:00
============================================================
Updating rounds...
Updating drives...
Update complete - Drives: [], Rounds: []
============================================================
============================================================
Starting AutoStatusService.update_all()
Current time: 2026-08-18 11:09:17.426137+00:00
============================================================
Updating rounds...
Updating drives...
Update complete - Drives: [], Rounds: []
============================================================
============================================================
Starting AutoStatusService.update_all()
Current time: 2026-08-18 11:10:08.526835+00:00
============================================================
Updating rounds...
Updating drives...
Update complete - Drives: [], Rounds: []
============================================================
============================================================
Starting AutoStatusService.update_all()
Current time: 2026-08-18 11:10:08.608116+00:00
============================================================
Updating rounds...
Updating drives...
Update complete - Drives: [], Rounds: []
============================================================
Middleware triggered by request: /candidate/get-available-drives/
============================================================
Starting AutoStatusService.update_all()
Current time: 2026-08-18 11:13:15.245311+00:00
============================================================
Updating rounds...
Updating drives...
Update complete - Drives: [], Rounds: []
============================================================
============================================================
Starting AutoStatusService.update_all()
Current time: 2026-08-18 11:13:15.330368+00:00
============================================================
Updating rounds...
Updating drives...
Update complete - Drives: [], Rounds: []
============================================================
Middleware triggered by request: /candidate/get-education/
Middleware triggered by request: /candidate/get-experience/
============================================================
Middleware triggered by request: /candidate/get-skill/
============================================================
Starting AutoStatusService.update_all()
Middleware triggered by request: /candidate/get-profile/
============================================================
Starting AutoStatusService.update_all()
Current time: 2026-08-18 11:13:15.536105+00:00
============================================================
Middleware triggered by request: /candidate/get-project/
Starting AutoStatusService.update_all()
Current time: 2026-08-18 11:13:15.541881+00:00
Current time: 2026-08-18 11:13:15.540981+00:00
============================================================
Starting AutoStatusService.update_all()
============================================================
Middleware triggered by request: /candidate/get-language/
============================================================
============================================================
Updating rounds...
Current time: 2026-08-18 11:13:15.543838+00:00
Starting AutoStatusService.update_all()
============================================================
Updating rounds...
Updating rounds...
============================================================
Current time: 2026-08-18 11:13:15.548422+00:00
Starting AutoStatusService.update_all()
Updating rounds...
============================================================
Current time: 2026-08-18 11:13:15.555812+00:00
Updating rounds...
============================================================
Updating rounds...
Updating drives...
Update complete - Drives: [], Rounds: []
============================================================
Updating drives...
Updating drives...
Update complete - Drives: [], Rounds: []
============================================================
Update complete - Drives: [], Rounds: []
============================================================
Middleware triggered by request: /candidate/get-certificate/
============================================================
Starting AutoStatusService.update_all()
Current time: 2026-08-18 11:13:15.664338+00:00
============================================================
Updating drives...
Updating rounds...
Updating drives...
Update complete - Drives: [], Rounds: []
============================================================
Update complete - Drives: [], Rounds: []
============================================================
Updating drives...
Update complete - Drives: [], Rounds: []
============================================================
Updating drives...
Update complete - Drives: [], Rounds: []
============================================================
Middleware triggered by request: /candidate/get-available-drives/
============================================================
Starting AutoStatusService.update_all()
Current time: 2026-08-18 11:13:23.306132+00:00
============================================================
Updating rounds...
Updating drives...
Update complete - Drives: [], Rounds: []
============================================================
============================================================
Starting AutoStatusService.update_all()
Current time: 2026-08-18 11:13:23.422512+00:00
============================================================
Updating rounds...
Updating drives...
Update complete - Drives: [], Rounds: []
============================================================
Middleware triggered by request: /candidate/get-available-drives/
============================================================
Starting AutoStatusService.update_all()
Current time: 2026-08-18 11:13:23.444858+00:00
============================================================
Updating rounds...
Updating drives...
Update complete - Drives: [], Rounds: []
============================================================
============================================================
Starting AutoStatusService.update_all()
Current time: 2026-08-18 11:13:23.651277+00:00
============================================================
Updating rounds...
Updating drives...
Update complete - Drives: [], Rounds: []
============================================================
Middleware triggered by request: /candidate/get-candidate-profile/
============================================================
Starting AutoStatusService.update_all()
Current time: 2026-08-18 11:13:58.043995+00:00
============================================================
Updating rounds...
Updating drives...
Update complete - Drives: [], Rounds: []
============================================================
Middleware triggered by request: /candidate/get-candidate-profile/
============================================================
Starting AutoStatusService.update_all()
Current time: 2026-08-18 11:13:58.179410+00:00
============================================================
Updating rounds...
Updating drives...
Update complete - Drives: [], Rounds: []
============================================================
Middleware triggered by request: /candidate/get-available-drives/
============================================================
Starting AutoStatusService.update_all()
Current time: 2026-08-18 11:17:40.102095+00:00
============================================================
Updating rounds...
Updating drives...
Update complete - Drives: [], Rounds: []
============================================================
============================================================
Starting AutoStatusService.update_all()
Current time: 2026-08-18 11:17:40.482121+00:00
============================================================
Updating rounds...
Updating drives...
Update complete - Drives: [], Rounds: []
============================================================
Middleware triggered by request: /candidate/get-profile/
Middleware triggered by request: /candidate/get-experience/
Middleware triggered by request: /candidate/get-skill/
Middleware triggered by request: /candidate/get-education/
============================================================
Middleware triggered by request: /candidate/get-language/
Middleware triggered by request: /candidate/get-project/
============================================================
============================================================
============================================================
Starting AutoStatusService.update_all()
============================================================
============================================================
Starting AutoStatusService.update_all()
Starting AutoStatusService.update_all()
Starting AutoStatusService.update_all()
Current time: 2026-08-18 11:17:40.660406+00:00
Starting AutoStatusService.update_all()
Starting AutoStatusService.update_all()
Current time: 2026-08-18 11:17:40.663141+00:00
Current time: 2026-08-18 11:17:40.664353+00:00
Current time: 2026-08-18 11:17:40.665202+00:00
============================================================
Current time: 2026-08-18 11:17:40.667442+00:00
Current time: 2026-08-18 11:17:40.667998+00:00
============================================================
============================================================
============================================================
Updating rounds...
============================================================
============================================================
Updating rounds...
Updating rounds...
Updating rounds...
Updating rounds...
Updating rounds...
Updating drives...
Update complete - Drives: [], Rounds: []
============================================================
Updating drives...
Update complete - Drives: [], Rounds: []
============================================================
Updating drives...
Update complete - Drives: [], Rounds: []
============================================================
Updating drives...
Update complete - Drives: [], Rounds: []
============================================================
Middleware triggered by request: /candidate/get-certificate/
Updating drives...
Updating drives...
============================================================
Starting AutoStatusService.update_all()
Current time: 2026-08-18 11:17:40.806665+00:00
============================================================
Updating rounds...
Update complete - Drives: [], Rounds: []
Update complete - Drives: [], Rounds: []
============================================================
============================================================
Updating drives...
Update complete - Drives: [], Rounds: []
============================================================
Middleware triggered by request: /candidate/get-available-drives/
============================================================
Starting AutoStatusService.update_all()
Current time: 2026-08-18 11:18:16.049943+00:00
============================================================
Updating rounds...
Updating drives...
Update complete - Drives: [], Rounds: []
============================================================
============================================================
Starting AutoStatusService.update_all()
Current time: 2026-08-18 11:18:16.140300+00:00
============================================================
Updating rounds...
Updating drives...
Update complete - Drives: [], Rounds: []
============================================================
Middleware triggered by request: /candidate/get-available-drives/
============================================================
Starting AutoStatusService.update_all()
Current time: 2026-08-18 11:18:16.162074+00:00
============================================================
Updating rounds...
Middleware triggered by request: /candidate/get-profile/
Middleware triggered by request: /candidate/get-skill/
Middleware triggered by request: /candidate/get-experience/
Middleware triggered by request: /candidate/get-education/
Middleware triggered by request: /candidate/get-project/
============================================================
============================================================
============================================================
============================================================
Updating drives...
============================================================
Starting AutoStatusService.update_all()
Starting AutoStatusService.update_all()
Starting AutoStatusService.update_all()
Starting AutoStatusService.update_all()
Starting AutoStatusService.update_all()
Current time: 2026-08-18 11:18:16.288672+00:00
Current time: 2026-08-18 11:18:16.289170+00:00
Current time: 2026-08-18 11:18:16.289808+00:00
Current time: 2026-08-18 11:18:16.290560+00:00
Current time: 2026-08-18 11:18:16.290878+00:00
============================================================
Update complete - Drives: [], Rounds: []
============================================================
============================================================
============================================================
============================================================
Updating rounds...
============================================================
Updating rounds...
Updating rounds...
Updating rounds...
Updating rounds...
============================================================
Starting AutoStatusService.update_all()
Current time: 2026-08-18 11:18:16.330649+00:00
============================================================
Updating rounds...
Updating drives...
Update complete - Drives: [], Rounds: []
============================================================
Middleware triggered by request: /candidate/get-language/
============================================================
Starting AutoStatusService.update_all()
Current time: 2026-08-18 11:18:16.351180+00:00
============================================================
Updating rounds...
Updating drives...
Update complete - Drives: [], Rounds: []
============================================================
Updating drives...
Update complete - Drives: [], Rounds: []
============================================================
Middleware triggered by request: /candidate/get-certificate/
============================================================
Starting AutoStatusService.update_all()
Current time: 2026-08-18 11:18:16.405098+00:00
============================================================
Updating rounds...
Updating drives...
Updating drives...
Updating drives...
Update complete - Drives: [], Rounds: []
============================================================
Update complete - Drives: [], Rounds: []
Update complete - Drives: [], Rounds: []
============================================================
============================================================
Updating drives...
Update complete - Drives: [], Rounds: []
============================================================
Updating drives...
Update complete - Drives: [], Rounds: []
============================================================
Middleware triggered by request: /candidate/get-profile/
Middleware triggered by request: /candidate/get-skill/
Middleware triggered by request: /candidate/get-experience/
Middleware triggered by request: /candidate/get-project/
Middleware triggered by request: /candidate/get-education/
============================================================
Middleware triggered by request: /candidate/get-language/
============================================================
============================================================
============================================================
============================================================
Starting AutoStatusService.update_all()
============================================================
Starting AutoStatusService.update_all()
Starting AutoStatusService.update_all()
Starting AutoStatusService.update_all()
Starting AutoStatusService.update_all()
Current time: 2026-08-18 11:18:16.487195+00:00
Starting AutoStatusService.update_all()
Current time: 2026-08-18 11:18:16.487684+00:00
Current time: 2026-08-18 11:18:16.487856+00:00
Current time: 2026-08-18 11:18:16.488024+00:00
Current time: 2026-08-18 11:18:16.488198+00:00
============================================================
Updating rounds...
============================================================
============================================================
============================================================
============================================================
Current time: 2026-08-18 11:18:16.488860+00:00
Updating rounds...
Updating rounds...
Updating rounds...
Updating rounds...
============================================================
Updating rounds...
Updating drives...
Updating drives...
Update complete - Drives: [], Rounds: []
============================================================
Updating drives...
Update complete - Drives: [], Rounds: []
============================================================
Middleware triggered by request: /candidate/get-certificate/
Update complete - Drives: [], Rounds: []
============================================================
============================================================
Starting AutoStatusService.update_all()
Current time: 2026-08-18 11:18:16.590801+00:00
============================================================
Updating rounds...
Updating drives...
Updating drives...
Update complete - Drives: [], Rounds: []
============================================================
Update complete - Drives: [], Rounds: []
============================================================
Updating drives...
Update complete - Drives: [], Rounds: []
============================================================
Updating drives...
Update complete - Drives: [], Rounds: []
============================================================
Middleware triggered by request: /candidate/get-available-drives/
============================================================
Starting AutoStatusService.update_all()
Current time: 2026-08-18 11:18:39.158313+00:00
============================================================
Updating rounds...
Updating drives...
Update complete - Drives: [], Rounds: []
============================================================
============================================================
Starting AutoStatusService.update_all()
Current time: 2026-08-18 11:18:39.277343+00:00
============================================================
Updating rounds...
Updating drives...
Update complete - Drives: [], Rounds: []
============================================================
Middleware triggered by request: /candidate/get-available-drives/
============================================================
Starting AutoStatusService.update_all()
Current time: 2026-08-18 11:18:39.309019+00:00
============================================================
Updating rounds...
Updating drives...
Update complete - Drives: [], Rounds: []
============================================================
============================================================
Starting AutoStatusService.update_all()
Current time: 2026-08-18 11:18:39.412425+00:00
============================================================
Updating rounds...
Updating drives...
Update complete - Drives: [], Rounds: []
============================================================
Middleware triggered by request: /candidate/get-available-drives/
============================================================
Starting AutoStatusService.update_all()
Current time: 2026-08-18 11:41:00.238109+00:00
============================================================
Updating rounds...
Updating drives...
Update complete - Drives: [], Rounds: []
============================================================
============================================================
Starting AutoStatusService.update_all()
Current time: 2026-08-18 11:41:00.376626+00:00
============================================================
Updating rounds...
Updating drives...
Update complete - Drives: [], Rounds: []
============================================================
Middleware triggered by request: /candidate/get-profile/
============================================================
Starting AutoStatusService.update_all()
Current time: 2026-08-18 11:41:00.513547+00:00
============================================================
Updating rounds...
Middleware triggered by request: /candidate/get-education/
============================================================
Middleware triggered by request: /candidate/get-experience/
Starting AutoStatusService.update_all()
Current time: 2026-08-18 11:41:00.533277+00:00
============================================================
Middleware triggered by request: /candidate/get-skill/
============================================================
Starting AutoStatusService.update_all()
Middleware triggered by request: /candidate/get-project/
============================================================
Updating rounds...
Middleware triggered by request: /candidate/get-language/
Current time: 2026-08-18 11:41:00.550089+00:00
============================================================
Starting AutoStatusService.update_all()
============================================================
============================================================
Starting AutoStatusService.update_all()
Current time: 2026-08-18 11:41:00.559036+00:00
Starting AutoStatusService.update_all()
Updating rounds...
Current time: 2026-08-18 11:41:00.563495+00:00
============================================================
Current time: 2026-08-18 11:41:00.566445+00:00
============================================================
Updating rounds...
============================================================
Updating rounds...
Updating rounds...
Updating drives...
Update complete - Drives: [], Rounds: []
============================================================
Updating drives...
Middleware triggered by request: /candidate/get-certificate/
============================================================
Starting AutoStatusService.update_all()
Current time: 2026-08-18 11:41:00.649849+00:00
============================================================
Updating rounds...
Update complete - Drives: [], Rounds: []
============================================================
Updating drives...
Update complete - Drives: [], Rounds: []
============================================================
Updating drives...
Updating drives...
Update complete - Drives: [], Rounds: []
Updating drives...
============================================================
Update complete - Drives: [], Rounds: []
============================================================
Update complete - Drives: [], Rounds: []
============================================================
Updating drives...
Update complete - Drives: [], Rounds: []
============================================================
Middleware triggered by request: /candidate/get-available-drives/
============================================================
Starting AutoStatusService.update_all()
Current time: 2026-08-18 11:41:21.182395+00:00
============================================================
Updating rounds...
Updating drives...
Update complete - Drives: [], Rounds: []
============================================================
============================================================
Starting AutoStatusService.update_all()
Current time: 2026-08-18 11:41:21.260038+00:00
============================================================
Updating rounds...
Updating drives...
Update complete - Drives: [], Rounds: []
============================================================
Middleware triggered by request: /candidate/get-available-drives/
============================================================
Starting AutoStatusService.update_all()
Current time: 2026-08-18 11:41:21.276121+00:00
============================================================
Updating rounds...
Updating drives...
Update complete - Drives: [], Rounds: []
============================================================
============================================================
Starting AutoStatusService.update_all()
Current time: 2026-08-18 11:41:21.358013+00:00
============================================================
Updating rounds...
Updating drives...
Update complete - Drives: [], Rounds: []
============================================================
Middleware triggered by request: /candidate/get-candidate-profile/
============================================================
Starting AutoStatusService.update_all()
Current time: 2026-08-18 11:42:08.124592+00:00
============================================================
Updating rounds...
Updating drives...
Update complete - Drives: [], Rounds: []
============================================================
Middleware triggered by request: /candidate/get-candidate-profile/
============================================================
Starting AutoStatusService.update_all()
Current time: 2026-08-18 11:42:08.215353+00:00
============================================================
Updating rounds...
Updating drives...
Update complete - Drives: [], Rounds: []
============================================================
Middleware triggered by request: /candidate/get-candidate-profile/
============================================================
Starting AutoStatusService.update_all()
Current time: 2026-08-18 11:42:37.662204+00:00
============================================================
Updating rounds...
Updating drives...
Update complete - Drives: [], Rounds: []
============================================================
Middleware triggered by request: /candidate/get-candidate-profile/
============================================================
Starting AutoStatusService.update_all()
Current time: 2026-08-18 11:42:37.735558+00:00
============================================================
Updating rounds...
Updating drives...
Update complete - Drives: [], Rounds: []
============================================================
Middleware triggered by request: /candidate/get-candidate-profile/
============================================================
Starting AutoStatusService.update_all()
Current time: 2026-08-18 11:42:52.838754+00:00
============================================================
Updating rounds...
Updating drives...
Update complete - Drives: [], Rounds: []
============================================================
Middleware triggered by request: /candidate/get-candidate-profile/
============================================================
Starting AutoStatusService.update_all()
Current time: 2026-08-18 11:42:52.951824+00:00
============================================================
Updating rounds...
Updating drives...
Update complete - Drives: [], Rounds: []
============================================================
Middleware triggered by request: /candidate/update-candidate-profile/
============================================================
Starting AutoStatusService.update_all()
Current time: 2026-08-18 11:42:57.485941+00:00
============================================================
Updating rounds...
Updating drives...
Update complete - Drives: [], Rounds: []
============================================================
Middleware triggered by request: /candidate/update-candidate-profile/
============================================================
Starting AutoStatusService.update_all()
Current time: 2026-08-18 11:43:01.091547+00:00
============================================================
Updating rounds...
Updating drives...
Update complete - Drives: [], Rounds: []
============================================================
Middleware triggered by request: /candidate/update-candidate-profile/
============================================================
Starting AutoStatusService.update_all()
Current time: 2026-08-18 11:43:37.348429+00:00
============================================================
Updating rounds...
Updating drives...
Update complete - Drives: [], Rounds: []
============================================================
Middleware triggered by request: /candidate/update-candidate-profile/
============================================================
Starting AutoStatusService.update_all()
Current time: 2026-08-18 11:43:50.580751+00:00
============================================================
Updating rounds...
Updating drives...
Update complete - Drives: [], Rounds: []
============================================================
Middleware triggered by request: /candidate/update-candidate-profile/
============================================================
Starting AutoStatusService.update_all()
Current time: 2026-08-18 11:44:05.337315+00:00
============================================================
Updating rounds...
Updating drives...
Update complete - Drives: [], Rounds: []
============================================================
Middleware triggered by request: /candidate/update-candidate-profile/
============================================================
Starting AutoStatusService.update_all()
Current time: 2026-08-18 11:44:18.382549+00:00
============================================================
Updating rounds...
Updating drives...
Update complete - Drives: [], Rounds: []
============================================================
Middleware triggered by request: /candidate/get-available-drives/
============================================================
Starting AutoStatusService.update_all()
Current time: 2026-08-18 11:44:25.916100+00:00
============================================================
Updating rounds...
Updating drives...
Update complete - Drives: [], Rounds: []
============================================================
============================================================
Starting AutoStatusService.update_all()
Current time: 2026-08-18 11:44:25.990986+00:00
============================================================
Updating rounds...
Updating drives...
Update complete - Drives: [], Rounds: []
============================================================
Middleware triggered by request: /candidate/get-available-drives/
============================================================
Starting AutoStatusService.update_all()
Current time: 2026-08-18 11:44:26.037105+00:00
============================================================
Updating rounds...
Updating drives...
Update complete - Drives: [], Rounds: []
============================================================
Middleware triggered by request: /candidate/get-profile/
============================================================
Starting AutoStatusService.update_all()
Middleware triggered by request: /candidate/get-education/
Current time: 2026-08-18 11:44:26.120435+00:00
============================================================
============================================================
Middleware triggered by request: /candidate/get-experience/
Starting AutoStatusService.update_all()
Middleware triggered by request: /candidate/get-skill/
Updating rounds...
============================================================
Current time: 2026-08-18 11:44:26.124146+00:00
============================================================
Middleware triggered by request: /candidate/get-project/
Starting AutoStatusService.update_all()
============================================================
Updating rounds...
============================================================
Current time: 2026-08-18 11:44:26.128324+00:00
Starting AutoStatusService.update_all()
Starting AutoStatusService.update_all()
============================================================
Current time: 2026-08-18 11:44:26.131566+00:00
Current time: 2026-08-18 11:44:26.131832+00:00
Updating rounds...
============================================================
============================================================
Updating rounds...
Updating rounds...
============================================================
Starting AutoStatusService.update_all()
Current time: 2026-08-18 11:44:26.138455+00:00
============================================================
Updating rounds...
Updating drives...
Update complete - Drives: [], Rounds: []
============================================================
Middleware triggered by request: /candidate/get-language/
============================================================
Starting AutoStatusService.update_all()
Current time: 2026-08-18 11:44:26.157196+00:00
============================================================
Updating rounds...
Updating drives...
Update complete - Drives: [], Rounds: []
Updating drives...
============================================================
Update complete - Drives: [], Rounds: []
Updating drives...
============================================================
Middleware triggered by request: /candidate/get-certificate/
Updating drives...
Updating drives...
============================================================
Update complete - Drives: [], Rounds: []
Starting AutoStatusService.update_all()
Current time: 2026-08-18 11:44:26.248575+00:00
============================================================
============================================================
Update complete - Drives: [], Rounds: []
Updating rounds...
============================================================
Update complete - Drives: [], Rounds: []
Updating drives...
============================================================
Update complete - Drives: [], Rounds: []
============================================================
Middleware triggered by request: /candidate/get-candidate-profile/
============================================================
Starting AutoStatusService.update_all()
Current time: 2026-08-18 11:44:26.285071+00:00
============================================================
Updating rounds...
Updating drives...
Update complete - Drives: [], Rounds: []
============================================================
Middleware triggered by request: /candidate/get-profile/
Middleware triggered by request: /candidate/get-experience/
Updating drives...
============================================================
Middleware triggered by request: /candidate/get-skill/
Middleware triggered by request: /candidate/get-education/
============================================================
Starting AutoStatusService.update_all()
============================================================
============================================================
Starting AutoStatusService.update_all()
Current time: 2026-08-18 11:44:26.343235+00:00
Starting AutoStatusService.update_all()
Starting AutoStatusService.update_all()
Current time: 2026-08-18 11:44:26.346274+00:00
============================================================
Current time: 2026-08-18 11:44:26.346021+00:00
Current time: 2026-08-18 11:44:26.345554+00:00
Update complete - Drives: [], Rounds: []
============================================================
Updating rounds...
============================================================
============================================================
Middleware triggered by request: /candidate/get-project/
============================================================
Updating rounds...
Updating rounds...
Updating rounds...
============================================================
Starting AutoStatusService.update_all()
Current time: 2026-08-18 11:44:26.356187+00:00
============================================================
Updating rounds...
Middleware triggered by request: /candidate/get-language/
============================================================
Starting AutoStatusService.update_all()
Current time: 2026-08-18 11:44:26.374204+00:00
============================================================
Updating rounds...
Updating drives...
Update complete - Drives: [], Rounds: []
============================================================
Updating drives...
Update complete - Drives: [], Rounds: []
============================================================
Updating drives...
Middleware triggered by request: /candidate/get-certificate/
Updating drives...
Update complete - Drives: [], Rounds: []
============================================================
============================================================
Starting AutoStatusService.update_all()
Current time: 2026-08-18 11:44:26.442717+00:00
============================================================
Updating rounds...
Updating drives...
Update complete - Drives: [], Rounds: []
============================================================
Middleware triggered by request: /candidate/get-candidate-profile/
============================================================
Starting AutoStatusService.update_all()
Update complete - Drives: [], Rounds: []
Current time: 2026-08-18 11:44:26.465331+00:00
============================================================
============================================================
Updating rounds...
Updating drives...
Update complete - Drives: [], Rounds: []
============================================================
Updating drives...
Update complete - Drives: [], Rounds: []
============================================================
Updating drives...
Update complete - Drives: [], Rounds: []
============================================================
Middleware triggered by request: /candidate/get-language/
============================================================
Starting AutoStatusService.update_all()
Current time: 2026-08-18 11:44:34.270427+00:00
============================================================
Updating rounds...
Updating drives...
Update complete - Drives: [], Rounds: []
============================================================
Middleware triggered by request: /candidate/get-language/
============================================================
Starting AutoStatusService.update_all()
Current time: 2026-08-18 11:44:34.366180+00:00
============================================================
Updating rounds...
Updating drives...
Update complete - Drives: [], Rounds: []
============================================================
Middleware triggered by request: /candidate/get-certificate/
============================================================
Starting AutoStatusService.update_all()
Current time: 2026-08-18 11:44:36.032782+00:00
============================================================
Updating rounds...
Updating drives...
Update complete - Drives: [], Rounds: []
============================================================
Middleware triggered by request: /candidate/get-certificate/
============================================================
Starting AutoStatusService.update_all()
Current time: 2026-08-18 11:44:36.124909+00:00
============================================================
Updating rounds...
Updating drives...
Update complete - Drives: [], Rounds: []
============================================================
Middleware triggered by request: /candidate/get-language/
============================================================
Starting AutoStatusService.update_all()
Current time: 2026-08-18 11:44:37.546408+00:00
============================================================
Updating rounds...
Updating drives...
Update complete - Drives: [], Rounds: []
============================================================
Middleware triggered by request: /candidate/get-language/
============================================================
Starting AutoStatusService.update_all()
Current time: 2026-08-18 11:44:37.639537+00:00
============================================================
Updating rounds...
Updating drives...
Update complete - Drives: [], Rounds: []
============================================================
Middleware triggered by request: /candidate/add-update-language/
============================================================
Starting AutoStatusService.update_all()
Current time: 2026-08-18 11:44:48.825506+00:00
============================================================
Updating rounds...
Updating drives...
Update complete - Drives: [], Rounds: []
============================================================
Middleware triggered by request: /candidate/get-language/
============================================================
Starting AutoStatusService.update_all()
Current time: 2026-08-18 11:44:48.925147+00:00
============================================================
Updating rounds...
Updating drives...
Update complete - Drives: [], Rounds: []
============================================================
Middleware triggered by request: /candidate/get-certificate/
============================================================
Starting AutoStatusService.update_all()
Current time: 2026-08-18 11:44:51.083938+00:00
============================================================
Updating rounds...
Updating drives...
Update complete - Drives: [], Rounds: []
============================================================
Middleware triggered by request: /candidate/get-certificate/
============================================================
Starting AutoStatusService.update_all()
Current time: 2026-08-18 11:44:51.182231+00:00
============================================================
Updating rounds...
Updating drives...
Update complete - Drives: [], Rounds: []
============================================================
Middleware triggered by request: /candidate/add-update-certificate/
============================================================
Starting AutoStatusService.update_all()
Current time: 2026-08-18 11:45:17.182009+00:00
============================================================
Updating rounds...
Updating drives...
Update complete - Drives: [], Rounds: []
============================================================
Middleware triggered by request: /candidate/get-certificate/
============================================================
Starting AutoStatusService.update_all()
Current time: 2026-08-18 11:45:17.321103+00:00
============================================================
Updating rounds...
Updating drives...
Update complete - Drives: [], Rounds: []
============================================================
Middleware triggered by request: /candidate/get-project/
============================================================
Starting AutoStatusService.update_all()
Current time: 2026-08-18 11:45:19.414059+00:00
============================================================
Updating rounds...
Updating drives...
Update complete - Drives: [], Rounds: []
============================================================
Middleware triggered by request: /candidate/get-project/
============================================================
Starting AutoStatusService.update_all()
Current time: 2026-08-18 11:45:19.591296+00:00
============================================================
Updating rounds...
Updating drives...
Update complete - Drives: [], Rounds: []
============================================================
Middleware triggered by request: /candidate/get-skill/
============================================================
Starting AutoStatusService.update_all()
Current time: 2026-08-18 11:45:22.968940+00:00
============================================================
Updating rounds...
Updating drives...
Update complete - Drives: [], Rounds: []
============================================================
Middleware triggered by request: /candidate/get-skill/
============================================================
Starting AutoStatusService.update_all()
Current time: 2026-08-18 11:45:23.056419+00:00
============================================================
Updating rounds...
Updating drives...
Update complete - Drives: [], Rounds: []
============================================================
Middleware triggered by request: /candidate/add-update-skill/
============================================================
Starting AutoStatusService.update_all()
Current time: 2026-08-18 11:45:27.006674+00:00
============================================================
Updating rounds...
Updating drives...
Update complete - Drives: [], Rounds: []
============================================================
Middleware triggered by request: /candidate/get-skill/
============================================================
Starting AutoStatusService.update_all()
Current time: 2026-08-18 11:45:27.102163+00:00
============================================================
Updating rounds...
Updating drives...
Update complete - Drives: [], Rounds: []
============================================================
Middleware triggered by request: /candidate/get-available-drives/
============================================================
Starting AutoStatusService.update_all()
Current time: 2026-08-18 11:45:30.822634+00:00
============================================================
Updating rounds...
Updating drives...
Update complete - Drives: [], Rounds: []
============================================================
============================================================
Starting AutoStatusService.update_all()
Current time: 2026-08-18 11:45:30.893811+00:00
============================================================
Updating rounds...
Updating drives...
Update complete - Drives: [], Rounds: []
============================================================
Middleware triggered by request: /candidate/get-available-drives/
============================================================
Starting AutoStatusService.update_all()
Current time: 2026-08-18 11:45:30.916390+00:00
============================================================
Updating rounds...
Updating drives...
Update complete - Drives: [], Rounds: []
Middleware triggered by request: /candidate/get-profile/
============================================================
Middleware triggered by request: /candidate/get-experience/
Middleware triggered by request: /candidate/get-skill/
Middleware triggered by request: /candidate/get-education/
============================================================
Middleware triggered by request: /candidate/get-project/
============================================================
============================================================
============================================================
Starting AutoStatusService.update_all()
============================================================
Starting AutoStatusService.update_all()
Starting AutoStatusService.update_all()
Starting AutoStatusService.update_all()
Current time: 2026-08-18 11:45:31.035507+00:00
Starting AutoStatusService.update_all()
Current time: 2026-08-18 11:45:31.036306+00:00
Current time: 2026-08-18 11:45:31.037024+00:00
Current time: 2026-08-18 11:45:31.037507+00:00
============================================================
Current time: 2026-08-18 11:45:31.038641+00:00
============================================================
============================================================
============================================================
Updating rounds...
============================================================
Updating rounds...
Updating rounds...
Updating rounds...
Updating rounds...
============================================================
Starting AutoStatusService.update_all()
Current time: 2026-08-18 11:45:31.064661+00:00
============================================================
Updating rounds...
Updating drives...
Update complete - Drives: [], Rounds: []
============================================================
Middleware triggered by request: /candidate/get-language/
============================================================
Starting AutoStatusService.update_all()
Current time: 2026-08-18 11:45:31.114872+00:00
============================================================
Updating rounds...
Updating drives...
Update complete - Drives: [], Rounds: []
Updating drives...
============================================================
Updating drives...
Update complete - Drives: [], Rounds: []
============================================================
Middleware triggered by request: /candidate/get-certificate/
Update complete - Drives: [], Rounds: []
============================================================
============================================================
Updating drives...
Starting AutoStatusService.update_all()
Current time: 2026-08-18 11:45:31.181910+00:00
============================================================
Updating rounds...
Updating drives...
Update complete - Drives: [], Rounds: []
============================================================
Updating drives...
Update complete - Drives: [], Rounds: []
============================================================
Update complete - Drives: [], Rounds: []
============================================================
Updating drives...
Update complete - Drives: [], Rounds: []
============================================================
Middleware triggered by request: /candidate/get-profile/
Middleware triggered by request: /candidate/get-skill/
Middleware triggered by request: /candidate/get-experience/
Middleware triggered by request: /candidate/get-education/
Middleware triggered by request: /candidate/get-project/
Middleware triggered by request: /candidate/get-language/
============================================================
============================================================
============================================================
============================================================
============================================================
============================================================
Starting AutoStatusService.update_all()
Starting AutoStatusService.update_all()
Starting AutoStatusService.update_all()
Starting AutoStatusService.update_all()
Starting AutoStatusService.update_all()
Starting AutoStatusService.update_all()
Current time: 2026-08-18 11:45:31.280207+00:00
Current time: 2026-08-18 11:45:31.280397+00:00
Current time: 2026-08-18 11:45:31.280829+00:00
Current time: 2026-08-18 11:45:31.281553+00:00
Current time: 2026-08-18 11:45:31.281880+00:00
Current time: 2026-08-18 11:45:31.282187+00:00
============================================================
============================================================
============================================================
============================================================
============================================================
============================================================
Updating rounds...
Updating rounds...
Updating rounds...
Updating rounds...
Updating rounds...
Updating rounds...
Updating drives...
Update complete - Drives: [], Rounds: []
============================================================
Updating drives...
Middleware triggered by request: /candidate/get-certificate/
============================================================
Starting AutoStatusService.update_all()
Current time: 2026-08-18 11:45:31.413381+00:00
Update complete - Drives: [], Rounds: []
============================================================
Updating rounds...
============================================================
Updating drives...
Updating drives...
Update complete - Drives: [], Rounds: []
============================================================
Update complete - Drives: [], Rounds: []
============================================================
Updating drives...
Update complete - Drives: [], Rounds: []
============================================================
Updating drives...
Update complete - Drives: [], Rounds: []
============================================================
Updating drives...
Update complete - Drives: [], Rounds: []
============================================================
Middleware triggered by request: /candidate/get-available-drives/
============================================================
Starting AutoStatusService.update_all()
Current time: 2026-08-18 11:45:44.321414+00:00
============================================================
Updating rounds...
Updating drives...
Update complete - Drives: [], Rounds: []
============================================================
============================================================
Starting AutoStatusService.update_all()
Current time: 2026-08-18 11:45:44.492795+00:00
============================================================
Updating rounds...
Updating drives...
Update complete - Drives: [], Rounds: []
============================================================
Middleware triggered by request: /candidate/get-available-drives/
============================================================
Starting AutoStatusService.update_all()
Current time: 2026-08-18 11:45:44.518764+00:00
============================================================
Updating rounds...
Updating drives...
Middleware triggered by request: /candidate/get-profile/
Middleware triggered by request: /candidate/get-education/
Update complete - Drives: [], Rounds: []
Middleware triggered by request: /candidate/get-project/
Middleware triggered by request: /candidate/get-skill/
============================================================
Middleware triggered by request: /candidate/get-experience/
============================================================
============================================================
============================================================
============================================================
============================================================
Starting AutoStatusService.update_all()
Starting AutoStatusService.update_all()
Starting AutoStatusService.update_all()
Starting AutoStatusService.update_all()
Starting AutoStatusService.update_all()
Current time: 2026-08-18 11:45:44.641436+00:00
Current time: 2026-08-18 11:45:44.641807+00:00
Current time: 2026-08-18 11:45:44.642237+00:00
Current time: 2026-08-18 11:45:44.642718+00:00
Current time: 2026-08-18 11:45:44.643159+00:00
============================================================
============================================================
============================================================
============================================================
============================================================
Updating rounds...
Updating rounds...
Updating rounds...
Updating rounds...
Updating rounds...
============================================================
Starting AutoStatusService.update_all()
Current time: 2026-08-18 11:45:44.666563+00:00
============================================================
Updating rounds...
Updating drives...
Update complete - Drives: [], Rounds: []
============================================================
Middleware triggered by request: /candidate/get-language/
============================================================
Starting AutoStatusService.update_all()
Current time: 2026-08-18 11:45:44.698093+00:00
============================================================
Updating rounds...
Updating drives...
Update complete - Drives: [], Rounds: []
============================================================
Middleware triggered by request: /candidate/get-certificate/
============================================================
Starting AutoStatusService.update_all()
Current time: 2026-08-18 11:45:44.755940+00:00
============================================================
Updating rounds...
Updating drives...
Updating drives...
Update complete - Drives: [], Rounds: []
============================================================
Update complete - Drives: [], Rounds: []
============================================================
Updating drives...
Update complete - Drives: [], Rounds: []
============================================================
Updating drives...
Update complete - Drives: [], Rounds: []
============================================================
Updating drives...
Update complete - Drives: [], Rounds: []
============================================================
Updating drives...
Update complete - Drives: [], Rounds: []
============================================================
Middleware triggered by request: /candidate/get-profile/
Middleware triggered by request: /candidate/get-education/
Middleware triggered by request: /candidate/get-skill/
Middleware triggered by request: /candidate/get-experience/
Middleware triggered by request: /candidate/get-language/
============================================================
============================================================
Middleware triggered by request: /candidate/get-project/
============================================================
============================================================
============================================================
Starting AutoStatusService.update_all()
Starting AutoStatusService.update_all()
============================================================
Starting AutoStatusService.update_all()
Starting AutoStatusService.update_all()
Starting AutoStatusService.update_all()
Current time: 2026-08-18 11:45:44.965488+00:00
Current time: 2026-08-18 11:45:44.965711+00:00
Starting AutoStatusService.update_all()
Current time: 2026-08-18 11:45:44.966023+00:00
Current time: 2026-08-18 11:45:44.966155+00:00
============================================================
Updating rounds...
============================================================
Current time: 2026-08-18 11:45:44.966770+00:00
Current time: 2026-08-18 11:45:44.966314+00:00
============================================================
============================================================
Updating rounds...
============================================================
============================================================
Updating rounds...
Updating rounds...
Updating rounds...
Updating rounds...
Updating drives...
Updating drives...
Update complete - Drives: [], Rounds: []
============================================================
Update complete - Drives: [], Rounds: []
============================================================
Middleware triggered by request: /candidate/get-certificate/
============================================================
Starting AutoStatusService.update_all()
Current time: 2026-08-18 11:45:45.061426+00:00
============================================================
Updating rounds...
Updating drives...
Updating drives...
Updating drives...
Updating drives...
Update complete - Drives: [], Rounds: []
============================================================
Update complete - Drives: [], Rounds: []
============================================================
Update complete - Drives: [], Rounds: []
Update complete - Drives: [], Rounds: []
============================================================
============================================================
Updating drives...
Update complete - Drives: [], Rounds: []
============================================================
Middleware triggered by request: /candidate/get-candidate-profile/
============================================================
Starting AutoStatusService.update_all()
Current time: 2026-08-18 11:45:56.336955+00:00
============================================================
Updating rounds...
Updating drives...
Update complete - Drives: [], Rounds: []
============================================================
Middleware triggered by request: /candidate/get-candidate-profile/
============================================================
Starting AutoStatusService.update_all()
Current time: 2026-08-18 11:45:56.419729+00:00
============================================================
Updating rounds...
Updating drives...
Update complete - Drives: [], Rounds: []
============================================================
Middleware triggered by request: /candidate/get-available-drives/
============================================================
Starting AutoStatusService.update_all()
Current time: 2026-08-18 11:45:59.105146+00:00
============================================================
Updating rounds...
Updating drives...
Update complete - Drives: [], Rounds: []
============================================================
============================================================
Starting AutoStatusService.update_all()
Current time: 2026-08-18 11:45:59.285012+00:00
============================================================
Updating rounds...
Updating drives...
Update complete - Drives: [], Rounds: []
============================================================
Middleware triggered by request: /candidate/get-available-drives/
============================================================
Starting AutoStatusService.update_all()
Current time: 2026-08-18 11:45:59.313079+00:00
============================================================
Updating rounds...
Updating drives...
Update complete - Drives: [], Rounds: []
============================================================
Middleware triggered by request: /candidate/get-profile/
Middleware triggered by request: /candidate/get-education/
Middleware triggered by request: /candidate/get-experience/
Middleware triggered by request: /candidate/get-skill/
Middleware triggered by request: /candidate/get-project/
============================================================
============================================================
============================================================
Starting AutoStatusService.update_all()
============================================================
Starting AutoStatusService.update_all()
Starting AutoStatusService.update_all()
============================================================
Current time: 2026-08-18 11:45:59.436914+00:00
Starting AutoStatusService.update_all()
Current time: 2026-08-18 11:45:59.437204+00:00
Starting AutoStatusService.update_all()
Current time: 2026-08-18 11:45:59.438088+00:00
============================================================
Current time: 2026-08-18 11:45:59.437356+00:00
============================================================
Current time: 2026-08-18 11:45:59.439079+00:00
============================================================
Updating rounds...
============================================================
Updating rounds...
============================================================
Updating rounds...
Updating rounds...
Updating rounds...
============================================================
Starting AutoStatusService.update_all()
Current time: 2026-08-18 11:45:59.453541+00:00
============================================================
Updating rounds...
Updating drives...
Update complete - Drives: [], Rounds: []
============================================================
Middleware triggered by request: /candidate/get-language/
============================================================
Starting AutoStatusService.update_all()
Current time: 2026-08-18 11:45:59.486059+00:00
============================================================
Updating rounds...
Updating drives...
Update complete - Drives: [], Rounds: []
============================================================
Updating drives...
Update complete - Drives: [], Rounds: []
Middleware triggered by request: /candidate/get-certificate/
============================================================
============================================================
Starting AutoStatusService.update_all()
Updating drives...
Current time: 2026-08-18 11:45:59.551467+00:00
============================================================
Updating rounds...
Update complete - Drives: [], Rounds: []
============================================================
Updating drives...
Updating drives...
Updating drives...
Update complete - Drives: [], Rounds: []
============================================================
Update complete - Drives: [], Rounds: []
============================================================
Update complete - Drives: [], Rounds: []
============================================================
Middleware triggered by request: /candidate/get-candidate-profile/
============================================================
Starting AutoStatusService.update_all()
Current time: 2026-08-18 11:45:59.596411+00:00
============================================================
Updating rounds...
Updating drives...
Update complete - Drives: [], Rounds: []
============================================================
Middleware triggered by request: /candidate/get-profile/
Middleware triggered by request: /candidate/get-skill/
Middleware triggered by request: /candidate/get-experience/
Middleware triggered by request: /candidate/get-education/
============================================================
============================================================
============================================================
============================================================
Starting AutoStatusService.update_all()
Starting AutoStatusService.update_all()
Starting AutoStatusService.update_all()
Starting AutoStatusService.update_all()
Current time: 2026-08-18 11:45:59.641718+00:00
Current time: 2026-08-18 11:45:59.641874+00:00
Current time: 2026-08-18 11:45:59.642018+00:00
Current time: 2026-08-18 11:45:59.642137+00:00
============================================================
============================================================
============================================================
============================================================
Updating rounds...
Updating rounds...
Updating rounds...
Updating rounds...
Updating drives...
Middleware triggered by request: /candidate/get-project/
============================================================
Starting AutoStatusService.update_all()
Current time: 2026-08-18 11:45:59.658617+00:00
============================================================
Updating rounds...
Update complete - Drives: [], Rounds: []
============================================================
Middleware triggered by request: /candidate/get-language/
============================================================
Starting AutoStatusService.update_all()
Current time: 2026-08-18 11:45:59.696577+00:00
============================================================
Updating rounds...
Updating drives...
Update complete - Drives: [], Rounds: []
============================================================
Updating drives...
Middleware triggered by request: /candidate/get-certificate/
============================================================
Update complete - Drives: [], Rounds: []
Starting AutoStatusService.update_all()
============================================================
Current time: 2026-08-18 11:45:59.741825+00:00
Updating drives...
============================================================
Updating rounds...
Updating drives...
Update complete - Drives: [], Rounds: []
============================================================
Update complete - Drives: [], Rounds: []
Updating drives...
============================================================
Update complete - Drives: [], Rounds: []
============================================================
Middleware triggered by request: /candidate/get-candidate-profile/
Updating drives...
============================================================
Starting AutoStatusService.update_all()
Current time: 2026-08-18 11:45:59.775779+00:00
============================================================
Updating rounds...
Update complete - Drives: [], Rounds: []
============================================================
Updating drives...
Update complete - Drives: [], Rounds: []
============================================================
Updating drives...
Update complete - Drives: [], Rounds: []
============================================================
Middleware triggered by request: /candidate/get-available-drives/
============================================================
Starting AutoStatusService.update_all()
Current time: 2026-08-18 11:46:42.807805+00:00
============================================================
Updating rounds...
Updating drives...
Update complete - Drives: [], Rounds: []
============================================================
============================================================
Starting AutoStatusService.update_all()
Current time: 2026-08-18 11:46:42.901822+00:00
============================================================
Updating rounds...
Updating drives...
Update complete - Drives: [], Rounds: []
============================================================
Middleware triggered by request: /candidate/get-profile/
============================================================
Starting AutoStatusService.update_all()
Current time: 2026-08-18 11:46:42.919038+00:00
============================================================
Updating rounds...
Updating drives...
Update complete - Drives: [], Rounds: []
============================================================
Middleware triggered by request: /candidate/get-candidate-profile/
============================================================
Starting AutoStatusService.update_all()
Current time: 2026-08-18 11:46:43.010706+00:00
============================================================
Updating rounds...
Updating drives...
Update complete - Drives: [], Rounds: []
============================================================
Middleware triggered by request: /candidate/get-candidate-profile/
============================================================
Starting AutoStatusService.update_all()
Current time: 2026-08-18 11:46:43.094397+00:00
============================================================
Updating rounds...
Updating drives...
Update complete - Drives: [], Rounds: []
============================================================
Middleware triggered by request: /candidate/get-available-drives/
============================================================
Starting AutoStatusService.update_all()
Current time: 2026-08-18 11:46:47.504904+00:00
============================================================
Updating rounds...
Updating drives...
Update complete - Drives: [], Rounds: []
============================================================
============================================================
Starting AutoStatusService.update_all()
Current time: 2026-08-18 11:46:47.586752+00:00
============================================================
Updating rounds...
Updating drives...
Update complete - Drives: [], Rounds: []
============================================================
Middleware triggered by request: /candidate/get-available-drives/
============================================================
Starting AutoStatusService.update_all()
Current time: 2026-08-18 11:46:47.601515+00:00
============================================================
Updating rounds...
Middleware triggered by request: /candidate/get-profile/
============================================================
Starting AutoStatusService.update_all()
Current time: 2026-08-18 11:46:47.604643+00:00
============================================================
Updating rounds...
Updating drives...
Updating drives...
Update complete - Drives: [], Rounds: []
============================================================
Update complete - Drives: [], Rounds: []
============================================================
============================================================
Starting AutoStatusService.update_all()
Current time: 2026-08-18 11:46:47.738299+00:00
============================================================
Updating rounds...
Updating drives...
Update complete - Drives: [], Rounds: []
============================================================
Middleware triggered by request: /candidate/get-profile/
============================================================
Starting AutoStatusService.update_all()
Current time: 2026-08-18 11:46:47.760635+00:00
============================================================
Updating rounds...
Updating drives...
Update complete - Drives: [], Rounds: []
============================================================
Middleware triggered by request: /candidate/get-available-drives/
============================================================
Starting AutoStatusService.update_all()
Current time: 2026-08-18 11:48:13.015330+00:00
============================================================
Updating rounds...
Updating drives...
Update complete - Drives: [], Rounds: []
============================================================
============================================================
Starting AutoStatusService.update_all()
Current time: 2026-08-18 11:48:13.110977+00:00
============================================================
Updating rounds...
Updating drives...
Update complete - Drives: [], Rounds: []
============================================================
Middleware triggered by request: /candidate/get-candidate-round-status/3/
============================================================
Starting AutoStatusService.update_all()
Current time: 2026-08-18 11:48:13.129405+00:00
============================================================
Updating rounds...
Updating drives...
Update complete - Drives: [], Rounds: []
============================================================
Middleware triggered by request: /candidate/get-candidate-round-status/1/
============================================================
Starting AutoStatusService.update_all()
Current time: 2026-08-18 11:48:13.324791+00:00
============================================================
Updating rounds...
Updating drives...
Update complete - Drives: [], Rounds: []
============================================================
Middleware triggered by request: /candidate/get-profile/
============================================================
Starting AutoStatusService.update_all()
Current time: 2026-08-18 11:48:13.440447+00:00
============================================================
Updating rounds...
Updating drives...
Update complete - Drives: [], Rounds: []
============================================================
Middleware triggered by request: /candidate/get-available-drives/
============================================================
Starting AutoStatusService.update_all()
Current time: 2026-08-18 11:48:16.615797+00:00
============================================================
Updating rounds...
Updating drives...
Update complete - Drives: [], Rounds: []
============================================================
============================================================
Starting AutoStatusService.update_all()
Current time: 2026-08-18 11:48:16.788999+00:00
============================================================
Updating rounds...
Updating drives...
Update complete - Drives: [], Rounds: []
============================================================
Middleware triggered by request: /candidate/get-available-drives/
============================================================
Starting AutoStatusService.update_all()
Current time: 2026-08-18 11:48:16.812280+00:00
============================================================
Updating rounds...
Middleware triggered by request: /candidate/get-candidate-round-status/3/
============================================================
Starting AutoStatusService.update_all()
Current time: 2026-08-18 11:48:16.823243+00:00
============================================================
Updating rounds...
Updating drives...
Update complete - Drives: [], Rounds: []
============================================================
Updating drives...
Update complete - Drives: [], Rounds: []
============================================================
============================================================
Starting AutoStatusService.update_all()
Current time: 2026-08-18 11:48:16.983629+00:00
============================================================
Updating rounds...
Updating drives...
Update complete - Drives: [], Rounds: []
============================================================
Middleware triggered by request: /candidate/get-candidate-round-status/3/
============================================================
Starting AutoStatusService.update_all()
Current time: 2026-08-18 11:48:17.021020+00:00
============================================================
Updating rounds...
Middleware triggered by request: /candidate/get-candidate-round-status/1/
============================================================
Starting AutoStatusService.update_all()
Current time: 2026-08-18 11:48:17.025579+00:00
============================================================
Updating rounds...
Updating drives...
Updating drives...
Update complete - Drives: [], Rounds: []
============================================================
Update complete - Drives: [], Rounds: []
============================================================
Middleware triggered by request: /candidate/get-candidate-round-status/1/
============================================================
Starting AutoStatusService.update_all()
Current time: 2026-08-18 11:48:17.147854+00:00
============================================================
Middleware triggered by request: /candidate/get-profile/
Updating rounds...
============================================================
Starting AutoStatusService.update_all()
Current time: 2026-08-18 11:48:17.156912+00:00
============================================================
Updating rounds...
Updating drives...
Update complete - Drives: [], Rounds: []
============================================================
Updating drives...
Update complete - Drives: [], Rounds: []
============================================================
Middleware triggered by request: /candidate/get-profile/
============================================================
Starting AutoStatusService.update_all()
Current time: 2026-08-18 11:48:17.315414+00:00
============================================================
Updating rounds...
Updating drives...
Update complete - Drives: [], Rounds: []
============================================================
Middleware triggered by request: /candidate/get-drive-details/1/
============================================================
Starting AutoStatusService.update_all()
Current time: 2026-08-18 11:48:30.684269+00:00
============================================================
Updating rounds...
Updating drives...
Update complete - Drives: [], Rounds: []
============================================================
Middleware triggered by request: /candidate/get-drive-details/1/
============================================================
Starting AutoStatusService.update_all()
Current time: 2026-08-18 11:48:30.833204+00:00
============================================================
Updating rounds...
Updating drives...
Update complete - Drives: [], Rounds: []
============================================================
Middleware triggered by request: /candidate/get-available-drives/
============================================================
Starting AutoStatusService.update_all()
Current time: 2026-08-18 11:48:34.226968+00:00
============================================================
Updating rounds...
Updating drives...
Update complete - Drives: [], Rounds: []
============================================================
============================================================
Starting AutoStatusService.update_all()
Current time: 2026-08-18 11:48:34.311552+00:00
============================================================
Updating rounds...
Updating drives...
Update complete - Drives: [], Rounds: []
============================================================
Middleware triggered by request: /candidate/get-available-drives/
============================================================
Starting AutoStatusService.update_all()
Current time: 2026-08-18 11:48:34.334073+00:00
============================================================
Updating rounds...
Updating drives...
Update complete - Drives: [], Rounds: []
============================================================
============================================================
Starting AutoStatusService.update_all()
Current time: 2026-08-18 11:48:34.422585+00:00
============================================================
Updating rounds...
Updating drives...
Update complete - Drives: [], Rounds: []
============================================================
Middleware triggered by request: /candidate/get-available-drives/
============================================================
Starting AutoStatusService.update_all()
Current time: 2026-08-18 11:48:47.516979+00:00
============================================================
Updating rounds...
Updating drives...
Update complete - Drives: [], Rounds: []
============================================================
============================================================
Starting AutoStatusService.update_all()
Current time: 2026-08-18 11:48:47.618191+00:00
============================================================
Updating rounds...
Updating drives...
Update complete - Drives: [], Rounds: []
============================================================
Middleware triggered by request: /candidate/get-available-drives/
============================================================
Starting AutoStatusService.update_all()
Current time: 2026-08-18 11:48:47.642033+00:00
============================================================
Updating rounds...
Updating drives...
Update complete - Drives: [], Rounds: []
============================================================
============================================================
Starting AutoStatusService.update_all()
Current time: 2026-08-18 11:48:47.732553+00:00
============================================================
Updating rounds...
Updating drives...
Update complete - Drives: [], Rounds: []
============================================================
Middleware triggered by request: /candidate/get-candidate-profile/
============================================================
Starting AutoStatusService.update_all()
Current time: 2026-08-18 11:48:51.256491+00:00
============================================================
Updating rounds...
Updating drives...
Update complete - Drives: [], Rounds: []
============================================================
Middleware triggered by request: /candidate/get-candidate-profile/
============================================================
Starting AutoStatusService.update_all()
Current time: 2026-08-18 11:48:51.360991+00:00
============================================================
Updating rounds...
Updating drives...
Update complete - Drives: [], Rounds: []
============================================================
Middleware triggered by request: /candidate/get-available-drives/
============================================================
Starting AutoStatusService.update_all()
Current time: 2026-08-18 11:48:58.431461+00:00
============================================================
Updating rounds...
Updating drives...
Update complete - Drives: [], Rounds: []
============================================================
============================================================
Starting AutoStatusService.update_all()
Current time: 2026-08-18 11:48:58.507722+00:00
============================================================
Updating rounds...
Updating drives...
Update complete - Drives: [], Rounds: []
============================================================
Middleware triggered by request: /candidate/get-available-drives/
============================================================
Starting AutoStatusService.update_all()
Current time: 2026-08-18 11:48:58.523196+00:00
============================================================
Updating rounds...
Middleware triggered by request: /candidate/get-candidate-round-status/3/
============================================================
Starting AutoStatusService.update_all()
Current time: 2026-08-18 11:48:58.525819+00:00
============================================================
Updating rounds...
Updating drives...
Update complete - Drives: [], Rounds: []
============================================================
Updating drives...
Update complete - Drives: [], Rounds: []
============================================================
============================================================
Starting AutoStatusService.update_all()
Current time: 2026-08-18 11:48:58.602444+00:00
============================================================
Updating rounds...
Updating drives...
Update complete - Drives: [], Rounds: []
============================================================
Middleware triggered by request: /candidate/get-candidate-round-status/3/
Middleware triggered by request: /candidate/get-candidate-round-status/1/
============================================================
============================================================
Starting AutoStatusService.update_all()
Starting AutoStatusService.update_all()
Current time: 2026-08-18 11:48:58.675237+00:00
Current time: 2026-08-18 11:48:58.677084+00:00
============================================================
============================================================
Updating rounds...
Updating rounds...
Updating drives...
Updating drives...
Update complete - Drives: [], Rounds: []
============================================================
Update complete - Drives: [], Rounds: []
============================================================
Middleware triggered by request: /candidate/get-candidate-round-status/1/
============================================================
Starting AutoStatusService.update_all()
Current time: 2026-08-18 11:48:58.833294+00:00
============================================================
Updating rounds...
Middleware triggered by request: /candidate/get-profile/
============================================================
Starting AutoStatusService.update_all()
Current time: 2026-08-18 11:48:58.840621+00:00
============================================================
Updating rounds...
Updating drives...
Updating drives...
Update complete - Drives: [], Rounds: []
============================================================
Update complete - Drives: [], Rounds: []
============================================================
Middleware triggered by request: /candidate/get-candidate-profile/
============================================================
Starting AutoStatusService.update_all()
Current time: 2026-08-18 11:48:58.988618+00:00
============================================================
Updating rounds...
Middleware triggered by request: /candidate/get-profile/
============================================================
Starting AutoStatusService.update_all()
Current time: 2026-08-18 11:48:59.008939+00:00
============================================================
Updating rounds...
Updating drives...
Update complete - Drives: [], Rounds: []
============================================================
Updating drives...
Update complete - Drives: [], Rounds: []
============================================================
Middleware triggered by request: /candidate/get-candidate-profile/
============================================================
Starting AutoStatusService.update_all()
Current time: 2026-08-18 11:48:59.095052+00:00
============================================================
Updating rounds...
Updating drives...
Update complete - Drives: [], Rounds: []
============================================================
Middleware triggered by request: /candidate/update-candidate-profile/
============================================================
Starting AutoStatusService.update_all()
Current time: 2026-08-18 11:49:20.808769+00:00
============================================================
Updating rounds...
Updating drives...
Update complete - Drives: [], Rounds: []
============================================================
Middleware triggered by request: /candidate/get-available-drives/
============================================================
Starting AutoStatusService.update_all()
Current time: 2026-08-18 11:50:50.599818+00:00
============================================================
Updating rounds...
Updating drives...
Update complete - Drives: [], Rounds: []
============================================================
============================================================
Starting AutoStatusService.update_all()
Current time: 2026-08-18 11:50:50.678320+00:00
============================================================
Updating rounds...
Updating drives...
Update complete - Drives: [], Rounds: []
============================================================
Middleware triggered by request: /candidate/get-available-drives/
============================================================
Starting AutoStatusService.update_all()
Current time: 2026-08-18 11:50:50.690802+00:00
============================================================
Updating rounds...
Middleware triggered by request: /candidate/get-candidate-round-status/3/
============================================================
Starting AutoStatusService.update_all()
Current time: 2026-08-18 11:50:50.693577+00:00
============================================================
Updating rounds...
Updating drives...
Updating drives...
Update complete - Drives: [], Rounds: []
============================================================
Update complete - Drives: [], Rounds: []
============================================================
============================================================
Starting AutoStatusService.update_all()
Current time: 2026-08-18 11:50:50.762739+00:00
============================================================
Updating rounds...
Updating drives...
Update complete - Drives: [], Rounds: []
============================================================
Middleware triggered by request: /candidate/get-candidate-round-status/1/
============================================================
Starting AutoStatusService.update_all()
Current time: 2026-08-18 11:50:50.791900+00:00
============================================================
Updating rounds...
Middleware triggered by request: /candidate/get-candidate-round-status/3/
============================================================
Starting AutoStatusService.update_all()
Current time: 2026-08-18 11:50:50.800393+00:00
============================================================
Updating rounds...
Updating drives...
Updating drives...
Update complete - Drives: [], Rounds: []
Update complete - Drives: [], Rounds: []
============================================================
============================================================
Middleware triggered by request: /candidate/get-candidate-round-status/1/
============================================================
Starting AutoStatusService.update_all()
Current time: 2026-08-18 11:50:50.976272+00:00
============================================================
Updating rounds...
Middleware triggered by request: /candidate/get-profile/
============================================================
Starting AutoStatusService.update_all()
Current time: 2026-08-18 11:50:50.986480+00:00
============================================================
Updating rounds...
Updating drives...
Update complete - Drives: [], Rounds: []
============================================================
Updating drives...
Update complete - Drives: [], Rounds: []
============================================================
Middleware triggered by request: /candidate/get-profile/
============================================================
Starting AutoStatusService.update_all()
Current time: 2026-08-18 11:50:51.134859+00:00
============================================================
Updating rounds...
Updating drives...
Update complete - Drives: [], Rounds: []
============================================================
Middleware triggered by request: /candidate/get-profile/
============================================================
Starting AutoStatusService.update_all()
Current time: 2026-08-18 11:50:51.209355+00:00
============================================================
Updating rounds...
Updating drives...
Update complete - Drives: [], Rounds: []
============================================================
Middleware triggered by request: /candidate/get-profile/
============================================================
Starting AutoStatusService.update_all()
Current time: 2026-08-18 11:50:51.316714+00:00
============================================================
Updating rounds...
Updating drives...
Update complete - Drives: [], Rounds: []
============================================================
Middleware triggered by request: /candidate/get-education/
============================================================
Starting AutoStatusService.update_all()
Current time: 2026-08-18 11:51:27.089019+00:00
============================================================
Updating rounds...
Updating drives...
Update complete - Drives: [], Rounds: []
============================================================
Middleware triggered by request: /candidate/get-education/
============================================================
Starting AutoStatusService.update_all()
Current time: 2026-08-18 11:51:27.170833+00:00
============================================================
Updating rounds...
Updating drives...
Update complete - Drives: [], Rounds: []
============================================================
Middleware triggered by request: /candidate/get-skill/
============================================================
Starting AutoStatusService.update_all()
Current time: 2026-08-18 11:51:28.083038+00:00
============================================================
Updating rounds...
Updating drives...
Update complete - Drives: [], Rounds: []
============================================================
Middleware triggered by request: /candidate/get-skill/
============================================================
Starting AutoStatusService.update_all()
Current time: 2026-08-18 11:51:28.220825+00:00
============================================================
Updating rounds...
Updating drives...
Update complete - Drives: [], Rounds: []
============================================================
Middleware triggered by request: /candidate/get-profile/
============================================================
Starting AutoStatusService.update_all()
Current time: 2026-08-18 11:51:30.495110+00:00
============================================================
Updating rounds...
Updating drives...
Update complete - Drives: [], Rounds: []
============================================================
Middleware triggered by request: /candidate/get-profile/
============================================================
Starting AutoStatusService.update_all()
Current time: 2026-08-18 11:51:30.592761+00:00
============================================================
Updating rounds...
Updating drives...
Update complete - Drives: [], Rounds: []
============================================================
Middleware triggered by request: /candidate/profile/
============================================================
Starting AutoStatusService.update_all()
Current time: 2026-08-18 11:52:28.861211+00:00
============================================================
Updating rounds...
Updating drives...
Update complete - Drives: [], Rounds: []
============================================================
Middleware triggered by request: /candidate/get-profile/
============================================================
Starting AutoStatusService.update_all()
Current time: 2026-08-18 11:52:28.953289+00:00
============================================================
Updating rounds...
Updating drives...
Update complete - Drives: [], Rounds: []
============================================================
Middleware triggered by request: /candidate/get-candidate-profile/
============================================================
Starting AutoStatusService.update_all()
Current time: 2026-08-18 11:52:29.030121+00:00
============================================================
Updating rounds...
Updating drives...
Update complete - Drives: [], Rounds: []
============================================================
Middleware triggered by request: /candidate/get-available-drives/
============================================================
Starting AutoStatusService.update_all()
Current time: 2026-08-18 11:52:31.343036+00:00
============================================================
Updating rounds...
Updating drives...
Update complete - Drives: [], Rounds: []
============================================================
============================================================
Starting AutoStatusService.update_all()
Current time: 2026-08-18 11:52:31.419727+00:00
============================================================
Updating rounds...
Updating drives...
Update complete - Drives: [], Rounds: []
============================================================
Middleware triggered by request: /candidate/get-available-drives/
============================================================
Starting AutoStatusService.update_all()
Current time: 2026-08-18 11:52:31.434054+00:00
============================================================
Updating rounds...
Middleware triggered by request: /candidate/get-candidate-round-status/3/
============================================================
Starting AutoStatusService.update_all()
Current time: 2026-08-18 11:52:31.438706+00:00
============================================================
Updating rounds...
Updating drives...
Updating drives...
Update complete - Drives: [], Rounds: []
============================================================
Update complete - Drives: [], Rounds: []
============================================================
============================================================
Starting AutoStatusService.update_all()
Current time: 2026-08-18 11:52:31.520077+00:00
============================================================
Updating rounds...
Updating drives...
Update complete - Drives: [], Rounds: []
============================================================
Middleware triggered by request: /candidate/get-candidate-round-status/1/
============================================================
Middleware triggered by request: /candidate/get-candidate-round-status/3/
Starting AutoStatusService.update_all()
============================================================
Current time: 2026-08-18 11:52:31.545888+00:00
Starting AutoStatusService.update_all()
============================================================
Current time: 2026-08-18 11:52:31.547095+00:00
Updating rounds...
============================================================
Updating rounds...
Updating drives...
Update complete - Drives: [], Rounds: []
============================================================
Updating drives...
Update complete - Drives: [], Rounds: []
============================================================
Middleware triggered by request: /candidate/get-profile/
============================================================
Starting AutoStatusService.update_all()
Current time: 2026-08-18 11:52:31.674712+00:00
============================================================
Updating rounds...
Middleware triggered by request: /candidate/get-candidate-round-status/1/
============================================================
Starting AutoStatusService.update_all()
Current time: 2026-08-18 11:52:31.692833+00:00
============================================================
Updating rounds...
Updating drives...
Update complete - Drives: [], Rounds: []
============================================================
Updating drives...
Update complete - Drives: [], Rounds: []
============================================================
Middleware triggered by request: /candidate/profile/
============================================================
Starting AutoStatusService.update_all()
Current time: 2026-08-18 11:52:31.813126+00:00
============================================================
Updating rounds...
Middleware triggered by request: /candidate/get-profile/
============================================================
Starting AutoStatusService.update_all()
Current time: 2026-08-18 11:52:31.852756+00:00
============================================================
Updating rounds...
Updating drives...
Update complete - Drives: [], Rounds: []
============================================================
Middleware triggered by request: /candidate/profile/
============================================================
Starting AutoStatusService.update_all()
Current time: 2026-08-18 11:52:31.907486+00:00
============================================================
Updating rounds...
Updating drives...
Update complete - Drives: [], Rounds: []
============================================================
Middleware triggered by request: /candidate/get-profile/
============================================================
Starting AutoStatusService.update_all()
Current time: 2026-08-18 11:52:31.934422+00:00
============================================================
Updating rounds...
Updating drives...
Update complete - Drives: [], Rounds: []
============================================================
Updating drives...
Update complete - Drives: [], Rounds: []
============================================================
Middleware triggered by request: /candidate/get-profile/
============================================================
Starting AutoStatusService.update_all()
Current time: 2026-08-18 11:52:32.010791+00:00
============================================================
Updating rounds...
Middleware triggered by request: /candidate/get-candidate-profile/
============================================================
Starting AutoStatusService.update_all()
Current time: 2026-08-18 11:52:32.015775+00:00
============================================================
Updating rounds...
Updating drives...
Updating drives...
Update complete - Drives: [], Rounds: []
============================================================
Update complete - Drives: [], Rounds: []
============================================================
Middleware triggered by request: /candidate/get-candidate-profile/
============================================================
Starting AutoStatusService.update_all()
Current time: 2026-08-18 11:52:32.137399+00:00
============================================================
Updating rounds...
Updating drives...
Update complete - Drives: [], Rounds: []
============================================================
Middleware triggered by request: /candidate/update-profile/
============================================================
Starting AutoStatusService.update_all()
Current time: 2026-08-18 11:52:59.839145+00:00
============================================================
Updating rounds...
Updating drives...
Update complete - Drives: [], Rounds: []
============================================================
Middleware triggered by request: /candidate/update-candidate-profile/
============================================================
Starting AutoStatusService.update_all()
Current time: 2026-08-18 11:52:59.909615+00:00
============================================================
Updating rounds...
Updating drives...
Update complete - Drives: [], Rounds: []
============================================================
Middleware triggered by request: /candidate/get-available-drives/
============================================================
Starting AutoStatusService.update_all()
Current time: 2026-08-18 11:54:59.908421+00:00
============================================================
Updating rounds...
Updating drives...
Update complete - Drives: [], Rounds: []
============================================================
============================================================
Starting AutoStatusService.update_all()
Current time: 2026-08-18 11:54:59.990695+00:00
============================================================
Updating rounds...
Updating drives...
Update complete - Drives: [], Rounds: []
============================================================
Middleware triggered by request: /candidate/get-available-drives/
============================================================
Starting AutoStatusService.update_all()
Current time: 2026-08-18 11:55:00.006590+00:00
============================================================
Updating rounds...
Middleware triggered by request: /candidate/get-candidate-round-status/3/
============================================================
Starting AutoStatusService.update_all()
Current time: 2026-08-18 11:55:00.009573+00:00
============================================================
Updating rounds...
Updating drives...
Update complete - Drives: [], Rounds: []
============================================================
Middleware triggered by request: /candidate/get-candidate-round-status/1/
============================================================
Starting AutoStatusService.update_all()
Current time: 2026-08-18 11:55:00.104423+00:00
============================================================
Updating rounds...
Updating drives...
Updating drives...
Update complete - Drives: [], Rounds: []
============================================================
Update complete - Drives: [], Rounds: []
============================================================
============================================================
Starting AutoStatusService.update_all()
Current time: 2026-08-18 11:55:00.221978+00:00
============================================================
Updating rounds...
Updating drives...
Update complete - Drives: [], Rounds: []
============================================================
Middleware triggered by request: /candidate/get-candidate-round-status/3/
============================================================
Starting AutoStatusService.update_all()
Middleware triggered by request: /candidate/get-profile/
Current time: 2026-08-18 11:55:00.319571+00:00
============================================================
============================================================
Updating rounds...
Starting AutoStatusService.update_all()
Current time: 2026-08-18 11:55:00.334582+00:00
============================================================
Updating rounds...
Updating drives...
Update complete - Drives: [], Rounds: []
============================================================
Updating drives...
Update complete - Drives: [], Rounds: []
============================================================
Middleware triggered by request: /candidate/get-candidate-round-status/1/
============================================================
Starting AutoStatusService.update_all()
Current time: 2026-08-18 11:55:00.451835+00:00
============================================================
Middleware triggered by request: /candidate/profile/
Updating rounds...
============================================================
Starting AutoStatusService.update_all()
Current time: 2026-08-18 11:55:00.455147+00:00
============================================================
Updating rounds...
Updating drives...
Update complete - Drives: [], Rounds: []
Updating drives...
============================================================
Update complete - Drives: [], Rounds: []
============================================================
Middleware triggered by request: /candidate/profile/
============================================================
Starting AutoStatusService.update_all()
Current time: 2026-08-18 11:55:00.560226+00:00
============================================================
Updating rounds...
Middleware triggered by request: /candidate/get-profile/
============================================================
Starting AutoStatusService.update_all()
Current time: 2026-08-18 11:55:00.569834+00:00
============================================================
Updating rounds...
Updating drives...
Update complete - Drives: [], Rounds: []
============================================================
Updating drives...
Update complete - Drives: [], Rounds: []
============================================================
Middleware triggered by request: /candidate/get-profile/
============================================================
Starting AutoStatusService.update_all()
Current time: 2026-08-18 11:55:00.708322+00:00
============================================================
Updating rounds...
Middleware triggered by request: /candidate/get-candidate-profile/
============================================================
Starting AutoStatusService.update_all()
Current time: 2026-08-18 11:55:00.716308+00:00
============================================================
Updating rounds...
Updating drives...
Update complete - Drives: [], Rounds: []
============================================================
Updating drives...
Middleware triggered by request: /candidate/get-profile/
============================================================
Starting AutoStatusService.update_all()
Current time: 2026-08-18 11:55:00.826734+00:00
============================================================
Updating rounds...
Update complete - Drives: [], Rounds: []
============================================================
Updating drives...
Update complete - Drives: [], Rounds: []
============================================================
Middleware triggered by request: /candidate/get-candidate-profile/
============================================================
Starting AutoStatusService.update_all()
Current time: 2026-08-18 11:55:00.991024+00:00
============================================================
Updating rounds...
Updating drives...
Update complete - Drives: [], Rounds: []
============================================================
Middleware triggered by request: /candidate/update-profile/
============================================================
Starting AutoStatusService.update_all()
Current time: 2026-08-18 11:55:30.050021+00:00
============================================================
Updating rounds...
Updating drives...
Update complete - Drives: [], Rounds: []
============================================================
Middleware triggered by request: /candidate/update-candidate-profile/
============================================================
Starting AutoStatusService.update_all()
Current time: 2026-08-18 11:55:30.131551+00:00
============================================================
Updating rounds...
Updating drives...
Update complete - Drives: [], Rounds: []
============================================================
Middleware triggered by request: /candidate/get-available-drives/
============================================================
Starting AutoStatusService.update_all()
Current time: 2026-08-18 11:57:06.987777+00:00
============================================================
Updating rounds...
Updating drives...
Update complete - Drives: [], Rounds: []
============================================================
============================================================
Starting AutoStatusService.update_all()
Current time: 2026-08-18 11:57:07.073759+00:00
============================================================
Updating rounds...
Updating drives...
Update complete - Drives: [], Rounds: []
============================================================
Middleware triggered by request: /candidate/get-candidate-round-status/3/
============================================================
Middleware triggered by request: /candidate/get-available-drives/
Starting AutoStatusService.update_all()
============================================================
Current time: 2026-08-18 11:57:07.099552+00:00
Starting AutoStatusService.update_all()
============================================================
Current time: 2026-08-18 11:57:07.109175+00:00
Updating rounds...
============================================================
Updating rounds...
Updating drives...
Update complete - Drives: [], Rounds: []
Updating drives...
============================================================
Update complete - Drives: [], Rounds: []
============================================================
============================================================
Starting AutoStatusService.update_all()
Current time: 2026-08-18 11:57:07.238460+00:00
============================================================
Updating rounds...
Updating drives...
Update complete - Drives: [], Rounds: []
============================================================
Middleware triggered by request: /candidate/get-candidate-round-status/1/
============================================================
Starting AutoStatusService.update_all()
Current time: 2026-08-18 11:57:07.253928+00:00
============================================================
Updating rounds...
Middleware triggered by request: /candidate/get-candidate-round-status/3/
============================================================
Starting AutoStatusService.update_all()
Current time: 2026-08-18 11:57:07.259370+00:00
============================================================
Updating rounds...
Updating drives...
Update complete - Drives: [], Rounds: []
============================================================
Updating drives...
Update complete - Drives: [], Rounds: []
============================================================
Middleware triggered by request: /candidate/get-candidate-round-status/1/
============================================================
Starting AutoStatusService.update_all()
Middleware triggered by request: /candidate/get-profile/
Current time: 2026-08-18 11:57:07.402021+00:00
============================================================
============================================================
Updating rounds...
Starting AutoStatusService.update_all()
Current time: 2026-08-18 11:57:07.409745+00:00
============================================================
Updating rounds...
Updating drives...
Update complete - Drives: [], Rounds: []
============================================================
Updating drives...
Update complete - Drives: [], Rounds: []
============================================================
Middleware triggered by request: /candidate/get-profile/
============================================================
Starting AutoStatusService.update_all()
Current time: 2026-08-18 11:57:07.577859+00:00
============================================================
Updating rounds...
Middleware triggered by request: /candidate/get-candidate-profile/
============================================================
Starting AutoStatusService.update_all()
Current time: 2026-08-18 11:57:07.592353+00:00
============================================================
Updating rounds...
Updating drives...
Updating drives...
Update complete - Drives: [], Rounds: []
============================================================
Update complete - Drives: [], Rounds: []
============================================================
Middleware triggered by request: /candidate/get-candidate-profile/
============================================================
Starting AutoStatusService.update_all()
Current time: 2026-08-18 11:57:07.687735+00:00
============================================================
Updating rounds...
Updating drives...
Update complete - Drives: [], Rounds: []
============================================================
Middleware triggered by request: /candidate/update-candidate-profile/
============================================================
Starting AutoStatusService.update_all()
Current time: 2026-08-18 11:57:29.883103+00:00
============================================================
Updating rounds...
Updating drives...
Update complete - Drives: [], Rounds: []
============================================================
Middleware triggered by request: /candidate/update-candidate-profile/
============================================================
Starting AutoStatusService.update_all()
Current time: 2026-08-18 11:57:40.303251+00:00
============================================================
Updating rounds...
Updating drives...
Update complete - Drives: [], Rounds: []
============================================================
Middleware triggered by request: /candidate/get-available-drives/
============================================================
Starting AutoStatusService.update_all()
Current time: 2026-08-18 11:57:46.104737+00:00
============================================================
Updating rounds...
Updating drives...
Update complete - Drives: [], Rounds: []
============================================================
============================================================
Starting AutoStatusService.update_all()
Current time: 2026-08-18 11:57:46.188357+00:00
============================================================
Updating rounds...
Updating drives...
Update complete - Drives: [], Rounds: []
============================================================
Middleware triggered by request: /candidate/get-available-drives/
============================================================
Starting AutoStatusService.update_all()
Current time: 2026-08-18 11:57:46.204962+00:00
============================================================
Updating rounds...
Middleware triggered by request: /candidate/get-candidate-round-status/3/
============================================================
Starting AutoStatusService.update_all()
Current time: 2026-08-18 11:57:46.207802+00:00
============================================================
Updating rounds...
Updating drives...
Updating drives...
Update complete - Drives: [], Rounds: []
============================================================
Update complete - Drives: [], Rounds: []
============================================================
============================================================
Starting AutoStatusService.update_all()
Current time: 2026-08-18 11:57:46.280386+00:00
============================================================
Updating rounds...
Updating drives...
Update complete - Drives: [], Rounds: []
============================================================
Middleware triggered by request: /candidate/get-candidate-round-status/1/
============================================================
Starting AutoStatusService.update_all()
Current time: 2026-08-18 11:57:46.306836+00:00
============================================================
Updating rounds...
Middleware triggered by request: /candidate/get-candidate-round-status/3/
============================================================
Starting AutoStatusService.update_all()
Current time: 2026-08-18 11:57:46.318116+00:00
============================================================
Updating rounds...
Updating drives...
Updating drives...
Update complete - Drives: [], Rounds: []
============================================================
Update complete - Drives: [], Rounds: []
============================================================
Middleware triggered by request: /candidate/get-candidate-round-status/1/
============================================================
Starting AutoStatusService.update_all()
Current time: 2026-08-18 11:57:46.485744+00:00
Middleware triggered by request: /candidate/get-profile/
============================================================
============================================================
Starting AutoStatusService.update_all()
Updating rounds...
Current time: 2026-08-18 11:57:46.493704+00:00
============================================================
Updating rounds...
Updating drives...
Update complete - Drives: [], Rounds: []
============================================================
Updating drives...
Update complete - Drives: [], Rounds: []
============================================================
Middleware triggered by request: /candidate/get-candidate-profile/
============================================================
Starting AutoStatusService.update_all()
Current time: 2026-08-18 11:57:46.663539+00:00
============================================================
Updating rounds...
Middleware triggered by request: /candidate/get-profile/
============================================================
Starting AutoStatusService.update_all()
Current time: 2026-08-18 11:57:46.667961+00:00
============================================================
Updating rounds...
Updating drives...
Update complete - Drives: [], Rounds: []
============================================================
Updating drives...
Update complete - Drives: [], Rounds: []
============================================================
Middleware triggered by request: /candidate/get-candidate-profile/
============================================================
Starting AutoStatusService.update_all()
Current time: 2026-08-18 11:57:46.760244+00:00
============================================================
Updating rounds...
Updating drives...
Update complete - Drives: [], Rounds: []
============================================================
Middleware triggered by request: /candidate/get-available-drives/
============================================================
Starting AutoStatusService.update_all()
Current time: 2026-08-18 11:57:51.078322+00:00
============================================================
Updating rounds...
Updating drives...
Update complete - Drives: [], Rounds: []
============================================================
============================================================
Starting AutoStatusService.update_all()
Current time: 2026-08-18 11:57:51.177426+00:00
============================================================
Updating rounds...
Updating drives...
Update complete - Drives: [], Rounds: []
============================================================
Middleware triggered by request: /candidate/get-available-drives/
============================================================
Starting AutoStatusService.update_all()
Current time: 2026-08-18 11:57:51.194285+00:00
============================================================
Updating rounds...
Middleware triggered by request: /candidate/get-candidate-round-status/3/
============================================================
Starting AutoStatusService.update_all()
Current time: 2026-08-18 11:57:51.200650+00:00
============================================================
Updating rounds...
Updating drives...
Updating drives...
Update complete - Drives: [], Rounds: []
============================================================
Update complete - Drives: [], Rounds: []
============================================================
============================================================
Starting AutoStatusService.update_all()
Current time: 2026-08-18 11:57:51.308318+00:00
============================================================
Updating rounds...
Updating drives...
Update complete - Drives: [], Rounds: []
============================================================
Middleware triggered by request: /candidate/get-candidate-round-status/1/
============================================================
Starting AutoStatusService.update_all()
Current time: 2026-08-18 11:57:51.339231+00:00
Middleware triggered by request: /candidate/get-candidate-round-status/3/
============================================================
Updating rounds...
============================================================
Starting AutoStatusService.update_all()
Current time: 2026-08-18 11:57:51.350468+00:00
============================================================
Updating rounds...
Updating drives...
Updating drives...
Update complete - Drives: [], Rounds: []
============================================================
Update complete - Drives: [], Rounds: []
============================================================
Middleware triggered by request: /candidate/get-candidate-round-status/1/
============================================================
Starting AutoStatusService.update_all()
Current time: 2026-08-18 11:57:51.618192+00:00
============================================================
Middleware triggered by request: /candidate/get-profile/
Updating rounds...
============================================================
Starting AutoStatusService.update_all()
Current time: 2026-08-18 11:57:51.631890+00:00
============================================================
Updating rounds...
Updating drives...
Update complete - Drives: [], Rounds: []
============================================================
Updating drives...
Update complete - Drives: [], Rounds: []
============================================================
Middleware triggered by request: /candidate/get-profile/
============================================================
Starting AutoStatusService.update_all()
Current time: 2026-08-18 11:57:51.778623+00:00
============================================================
Updating rounds...
Updating drives...
Update complete - Drives: [], Rounds: []
============================================================
Middleware triggered by request: /candidate/get-candidate-profile/
============================================================
Starting AutoStatusService.update_all()
Current time: 2026-08-18 11:57:55.749860+00:00
============================================================
Updating rounds...
Updating drives...
Update complete - Drives: [], Rounds: []
============================================================
Middleware triggered by request: /candidate/get-candidate-profile/
============================================================
Starting AutoStatusService.update_all()
Current time: 2026-08-18 11:57:55.837861+00:00
============================================================
Updating rounds...
Updating drives...
Update complete - Drives: [], Rounds: []
============================================================
Middleware triggered by request: /candidate/get-available-drives/
============================================================
Starting AutoStatusService.update_all()
Current time: 2026-08-18 11:57:58.942424+00:00
============================================================
Updating rounds...
Updating drives...
Update complete - Drives: [], Rounds: []
============================================================
============================================================
Starting AutoStatusService.update_all()
Current time: 2026-08-18 11:57:59.037260+00:00
============================================================
Updating rounds...
Updating drives...
Update complete - Drives: [], Rounds: []
============================================================
Middleware triggered by request: /candidate/get-available-drives/
============================================================
Starting AutoStatusService.update_all()
Current time: 2026-08-18 11:57:59.054686+00:00
============================================================
Updating rounds...
Middleware triggered by request: /candidate/get-candidate-round-status/3/
============================================================
Starting AutoStatusService.update_all()
Current time: 2026-08-18 11:57:59.058459+00:00
============================================================
Updating rounds...
Updating drives...
Update complete - Drives: [], Rounds: []
============================================================
Middleware triggered by request: /candidate/get-candidate-round-status/1/
============================================================
Starting AutoStatusService.update_all()
Current time: 2026-08-18 11:57:59.142246+00:00
============================================================
Updating rounds...
Updating drives...
Update complete - Drives: [], Rounds: []
============================================================
Updating drives...
Update complete - Drives: [], Rounds: []
============================================================
============================================================
Starting AutoStatusService.update_all()
Current time: 2026-08-18 11:57:59.259618+00:00
============================================================
Updating rounds...
Updating drives...
Middleware triggered by request: /candidate/get-profile/
Update complete - Drives: [], Rounds: []
============================================================
============================================================
Starting AutoStatusService.update_all()
Current time: 2026-08-18 11:57:59.305774+00:00
============================================================
Updating rounds...
Middleware triggered by request: /candidate/get-candidate-round-status/3/
============================================================
Starting AutoStatusService.update_all()
Current time: 2026-08-18 11:57:59.351913+00:00
============================================================
Updating rounds...
Updating drives...
Update complete - Drives: [], Rounds: []
============================================================
Middleware triggered by request: /candidate/get-candidate-profile/
============================================================
Starting AutoStatusService.update_all()
Current time: 2026-08-18 11:57:59.456484+00:00
============================================================
Updating rounds...
Updating drives...
Update complete - Drives: [], Rounds: []
============================================================
Middleware triggered by request: /candidate/get-candidate-profile/
============================================================
Starting AutoStatusService.update_all()
Current time: 2026-08-18 11:57:59.556352+00:00
============================================================
Updating rounds...
Updating drives...
Update complete - Drives: [], Rounds: []
============================================================
Middleware triggered by request: /candidate/get-candidate-round-status/1/
============================================================
Starting AutoStatusService.update_all()
Current time: 2026-08-18 11:57:59.617858+00:00
============================================================
Updating rounds...
Updating drives...
Update complete - Drives: [], Rounds: []
============================================================
Updating drives...
Update complete - Drives: [], Rounds: []
============================================================
Middleware triggered by request: /candidate/get-profile/
============================================================
Starting AutoStatusService.update_all()
Current time: 2026-08-18 11:57:59.726637+00:00
============================================================
Updating rounds...
Updating drives...
Update complete - Drives: [], Rounds: []
============================================================
Middleware triggered by request: /candidate/get-available-drives/
============================================================
Starting AutoStatusService.update_all()
Current time: 2026-08-18 11:58:52.549994+00:00
============================================================
Updating rounds...
Updating drives...
Update complete - Drives: [], Rounds: []
============================================================
============================================================
Starting AutoStatusService.update_all()
Current time: 2026-08-18 11:58:52.625082+00:00
============================================================
Updating rounds...
Updating drives...
Update complete - Drives: [], Rounds: []
============================================================
Middleware triggered by request: /candidate/get-available-drives/
============================================================
Starting AutoStatusService.update_all()
Current time: 2026-08-18 11:58:52.641582+00:00
============================================================
Updating rounds...
Middleware triggered by request: /candidate/get-candidate-round-status/3/
============================================================
Starting AutoStatusService.update_all()
Current time: 2026-08-18 11:58:52.644581+00:00
============================================================
Updating rounds...
Updating drives...
Update complete - Drives: [], Rounds: []
============================================================
Updating drives...
Update complete - Drives: [], Rounds: []
============================================================
============================================================
Starting AutoStatusService.update_all()
Current time: 2026-08-18 11:58:52.707568+00:00
============================================================
Updating rounds...
Updating drives...
Update complete - Drives: [], Rounds: []
============================================================
Middleware triggered by request: /candidate/get-candidate-round-status/3/
============================================================
Starting AutoStatusService.update_all()
Current time: 2026-08-18 11:58:52.747409+00:00
============================================================
Middleware triggered by request: /candidate/get-candidate-round-status/1/
Updating rounds...
============================================================
Starting AutoStatusService.update_all()
Current time: 2026-08-18 11:58:52.762392+00:00
============================================================
Updating rounds...
Updating drives...
Updating drives...
Update complete - Drives: [], Rounds: []
============================================================
Update complete - Drives: [], Rounds: []
============================================================
Middleware triggered by request: /candidate/get-candidate-round-status/1/
============================================================
Starting AutoStatusService.update_all()
Current time: 2026-08-18 11:58:52.923681+00:00
============================================================
Updating rounds...
Middleware triggered by request: /candidate/get-candidate-profile/
============================================================
Starting AutoStatusService.update_all()
Current time: 2026-08-18 11:58:52.933786+00:00
============================================================
Updating rounds...
Updating drives...
Update complete - Drives: [], Rounds: []
============================================================
Updating drives...
Update complete - Drives: [], Rounds: []
============================================================
Middleware triggered by request: /candidate/get-candidate-profile/
============================================================
Starting AutoStatusService.update_all()
Current time: 2026-08-18 11:58:53.095763+00:00
============================================================
Updating rounds...
Updating drives...
Update complete - Drives: [], Rounds: []
============================================================
Middleware triggered by request: /candidate/get-candidate-profile/
============================================================
Starting AutoStatusService.update_all()
Current time: 2026-08-18 11:58:58.693880+00:00
============================================================
Updating rounds...
Updating drives...
Update complete - Drives: [], Rounds: []
============================================================
Middleware triggered by request: /candidate/get-candidate-profile/
============================================================
Starting AutoStatusService.update_all()
Current time: 2026-08-18 11:58:58.781421+00:00
============================================================
Updating rounds...
Updating drives...
Update complete - Drives: [], Rounds: []
============================================================
Middleware triggered by request: /candidate/get-drive-details/1/
============================================================
Starting AutoStatusService.update_all()
Current time: 2026-08-18 11:59:12.130551+00:00
============================================================
Updating rounds...
Updating drives...
Update complete - Drives: [], Rounds: []
============================================================
Middleware triggered by request: /candidate/get-drive-details/1/
============================================================
Starting AutoStatusService.update_all()
Current time: 2026-08-18 11:59:12.363206+00:00
============================================================
Updating rounds...
Updating drives...
Update complete - Drives: [], Rounds: []
============================================================
Middleware triggered by request: /candidate/get-available-drives/
============================================================
Starting AutoStatusService.update_all()
Current time: 2026-08-18 11:59:14.104099+00:00
============================================================
Updating rounds...
Updating drives...
Update complete - Drives: [], Rounds: []
============================================================
============================================================
Starting AutoStatusService.update_all()
Current time: 2026-08-18 11:59:14.188660+00:00
============================================================
Updating rounds...
Updating drives...
Update complete - Drives: [], Rounds: []
============================================================
Middleware triggered by request: /candidate/get-available-drives/
============================================================
Starting AutoStatusService.update_all()
Current time: 2026-08-18 11:59:14.209248+00:00
============================================================
Updating rounds...
Updating drives...
Update complete - Drives: [], Rounds: []
============================================================
============================================================
Starting AutoStatusService.update_all()
Current time: 2026-08-18 11:59:14.309967+00:00
============================================================
Updating rounds...
Updating drives...
Update complete - Drives: [], Rounds: []
============================================================
Middleware triggered by request: /candidate/get-available-drives/
============================================================
Starting AutoStatusService.update_all()
Current time: 2026-08-18 11:59:41.116325+00:00
============================================================
Updating rounds...
Updating drives...
Update complete - Drives: [], Rounds: []
============================================================
============================================================
Starting AutoStatusService.update_all()
Current time: 2026-08-18 11:59:41.208654+00:00
============================================================
Updating rounds...
Updating drives...
Update complete - Drives: [], Rounds: []
============================================================
Middleware triggered by request: /candidate/get-available-drives/
============================================================
Starting AutoStatusService.update_all()
Current time: 2026-08-18 11:59:41.226343+00:00
============================================================
Updating rounds...
Updating drives...
Update complete - Drives: [], Rounds: []
============================================================
============================================================
Starting AutoStatusService.update_all()
Current time: 2026-08-18 11:59:41.325218+00:00
============================================================
Updating rounds...
Updating drives...
Update complete - Drives: [], Rounds: []
============================================================
Middleware triggered by request: /candidate/get-available-drives/
============================================================
Starting AutoStatusService.update_all()
Current time: 2026-08-18 12:03:21.326637+00:00
============================================================
Updating rounds...
Updating drives...
Update complete - Drives: [], Rounds: []
============================================================
============================================================
Starting AutoStatusService.update_all()
Current time: 2026-08-18 12:03:21.428170+00:00
============================================================
Updating rounds...
Updating drives...
Update complete - Drives: [], Rounds: []
============================================================
Middleware triggered by request: /candidate/get-candidate-round-status/3/
============================================================
Starting AutoStatusService.update_all()
Current time: 2026-08-18 12:03:21.460777+00:00
============================================================
Updating rounds...
Updating drives...
Update complete - Drives: [], Rounds: []
============================================================
Middleware triggered by request: /candidate/get-candidate-round-status/1/
============================================================
Starting AutoStatusService.update_all()
Current time: 2026-08-18 12:03:21.597345+00:00
============================================================
Updating rounds...
Updating drives...
Update complete - Drives: [], Rounds: []
============================================================
Middleware triggered by request: /candidate/get-candidate-profile/
============================================================
Starting AutoStatusService.update_all()
Current time: 2026-08-18 12:03:21.727075+00:00
============================================================
Updating rounds...
Updating drives...
Update complete - Drives: [], Rounds: []
============================================================
Middleware triggered by request: /candidate/get-available-drives/
============================================================
Starting AutoStatusService.update_all()
Current time: 2026-08-18 12:03:46.281579+00:00
============================================================
Updating rounds...
Updating drives...
Update complete - Drives: [], Rounds: []
============================================================
============================================================
Starting AutoStatusService.update_all()
Current time: 2026-08-18 12:03:46.395822+00:00
============================================================
Updating rounds...
Updating drives...
Update complete - Drives: [], Rounds: []
============================================================
Middleware triggered by request: /candidate/get-available-drives/
============================================================
Starting AutoStatusService.update_all()
Current time: 2026-08-18 12:03:46.418816+00:00
============================================================
Updating rounds...
Updating drives...
Update complete - Drives: [], Rounds: []
============================================================
============================================================
Starting AutoStatusService.update_all()
Current time: 2026-08-18 12:03:46.505018+00:00
============================================================
Updating rounds...
Updating drives...
Update complete - Drives: [], Rounds: []
============================================================
Middleware triggered by request: /candidate/get-available-drives/
============================================================
Starting AutoStatusService.update_all()
Current time: 2026-08-18 12:04:52.099473+00:00
============================================================
Updating rounds...
Updating drives...
Update complete - Drives: [], Rounds: []
============================================================
============================================================
Starting AutoStatusService.update_all()
Current time: 2026-08-18 12:04:52.190638+00:00
============================================================
Updating rounds...
Updating drives...
Update complete - Drives: [], Rounds: []
============================================================
Middleware triggered by request: /candidate/get-available-drives/
============================================================
Starting AutoStatusService.update_all()
Current time: 2026-08-18 12:04:52.212068+00:00
============================================================
Updating rounds...
Updating drives...
Update complete - Drives: [], Rounds: []
============================================================
============================================================
Starting AutoStatusService.update_all()
Current time: 2026-08-18 12:04:52.301039+00:00
============================================================
Updating rounds...
Updating drives...
Update complete - Drives: [], Rounds: []
============================================================
Middleware triggered by request: /candidate/get-available-drives/
============================================================
Starting AutoStatusService.update_all()
Current time: 2026-08-18 12:07:28.261282+00:00
============================================================
Updating rounds...
Updating drives...
Update complete - Drives: [], Rounds: []
============================================================
============================================================
Starting AutoStatusService.update_all()
Current time: 2026-08-18 12:07:28.343402+00:00
============================================================
Updating rounds...
Updating drives...
Update complete - Drives: [], Rounds: []
============================================================
Middleware triggered by request: /candidate/get-candidate-round-status/3/
============================================================
Starting AutoStatusService.update_all()
Current time: 2026-08-18 12:07:28.363590+00:00
============================================================
Updating rounds...
Updating drives...
Update complete - Drives: [], Rounds: []
============================================================
Middleware triggered by request: /candidate/get-candidate-round-status/1/
============================================================
Starting AutoStatusService.update_all()
Current time: 2026-08-18 12:07:28.463371+00:00
============================================================
Updating rounds...
Updating drives...
Update complete - Drives: [], Rounds: []
============================================================
Middleware triggered by request: /candidate/get-candidate-profile/
============================================================
Starting AutoStatusService.update_all()
Current time: 2026-08-18 12:07:28.605058+00:00
============================================================
Updating rounds...
Updating drives...
Update complete - Drives: [], Rounds: []
============================================================
Middleware triggered by request: /candidate/get-available-drives/
============================================================
Starting AutoStatusService.update_all()
Current time: 2026-08-18 12:07:36.405151+00:00
============================================================
Updating rounds...
Updating drives...
Update complete - Drives: [], Rounds: []
============================================================
============================================================
Starting AutoStatusService.update_all()
Current time: 2026-08-18 12:07:36.490692+00:00
============================================================
Updating rounds...
Updating drives...
Update complete - Drives: [], Rounds: []
============================================================
Middleware triggered by request: /candidate/get-available-drives/
============================================================
Starting AutoStatusService.update_all()
Current time: 2026-08-18 12:07:36.518493+00:00
============================================================
Updating rounds...
Middleware triggered by request: /candidate/get-candidate-round-status/3/
============================================================
Starting AutoStatusService.update_all()
Current time: 2026-08-18 12:07:36.532025+00:00
============================================================
Updating rounds...
Updating drives...
Update complete - Drives: [], Rounds: []
============================================================
Updating drives...
Update complete - Drives: [], Rounds: []
============================================================
============================================================
Starting AutoStatusService.update_all()
Current time: 2026-08-18 12:07:36.643302+00:00
============================================================
Updating rounds...
Updating drives...
Update complete - Drives: [], Rounds: []
============================================================
Middleware triggered by request: /candidate/get-candidate-round-status/3/
============================================================
Starting AutoStatusService.update_all()
Current time: 2026-08-18 12:07:36.677900+00:00
============================================================
Updating rounds...
Middleware triggered by request: /candidate/get-candidate-round-status/1/
============================================================
Starting AutoStatusService.update_all()
Current time: 2026-08-18 12:07:36.685009+00:00
============================================================
Updating rounds...
Updating drives...
Updating drives...
Update complete - Drives: [], Rounds: []
============================================================
Update complete - Drives: [], Rounds: []
============================================================
Middleware triggered by request: /candidate/get-candidate-round-status/1/
============================================================
Starting AutoStatusService.update_all()
Current time: 2026-08-18 12:07:36.923430+00:00
============================================================
Middleware triggered by request: /candidate/get-candidate-profile/
Updating rounds...
============================================================
Starting AutoStatusService.update_all()
Current time: 2026-08-18 12:07:36.926183+00:00
============================================================
Updating rounds...
Updating drives...
Update complete - Drives: [], Rounds: []
============================================================
Updating drives...
Update complete - Drives: [], Rounds: []
============================================================
Middleware triggered by request: /candidate/get-candidate-profile/
============================================================
Starting AutoStatusService.update_all()
Current time: 2026-08-18 12:07:37.048913+00:00
============================================================
Updating rounds...
Updating drives...
Update complete - Drives: [], Rounds: []
============================================================
Middleware triggered by request: /candidate/get-available-drives/
============================================================
Starting AutoStatusService.update_all()
Current time: 2026-08-18 12:09:38.111157+00:00
============================================================
Updating rounds...
Updating drives...
Update complete - Drives: [], Rounds: []
============================================================
============================================================
Starting AutoStatusService.update_all()
Current time: 2026-08-18 12:09:38.223693+00:00
============================================================
Updating rounds...
Updating drives...
Update complete - Drives: [], Rounds: []
============================================================
Middleware triggered by request: /candidate/get-candidate-round-status/3/
============================================================
Starting AutoStatusService.update_all()
Current time: 2026-08-18 12:09:38.238456+00:00
============================================================
Updating rounds...
Updating drives...
Update complete - Drives: [], Rounds: []
============================================================
Middleware triggered by request: /candidate/get-candidate-round-status/1/
============================================================
Starting AutoStatusService.update_all()
Current time: 2026-08-18 12:09:38.320792+00:00
============================================================
Updating rounds...
Updating drives...
Update complete - Drives: [], Rounds: []
============================================================
Middleware triggered by request: /candidate/get-candidate-profile/
============================================================
Starting AutoStatusService.update_all()
Current time: 2026-08-18 12:09:38.449541+00:00
============================================================
Updating rounds...
Updating drives...
Update complete - Drives: [], Rounds: []
============================================================
Middleware triggered by request: /candidate/get-available-drives/
============================================================
Starting AutoStatusService.update_all()
Current time: 2026-08-18 12:10:11.483646+00:00
============================================================
Updating rounds...
Updating drives...
Update complete - Drives: [], Rounds: []
============================================================
============================================================
Starting AutoStatusService.update_all()
Current time: 2026-08-18 12:10:11.563398+00:00
============================================================
Updating rounds...
Updating drives...
Update complete - Drives: [], Rounds: []
============================================================
Middleware triggered by request: /candidate/get-available-drives/
============================================================
Starting AutoStatusService.update_all()
Current time: 2026-08-18 12:10:11.586952+00:00
============================================================
Updating rounds...
Middleware triggered by request: /candidate/get-candidate-round-status/4/
============================================================
Starting AutoStatusService.update_all()
Current time: 2026-08-18 12:10:11.594913+00:00
============================================================
Updating rounds...
Updating drives...
Update complete - Drives: [], Rounds: []
============================================================
Middleware triggered by request: /candidate/get-candidate-round-status/2/
============================================================
Starting AutoStatusService.update_all()
Current time: 2026-08-18 12:10:11.726578+00:00
============================================================
Updating rounds...
Updating drives...
Update complete - Drives: [], Rounds: []
Updating drives...
============================================================
Update complete - Drives: [], Rounds: []
============================================================
============================================================
Starting AutoStatusService.update_all()
Current time: 2026-08-18 12:10:11.810071+00:00
============================================================
Updating rounds...
Updating drives...
Update complete - Drives: [], Rounds: []
============================================================
Middleware triggered by request: /candidate/get-candidate-profile/
============================================================
Starting AutoStatusService.update_all()
Current time: 2026-08-18 12:10:11.854075+00:00
Middleware triggered by request: /candidate/get-candidate-round-status/4/
============================================================
============================================================
Updating rounds...
Starting AutoStatusService.update_all()
Current time: 2026-08-18 12:10:11.884509+00:00
============================================================
Updating rounds...
Updating drives...
Updating drives...
Update complete - Drives: [], Rounds: []
============================================================
Update complete - Drives: [], Rounds: []
============================================================
Middleware triggered by request: /candidate/get-candidate-round-status/2/
============================================================
Starting AutoStatusService.update_all()
Current time: 2026-08-18 12:10:12.047581+00:00
============================================================
Updating rounds...
Updating drives...
Update complete - Drives: [], Rounds: []
============================================================
Middleware triggered by request: /candidate/get-candidate-profile/
============================================================
Starting AutoStatusService.update_all()
Current time: 2026-08-18 12:10:12.155967+00:00
============================================================
Updating rounds...
Updating drives...
Update complete - Drives: [], Rounds: []
============================================================
Middleware triggered by request: /candidate/get-available-drives/
============================================================
Starting AutoStatusService.update_all()
Current time: 2026-08-18 12:10:17.408013+00:00
============================================================
Updating rounds...
Updating drives...
Update complete - Drives: [], Rounds: []
============================================================
============================================================
Starting AutoStatusService.update_all()
Current time: 2026-08-18 12:10:17.509525+00:00
============================================================
Updating rounds...
Updating drives...
Update complete - Drives: [], Rounds: []
============================================================
Middleware triggered by request: /candidate/get-available-drives/
============================================================
Starting AutoStatusService.update_all()
Current time: 2026-08-18 12:10:17.541895+00:00
============================================================
Updating rounds...
Updating drives...
Update complete - Drives: [], Rounds: []
============================================================
============================================================
Starting AutoStatusService.update_all()
Current time: 2026-08-18 12:10:17.635522+00:00
============================================================
Updating rounds...
Updating drives...
Update complete - Drives: [], Rounds: []
============================================================
Middleware triggered by request: /candidate/get-candidate-profile/
============================================================
Starting AutoStatusService.update_all()
Current time: 2026-08-18 12:10:18.263960+00:00
============================================================
Updating rounds...
Updating drives...
Update complete - Drives: [], Rounds: []
============================================================
Middleware triggered by request: /candidate/get-candidate-profile/
============================================================
Starting AutoStatusService.update_all()
Current time: 2026-08-18 12:10:18.359542+00:00
============================================================
Updating rounds...
Updating drives...
Update complete - Drives: [], Rounds: []
============================================================
Middleware triggered by request: /candidate/get-candidate-profile/
============================================================
Starting AutoStatusService.update_all()
Current time: 2026-08-18 12:10:20.190862+00:00
============================================================
Updating rounds...
Updating drives...
Update complete - Drives: [], Rounds: []
============================================================
Middleware triggered by request: /candidate/get-candidate-profile/
============================================================
Starting AutoStatusService.update_all()
Current time: 2026-08-18 12:10:20.304556+00:00
============================================================
Updating rounds...
Updating drives...
Update complete - Drives: [], Rounds: []
============================================================
Middleware triggered by request: /candidate/get-available-drives/
============================================================
Starting AutoStatusService.update_all()
Current time: 2026-08-18 12:11:44.012253+00:00
============================================================
Updating rounds...
Updating drives...
Update complete - Drives: [], Rounds: []
============================================================
============================================================
Starting AutoStatusService.update_all()
Current time: 2026-08-18 12:11:44.127708+00:00
============================================================
Updating rounds...
Updating drives...
Update complete - Drives: [], Rounds: []
============================================================
Middleware triggered by request: /candidate/get-available-drives/
============================================================
Starting AutoStatusService.update_all()
Current time: 2026-08-18 12:11:44.157893+00:00
============================================================
Updating rounds...
Updating drives...
Update complete - Drives: [], Rounds: []
============================================================
============================================================
Starting AutoStatusService.update_all()
Current time: 2026-08-18 12:11:44.263244+00:00
============================================================
Updating rounds...
Updating drives...
Update complete - Drives: [], Rounds: []
============================================================
Middleware triggered by request: /candidate/get-candidate-profile/
============================================================
Starting AutoStatusService.update_all()
Current time: 2026-08-18 12:11:46.745647+00:00
============================================================
Updating rounds...
Updating drives...
Update complete - Drives: [], Rounds: []
============================================================
Middleware triggered by request: /candidate/get-candidate-profile/
============================================================
Starting AutoStatusService.update_all()
Current time: 2026-08-18 12:11:46.832650+00:00
============================================================
Updating rounds...
Updating drives...
Update complete - Drives: [], Rounds: []
============================================================
Middleware triggered by request: /candidate/get-available-drives/
============================================================
Starting AutoStatusService.update_all()
Current time: 2026-08-18 12:11:49.472284+00:00
============================================================
Updating rounds...
Updating drives...
Update complete - Drives: [], Rounds: []
============================================================
============================================================
Starting AutoStatusService.update_all()
Current time: 2026-08-18 12:11:49.649238+00:00
============================================================
Updating rounds...
Updating drives...
Update complete - Drives: [], Rounds: []
============================================================
Middleware triggered by request: /candidate/get-available-drives/
============================================================
Starting AutoStatusService.update_all()
Current time: 2026-08-18 12:11:49.663867+00:00
============================================================
Updating rounds...
Updating drives...
Update complete - Drives: [], Rounds: []
============================================================
============================================================
Starting AutoStatusService.update_all()
Current time: 2026-08-18 12:11:49.743548+00:00
============================================================
Updating rounds...
Updating drives...
Update complete - Drives: [], Rounds: []
============================================================
Middleware triggered by request: /candidate/get-candidate-profile/
============================================================
Starting AutoStatusService.update_all()
Current time: 2026-08-18 12:11:50.611943+00:00
============================================================
Updating rounds...
Updating drives...
Update complete - Drives: [], Rounds: []
============================================================
Middleware triggered by request: /candidate/get-candidate-profile/
============================================================
Starting AutoStatusService.update_all()
Current time: 2026-08-18 12:11:50.698659+00:00
============================================================
Updating rounds...
Updating drives...
Update complete - Drives: [], Rounds: []
============================================================
Middleware triggered by request: /candidate/update-candidate-profile/
============================================================
Starting AutoStatusService.update_all()
Current time: 2026-08-18 12:12:08.441406+00:00
============================================================
Updating rounds...
Updating drives...
Update complete - Drives: [], Rounds: []
============================================================
============================================================
Starting AutoStatusService.update_all()
Current time: 2026-08-18 12:12:59.360126+00:00
============================================================
Updating rounds...
Updating drives...
Update complete - Drives: [], Rounds: []
============================================================
============================================================
Starting AutoStatusService.update_all()
Current time: 2026-08-18 12:12:59.498820+00:00
============================================================
Updating rounds...
Updating drives...
Update complete - Drives: [], Rounds: []
============================================================
============================================================
Starting AutoStatusService.update_all()
Current time: 2026-08-18 12:13:01.668369+00:00
============================================================
Updating rounds...
Updating drives...
Update complete - Drives: [], Rounds: []
============================================================
============================================================
Starting AutoStatusService.update_all()
Current time: 2026-08-18 12:13:01.795326+00:00
============================================================
Updating rounds...
Updating drives...
Update complete - Drives: [], Rounds: []
============================================================
Drive 1 is completed, skipping
Drive 1 is completed, skipping
============================================================
Starting AutoStatusService.update_all()
Current time: 2026-08-18 12:13:06.909130+00:00
============================================================
Updating rounds...
Updating drives...
Update complete - Drives: [], Rounds: []
============================================================
============================================================
Starting AutoStatusService.update_all()
Current time: 2026-08-18 12:13:07.047278+00:00
============================================================
Updating rounds...
Updating drives...
Update complete - Drives: [], Rounds: []
============================================================
============================================================
Starting AutoStatusService.update_all()
Current time: 2026-08-18 12:13:32.353702+00:00
============================================================
Updating rounds...
Updating drives...
Update complete - Drives: [], Rounds: []
============================================================
============================================================
Starting AutoStatusService.update_all()
Current time: 2026-08-18 12:13:32.450226+00:00
============================================================
Updating rounds...
Updating drives...
Update complete - Drives: [], Rounds: []
============================================================
Drive 1 is completed, skipping
Drive 1 is completed, skipping
============================================================
Starting AutoStatusService.update_all()
Current time: 2026-08-18 12:13:44.454797+00:00
============================================================
Updating rounds...
Updating drives...
Update complete - Drives: [], Rounds: []
============================================================
============================================================
Starting AutoStatusService.update_all()
Current time: 2026-08-18 12:13:44.565541+00:00
============================================================
Updating rounds...
Updating drives...
Update complete - Drives: [], Rounds: []
============================================================
Middleware triggered by request: /candidate/get-available-drives/
============================================================
Starting AutoStatusService.update_all()
Current time: 2026-08-18 12:14:08.330995+00:00
============================================================
Updating rounds...
Updating drives...
Update complete - Drives: [], Rounds: []
============================================================
============================================================
Starting AutoStatusService.update_all()
Current time: 2026-08-18 12:14:08.423427+00:00
============================================================
Updating rounds...
Updating drives...
Update complete - Drives: [], Rounds: []
============================================================
Middleware triggered by request: /candidate/get-available-drives/
============================================================
Starting AutoStatusService.update_all()
Current time: 2026-08-18 12:14:08.449244+00:00
============================================================
Updating rounds...
Updating drives...
Update complete - Drives: [], Rounds: []
============================================================
============================================================
Starting AutoStatusService.update_all()
Current time: 2026-08-18 12:14:08.555263+00:00
============================================================
Updating rounds...
Updating drives...
Update complete - Drives: [], Rounds: []
============================================================
Middleware triggered by request: /candidate/get-drive-details/4/
============================================================
Starting AutoStatusService.update_all()
Current time: 2026-08-18 12:14:09.785433+00:00
============================================================
Updating rounds...
Updating drives...
Update complete - Drives: [], Rounds: []
============================================================
Middleware triggered by request: /candidate/get-drive-details/4/
============================================================
Starting AutoStatusService.update_all()
Current time: 2026-08-18 12:14:09.923222+00:00
============================================================
Updating rounds...
Updating drives...
Update complete - Drives: [], Rounds: []
============================================================
============================================================
Starting AutoStatusService.update_all()
Current time: 2026-08-18 12:14:14.149842+00:00
============================================================
Updating rounds...
Updating drives...
Update complete - Drives: [], Rounds: []
============================================================
============================================================
Starting AutoStatusService.update_all()
Current time: 2026-08-18 12:14:14.395306+00:00
============================================================
Updating rounds...
Updating drives...
Update complete - Drives: [], Rounds: []
============================================================
============================================================
Starting AutoStatusService.update_all()
Current time: 2026-08-18 12:14:22.151779+00:00
============================================================
Updating rounds...
Updating drives...
Update complete - Drives: [], Rounds: []
============================================================
============================================================
Starting AutoStatusService.update_all()
Current time: 2026-08-18 12:14:22.276151+00:00
============================================================
Updating rounds...
Updating drives...
Update complete - Drives: [], Rounds: []
============================================================
============================================================
Starting AutoStatusService.update_all()
Current time: 2026-08-18 12:14:25.683693+00:00
============================================================
Updating rounds...
Updating drives...
Update complete - Drives: [], Rounds: []
============================================================
============================================================
Starting AutoStatusService.update_all()
Current time: 2026-08-18 12:14:25.922418+00:00
============================================================
Updating rounds...
Updating drives...
Update complete - Drives: [], Rounds: []
============================================================
Middleware triggered by request: /candidate/get-available-drives/
============================================================
Starting AutoStatusService.update_all()
Current time: 2026-08-18 12:14:40.990717+00:00
============================================================
Updating rounds...
Updating drives...
Update complete - Drives: [], Rounds: []
============================================================
============================================================
Starting AutoStatusService.update_all()
Current time: 2026-08-18 12:14:41.090406+00:00
============================================================
Updating rounds...
Updating drives...
Update complete - Drives: [], Rounds: []
============================================================
Middleware triggered by request: /candidate/get-available-drives/
============================================================
Starting AutoStatusService.update_all()
Current time: 2026-08-18 12:14:41.112519+00:00
============================================================
Updating rounds...
Updating drives...
Update complete - Drives: [], Rounds: []
============================================================
============================================================
Starting AutoStatusService.update_all()
Current time: 2026-08-18 12:14:41.194421+00:00
============================================================
Updating rounds...
Updating drives...
Update complete - Drives: [], Rounds: []
============================================================
Middleware triggered by request: /candidate/get-candidate-profile/
============================================================
Starting AutoStatusService.update_all()
Current time: 2026-08-18 12:14:42.462127+00:00
============================================================
Updating rounds...
Updating drives...
Update complete - Drives: [], Rounds: []
============================================================
Middleware triggered by request: /candidate/get-candidate-profile/
============================================================
Starting AutoStatusService.update_all()
Current time: 2026-08-18 12:14:42.559162+00:00
============================================================
Updating rounds...
Updating drives...
Update complete - Drives: [], Rounds: []
============================================================
Middleware triggered by request: /candidate/get-language/
============================================================
Starting AutoStatusService.update_all()
Current time: 2026-08-18 12:14:44.083224+00:00
============================================================
Updating rounds...
Updating drives...
Update complete - Drives: [], Rounds: []
============================================================
Middleware triggered by request: /candidate/get-language/
============================================================
Starting AutoStatusService.update_all()
Current time: 2026-08-18 12:14:44.217155+00:00
============================================================
Updating rounds...
Updating drives...
Update complete - Drives: [], Rounds: []
============================================================
Middleware triggered by request: /candidate/get-certificate/
============================================================
Starting AutoStatusService.update_all()
Current time: 2026-08-18 12:14:45.047634+00:00
============================================================
Updating rounds...
Updating drives...
Update complete - Drives: [], Rounds: []
============================================================
Middleware triggered by request: /candidate/get-certificate/
============================================================
Starting AutoStatusService.update_all()
Current time: 2026-08-18 12:14:45.136538+00:00
============================================================
Updating rounds...
Updating drives...
Update complete - Drives: [], Rounds: []
============================================================
Middleware triggered by request: /candidate/get-project/
============================================================
Starting AutoStatusService.update_all()
Current time: 2026-08-18 12:14:45.943199+00:00
============================================================
Updating rounds...
Updating drives...
Update complete - Drives: [], Rounds: []
============================================================
Middleware triggered by request: /candidate/get-project/
============================================================
Starting AutoStatusService.update_all()
Current time: 2026-08-18 12:14:46.015032+00:00
============================================================
Updating rounds...
Updating drives...
Update complete - Drives: [], Rounds: []
============================================================
Middleware triggered by request: /candidate/get-skill/
============================================================
Starting AutoStatusService.update_all()
Current time: 2026-08-18 12:14:46.741987+00:00
============================================================
Updating rounds...
Updating drives...
Update complete - Drives: [], Rounds: []
============================================================
Middleware triggered by request: /candidate/get-skill/
============================================================
Starting AutoStatusService.update_all()
Current time: 2026-08-18 12:14:46.874526+00:00
============================================================
Updating rounds...
Updating drives...
Update complete - Drives: [], Rounds: []
============================================================
Middleware triggered by request: /candidate/get-experience/
============================================================
Starting AutoStatusService.update_all()
Current time: 2026-08-18 12:14:47.626983+00:00
============================================================
Updating rounds...
Updating drives...
Update complete - Drives: [], Rounds: []
============================================================
Middleware triggered by request: /candidate/get-experience/
============================================================
Starting AutoStatusService.update_all()
Current time: 2026-08-18 12:14:47.757548+00:00
============================================================
Updating rounds...
Updating drives...
Update complete - Drives: [], Rounds: []
============================================================
Middleware triggered by request: /candidate/get-education/
============================================================
Starting AutoStatusService.update_all()
Current time: 2026-08-18 12:14:48.742380+00:00
============================================================
Updating rounds...
Updating drives...
Update complete - Drives: [], Rounds: []
============================================================
Middleware triggered by request: /candidate/get-education/
============================================================
Starting AutoStatusService.update_all()
Current time: 2026-08-18 12:14:48.821723+00:00
============================================================
Updating rounds...
Updating drives...
Update complete - Drives: [], Rounds: []
============================================================
Middleware triggered by request: /candidate/get-candidate-profile/
============================================================
Starting AutoStatusService.update_all()
Current time: 2026-08-18 12:14:49.945637+00:00
============================================================
Updating rounds...
Updating drives...
Update complete - Drives: [], Rounds: []
============================================================
Middleware triggered by request: /candidate/get-candidate-profile/
============================================================
Starting AutoStatusService.update_all()
Current time: 2026-08-18 12:14:50.030090+00:00
============================================================
Updating rounds...
Updating drives...
Update complete - Drives: [], Rounds: []
============================================================
Middleware triggered by request: /candidate/get-available-drives/
============================================================
Starting AutoStatusService.update_all()
Current time: 2026-08-18 12:14:51.258223+00:00
============================================================
Updating rounds...
Updating drives...
Update complete - Drives: [], Rounds: []
============================================================
============================================================
Starting AutoStatusService.update_all()
Current time: 2026-08-18 12:14:51.343700+00:00
============================================================
Updating rounds...
Updating drives...
Update complete - Drives: [], Rounds: []
============================================================
Middleware triggered by request: /candidate/get-available-drives/
============================================================
Starting AutoStatusService.update_all()
Current time: 2026-08-18 12:14:51.366950+00:00
============================================================
Updating rounds...
Updating drives...
Update complete - Drives: [], Rounds: []
============================================================
============================================================
Starting AutoStatusService.update_all()
Current time: 2026-08-18 12:14:51.460290+00:00
============================================================
Updating rounds...
Updating drives...
Update complete - Drives: [], Rounds: []
============================================================
Middleware triggered by request: /candidate/get-drive-details/4/
============================================================
Starting AutoStatusService.update_all()
Current time: 2026-08-18 12:14:54.118199+00:00
============================================================
Updating rounds...
Updating drives...
Update complete - Drives: [], Rounds: []
============================================================
Middleware triggered by request: /candidate/get-drive-details/4/
============================================================
Starting AutoStatusService.update_all()
Current time: 2026-08-18 12:14:54.231186+00:00
============================================================
Updating rounds...
Updating drives...
Update complete - Drives: [], Rounds: []
============================================================
Middleware triggered by request: /candidate/get-available-drives/
============================================================
Starting AutoStatusService.update_all()
Current time: 2026-08-18 12:14:55.984438+00:00
============================================================
Updating rounds...
Updating drives...
Update complete - Drives: [], Rounds: []
============================================================
============================================================
Starting AutoStatusService.update_all()
Current time: 2026-08-18 12:14:56.084893+00:00
============================================================
Updating rounds...
Updating drives...
Update complete - Drives: [], Rounds: []
============================================================
Middleware triggered by request: /candidate/get-available-drives/
============================================================
Starting AutoStatusService.update_all()
Current time: 2026-08-18 12:14:56.106562+00:00
============================================================
Updating rounds...
Updating drives...
Update complete - Drives: [], Rounds: []
============================================================
============================================================
Starting AutoStatusService.update_all()
Current time: 2026-08-18 12:14:56.184189+00:00
============================================================
Updating rounds...
Updating drives...
Update complete - Drives: [], Rounds: []
============================================================
Middleware triggered by request: /candidate/get-drive-details/2/
============================================================
Starting AutoStatusService.update_all()
Current time: 2026-08-18 12:14:57.203621+00:00
============================================================
Updating rounds...
Updating drives...
Update complete - Drives: [], Rounds: []
============================================================
Middleware triggered by request: /candidate/get-drive-details/2/
============================================================
Starting AutoStatusService.update_all()
Current time: 2026-08-18 12:14:57.308153+00:00
============================================================
Updating rounds...
Updating drives...
Update complete - Drives: [], Rounds: []
============================================================
Middleware triggered by request: /candidate/get-available-drives/
============================================================
Starting AutoStatusService.update_all()
Current time: 2026-08-18 12:15:01.575001+00:00
============================================================
Updating rounds...
Updating drives...
Update complete - Drives: [], Rounds: []
============================================================
============================================================
Starting AutoStatusService.update_all()
Current time: 2026-08-18 12:15:01.662037+00:00
============================================================
Updating rounds...
Updating drives...
Update complete - Drives: [], Rounds: []
============================================================
Middleware triggered by request: /candidate/get-available-drives/
============================================================
Starting AutoStatusService.update_all()
Current time: 2026-08-18 12:15:01.684200+00:00
============================================================
Updating rounds...
Updating drives...
Update complete - Drives: [], Rounds: []
============================================================
============================================================
Starting AutoStatusService.update_all()
Current time: 2026-08-18 12:15:01.861551+00:00
============================================================
Updating rounds...
Updating drives...
Update complete - Drives: [], Rounds: []
============================================================
Middleware triggered by request: /candidate/get-available-drives/
============================================================
Starting AutoStatusService.update_all()
Current time: 2026-08-18 12:15:05.379537+00:00
============================================================
Updating rounds...
Updating drives...
Update complete - Drives: [], Rounds: []
============================================================
============================================================
Starting AutoStatusService.update_all()
Current time: 2026-08-18 12:15:05.465320+00:00
============================================================
Updating rounds...
Updating drives...
Update complete - Drives: [], Rounds: []
============================================================
Middleware triggered by request: /candidate/get-available-drives/
============================================================
Starting AutoStatusService.update_all()
Current time: 2026-08-18 12:15:05.482039+00:00
============================================================
Updating rounds...
Updating drives...
Update complete - Drives: [], Rounds: []
============================================================
============================================================
Starting AutoStatusService.update_all()
Current time: 2026-08-18 12:15:05.578152+00:00
============================================================
Updating rounds...
Updating drives...
Update complete - Drives: [], Rounds: []
============================================================
Middleware triggered by request: /candidate/get-available-drives/
============================================================
Starting AutoStatusService.update_all()
Current time: 2026-08-18 12:15:11.316048+00:00
============================================================
Updating rounds...
Updating drives...
Update complete - Drives: [], Rounds: []
============================================================
============================================================
Starting AutoStatusService.update_all()
Current time: 2026-08-18 12:15:11.400074+00:00
============================================================
Updating rounds...
Updating drives...
Update complete - Drives: [], Rounds: []
============================================================
Middleware triggered by request: /candidate/get-available-drives/
============================================================
Starting AutoStatusService.update_all()
Current time: 2026-08-18 12:15:11.416759+00:00
============================================================
Updating rounds...
Updating drives...
Update complete - Drives: [], Rounds: []
============================================================
============================================================
Starting AutoStatusService.update_all()
Current time: 2026-08-18 12:15:11.511001+00:00
============================================================
Updating rounds...
Updating drives...
Update complete - Drives: [], Rounds: []
============================================================
Middleware triggered by request: /candidate/get-drive-details/4/
============================================================
Starting AutoStatusService.update_all()
Current time: 2026-08-18 12:15:14.141828+00:00
============================================================
Updating rounds...
Updating drives...
Update complete - Drives: [], Rounds: []
============================================================
Middleware triggered by request: /candidate/get-drive-details/4/
============================================================
Starting AutoStatusService.update_all()
Current time: 2026-08-18 12:15:14.258759+00:00
============================================================
Updating rounds...
Updating drives...
Update complete - Drives: [], Rounds: []
============================================================
Middleware triggered by request: /candidate/get-language/
============================================================
Starting AutoStatusService.update_all()
Current time: 2026-08-18 12:15:16.678499+00:00
============================================================
Updating rounds...
Updating drives...
Update complete - Drives: [], Rounds: []
============================================================
Middleware triggered by request: /candidate/get-language/
============================================================
Starting AutoStatusService.update_all()
Current time: 2026-08-18 12:15:16.773014+00:00
============================================================
Updating rounds...
Updating drives...
Update complete - Drives: [], Rounds: []
============================================================
Middleware triggered by request: /candidate/get-candidate-profile/
============================================================
Starting AutoStatusService.update_all()
Current time: 2026-08-18 12:15:18.059902+00:00
============================================================
Updating rounds...
Updating drives...
Update complete - Drives: [], Rounds: []
============================================================
Middleware triggered by request: /candidate/get-candidate-profile/
============================================================
Starting AutoStatusService.update_all()
Current time: 2026-08-18 12:15:18.136372+00:00
============================================================
Updating rounds...
Updating drives...
Update complete - Drives: [], Rounds: []
============================================================
============================================================
Starting AutoStatusService.update_all()
Current time: 2026-08-18 12:15:24.943770+00:00
============================================================
Updating rounds...
Updating drives...
Update complete - Drives: [], Rounds: []
============================================================
============================================================
Starting AutoStatusService.update_all()
Current time: 2026-08-18 12:15:25.098314+00:00
============================================================
Updating rounds...
Updating drives...
Update complete - Drives: [], Rounds: []
============================================================
Drive 1 is completed, skipping
Drive 1 is completed, skipping
============================================================
Starting AutoStatusService.update_all()
Current time: 2026-08-18 12:16:50.598479+00:00
============================================================
Updating rounds...
Updating drives...
Update complete - Drives: [], Rounds: []
============================================================
============================================================
Starting AutoStatusService.update_all()
Current time: 2026-08-18 12:16:50.697075+00:00
============================================================
Updating rounds...
Updating drives...
Update complete - Drives: [], Rounds: []
============================================================
Drive 1 is completed, skipping
Drive 1 is completed, skipping
============================================================
Starting AutoStatusService.update_all()
Current time: 2026-08-18 12:16:57.580750+00:00
============================================================
Updating rounds...
Updating drives...
Update complete - Drives: [], Rounds: []
============================================================
============================================================
Starting AutoStatusService.update_all()
Current time: 2026-08-18 12:16:57.712411+00:00
============================================================
Updating rounds...
Updating drives...
Update complete - Drives: [], Rounds: []
============================================================
============================================================
Starting AutoStatusService.update_all()
Current time: 2026-08-18 12:17:06.052640+00:00
============================================================
Updating rounds...
Updating drives...
Update complete - Drives: [], Rounds: []
============================================================
============================================================
Starting AutoStatusService.update_all()
Current time: 2026-08-18 12:17:06.246229+00:00
============================================================
Updating rounds...
Updating drives...
Update complete - Drives: [], Rounds: []
============================================================
============================================================
Starting AutoStatusService.update_all()
Current time: 2026-08-18 12:17:36.376348+00:00
============================================================
Updating rounds...
Updating drives...
Checking drive 5 (VNSGU Google Drive 2026-27) - Current status: draft
Update complete - Drives: [], Rounds: []
============================================================
============================================================
Starting AutoStatusService.update_all()
Current time: 2026-08-18 12:17:36.490083+00:00
============================================================
Updating rounds...
Updating drives...
Checking drive 5 (VNSGU Google Drive 2026-27) - Current status: draft
Update complete - Drives: [], Rounds: []
============================================================
Checking drive 5 (VNSGU Google Drive 2026-27) - Current status: draft
Checking drive 5 (VNSGU Google Drive 2026-27) - Current status: draft
Checking drive 5 (VNSGU Google Drive 2026-27) - Current status: draft
Checking drive 5 (VNSGU Google Drive 2026-27) - Current status: draft
Checking drive 5 (VNSGU Google Drive 2026-27) - Current status: draft
Checking round 10 - Current status: pending
  Round Start: 2026-08-18 13:25:00+00:00
Round 10 remains pending - 67 minutes until start
Checking drive 5 (VNSGU Google Drive 2026-27) - Current status: draft
Checking round 10 - Current status: pending
  Round Start: 2026-08-18 13:25:00+00:00
Round 10 remains pending - 67 minutes until start
============================================================
Starting AutoStatusService.update_all()
Current time: 2026-08-18 12:18:25.606870+00:00
============================================================
Updating rounds...
Checking round 10 - Current status: pending
  Round Start: 2026-08-18 13:25:00+00:00
Round 10 remains pending - 67 minutes until start
Updating drives...
Checking drive 5 (VNSGU Google Drive 2026-27) - Current status: draft
Update complete - Drives: [], Rounds: []
============================================================
============================================================
Starting AutoStatusService.update_all()
Current time: 2026-08-18 12:18:25.749648+00:00
============================================================
Updating rounds...
Checking round 10 - Current status: pending
  Round Start: 2026-08-18 13:25:00+00:00
Round 10 remains pending - 67 minutes until start
Updating drives...
Checking drive 5 (VNSGU Google Drive 2026-27) - Current status: draft
Update complete - Drives: [], Rounds: []
============================================================
Drive 1 is completed, skipping
Drive 1 is completed, skipping
Middleware triggered by request: /candidate/get-available-drives/
============================================================
Starting AutoStatusService.update_all()
Current time: 2026-08-18 12:20:58.808490+00:00
============================================================
Updating rounds...
Checking round 10 - Current status: pending
  Round Start: 2026-08-18 13:25:00+00:00
Round 10 remains pending - 64 minutes until start
Updating drives...
Checking drive 5 (VNSGU Google Drive 2026-27) - Current status: draft
Drive 5 auto-published
Update complete - Drives: [5], Rounds: []
============================================================
Auto-updated: Drives [5], Rounds []
============================================================
Starting AutoStatusService.update_all()
Current time: 2026-08-18 12:20:58.901002+00:00
============================================================
Updating rounds...
Checking round 10 - Current status: pending
  Round Start: 2026-08-18 13:25:00+00:00
Round 10 remains pending - 64 minutes until start
Updating drives...
Checking drive 5 (VNSGU Google Drive 2026-27) - Current status: published
Update complete - Drives: [], Rounds: []
============================================================
Middleware triggered by request: /candidate/get-available-drives/
============================================================
Starting AutoStatusService.update_all()
Current time: 2026-08-18 12:20:58.919260+00:00
============================================================
Updating rounds...
Middleware triggered by request: /candidate/get-candidate-round-status/5/
============================================================
Starting AutoStatusService.update_all()
Current time: 2026-08-18 12:20:58.930006+00:00
============================================================
Updating rounds...
Checking round 10 - Current status: pending
  Round Start: 2026-08-18 13:25:00+00:00
Round 10 remains pending - 64 minutes until start
Updating drives...
Checking drive 5 (VNSGU Google Drive 2026-27) - Current status: published
Checking round 10 - Current status: pending
  Round Start: 2026-08-18 13:25:00+00:00
Update complete - Drives: [], Rounds: []
Round 10 remains pending - 64 minutes until start
============================================================
Updating drives...
Checking drive 5 (VNSGU Google Drive 2026-27) - Current status: published
Update complete - Drives: [], Rounds: []
============================================================
============================================================
Starting AutoStatusService.update_all()
Current time: 2026-08-18 12:20:59.013301+00:00
============================================================
Updating rounds...
Checking round 10 - Current status: pending
  Round Start: 2026-08-18 13:25:00+00:00
Round 10 remains pending - 64 minutes until start
Updating drives...
Checking drive 5 (VNSGU Google Drive 2026-27) - Current status: published
Update complete - Drives: [], Rounds: []
============================================================
Middleware triggered by request: /candidate/get-candidate-round-status/4/
============================================================
Starting AutoStatusService.update_all()
Current time: 2026-08-18 12:20:59.031008+00:00
============================================================
Updating rounds...
Middleware triggered by request: /candidate/get-candidate-round-status/5/
============================================================
Starting AutoStatusService.update_all()
Current time: 2026-08-18 12:20:59.033150+00:00
============================================================
Updating rounds...
Checking round 10 - Current status: pending
  Round Start: 2026-08-18 13:25:00+00:00
Round 10 remains pending - 64 minutes until start
Updating drives...
Checking drive 5 (VNSGU Google Drive 2026-27) - Current status: published
Update complete - Drives: [], Rounds: []
============================================================
Checking round 10 - Current status: pending
  Round Start: 2026-08-18 13:25:00+00:00
Round 10 remains pending - 64 minutes until start
Updating drives...
Checking drive 5 (VNSGU Google Drive 2026-27) - Current status: published
Update complete - Drives: [], Rounds: []
============================================================
Middleware triggered by request: /candidate/get-candidate-round-status/4/
============================================================
Starting AutoStatusService.update_all()
Current time: 2026-08-18 12:20:59.133428+00:00
============================================================
Updating rounds...
Middleware triggered by request: /candidate/get-candidate-round-status/2/
============================================================
Starting AutoStatusService.update_all()
Current time: 2026-08-18 12:20:59.138125+00:00
============================================================
Updating rounds...
Checking round 10 - Current status: pending
  Round Start: 2026-08-18 13:25:00+00:00
Round 10 remains pending - 64 minutes until start
Updating drives...
Checking drive 5 (VNSGU Google Drive 2026-27) - Current status: published
Update complete - Drives: [], Rounds: []
============================================================
Middleware triggered by request: /candidate/get-candidate-profile/
============================================================
Starting AutoStatusService.update_all()
Current time: 2026-08-18 12:20:59.256847+00:00
============================================================
Updating rounds...
Checking round 10 - Current status: pending
  Round Start: 2026-08-18 13:25:00+00:00
Checking round 10 - Current status: pending
Round 10 remains pending - 64 minutes until start
  Round Start: 2026-08-18 13:25:00+00:00
Updating drives...
Round 10 remains pending - 64 minutes until start
Updating drives...
Checking drive 5 (VNSGU Google Drive 2026-27) - Current status: published
Checking drive 5 (VNSGU Google Drive 2026-27) - Current status: published
Update complete - Drives: [], Rounds: []
============================================================
Update complete - Drives: [], Rounds: []
============================================================
Middleware triggered by request: /candidate/get-candidate-round-status/2/
============================================================
Starting AutoStatusService.update_all()
Current time: 2026-08-18 12:20:59.387385+00:00
============================================================
Updating rounds...
Checking round 10 - Current status: pending
  Round Start: 2026-08-18 13:25:00+00:00
Round 10 remains pending - 64 minutes until start
Updating drives...
Checking drive 5 (VNSGU Google Drive 2026-27) - Current status: published
Update complete - Drives: [], Rounds: []
============================================================
Middleware triggered by request: /candidate/get-candidate-profile/
============================================================
Starting AutoStatusService.update_all()
Current time: 2026-08-18 12:20:59.513091+00:00
============================================================
Updating rounds...
Checking round 10 - Current status: pending
  Round Start: 2026-08-18 13:25:00+00:00
Round 10 remains pending - 64 minutes until start
Updating drives...
Checking drive 5 (VNSGU Google Drive 2026-27) - Current status: published
Update complete - Drives: [], Rounds: []
============================================================
Middleware triggered by request: /candidate/get-available-drives/
============================================================
Starting AutoStatusService.update_all()
Current time: 2026-08-18 12:21:27.880939+00:00
============================================================
Updating rounds...
Checking round 10 - Current status: pending
  Round Start: 2026-08-18 13:25:00+00:00
Round 10 remains pending - 64 minutes until start
Updating drives...
Checking drive 5 (VNSGU Google Drive 2026-27) - Current status: published
Update complete - Drives: [], Rounds: []
============================================================
============================================================
Starting AutoStatusService.update_all()
Current time: 2026-08-18 12:21:27.998843+00:00
============================================================
Updating rounds...
Checking round 10 - Current status: pending
  Round Start: 2026-08-18 13:25:00+00:00
Round 10 remains pending - 64 minutes until start
Updating drives...
Checking drive 5 (VNSGU Google Drive 2026-27) - Current status: published
Update complete - Drives: [], Rounds: []
============================================================
Middleware triggered by request: /candidate/get-available-drives/
============================================================
Starting AutoStatusService.update_all()
Current time: 2026-08-18 12:21:28.022413+00:00
============================================================
Updating rounds...
Middleware triggered by request: /candidate/get-candidate-round-status/5/
============================================================
Starting AutoStatusService.update_all()
Current time: 2026-08-18 12:21:28.026287+00:00
============================================================
Updating rounds...
Checking round 10 - Current status: pending
Checking round 10 - Current status: pending
  Round Start: 2026-08-18 13:25:00+00:00
Round 10 remains pending - 64 minutes until start
  Round Start: 2026-08-18 13:25:00+00:00
Updating drives...
Round 10 remains pending - 64 minutes until start
Updating drives...
Checking drive 5 (VNSGU Google Drive 2026-27) - Current status: published
Checking drive 5 (VNSGU Google Drive 2026-27) - Current status: published
Update complete - Drives: [], Rounds: []
============================================================
Update complete - Drives: [], Rounds: []
============================================================
============================================================
Starting AutoStatusService.update_all()
Current time: 2026-08-18 12:21:28.154058+00:00
============================================================
Updating rounds...
Checking round 10 - Current status: pending
  Round Start: 2026-08-18 13:25:00+00:00
Round 10 remains pending - 64 minutes until start
Updating drives...
Checking drive 5 (VNSGU Google Drive 2026-27) - Current status: published
Update complete - Drives: [], Rounds: []
============================================================
Middleware triggered by request: /candidate/get-candidate-round-status/4/
============================================================
Starting AutoStatusService.update_all()
Current time: 2026-08-18 12:21:28.187546+00:00
============================================================
Updating rounds...
Middleware triggered by request: /candidate/get-candidate-round-status/5/
============================================================
Starting AutoStatusService.update_all()
Current time: 2026-08-18 12:21:28.195424+00:00
============================================================
Updating rounds...
Checking round 10 - Current status: pending
Checking round 10 - Current status: pending
  Round Start: 2026-08-18 13:25:00+00:00
Round 10 remains pending - 64 minutes until start
  Round Start: 2026-08-18 13:25:00+00:00
Updating drives...
Round 10 remains pending - 64 minutes until start
Updating drives...
Checking drive 5 (VNSGU Google Drive 2026-27) - Current status: published
Checking drive 5 (VNSGU Google Drive 2026-27) - Current status: published
Update complete - Drives: [], Rounds: []
Update complete - Drives: [], Rounds: []
============================================================
============================================================
Middleware triggered by request: /candidate/get-candidate-round-status/4/
============================================================
Starting AutoStatusService.update_all()
Current time: 2026-08-18 12:21:28.369778+00:00
============================================================
Updating rounds...
Middleware triggered by request: /candidate/get-candidate-round-status/2/
============================================================
Starting AutoStatusService.update_all()
Current time: 2026-08-18 12:21:28.374737+00:00
============================================================
Updating rounds...
Checking round 10 - Current status: pending
  Round Start: 2026-08-18 13:25:00+00:00
Round 10 remains pending - 64 minutes until start
Updating drives...
Checking drive 5 (VNSGU Google Drive 2026-27) - Current status: published
Checking round 10 - Current status: pending
Update complete - Drives: [], Rounds: []
  Round Start: 2026-08-18 13:25:00+00:00
============================================================
Round 10 remains pending - 64 minutes until start
Updating drives...
Checking drive 5 (VNSGU Google Drive 2026-27) - Current status: published
Update complete - Drives: [], Rounds: []
============================================================
Middleware triggered by request: /candidate/get-candidate-round-status/2/
============================================================
Starting AutoStatusService.update_all()
Current time: 2026-08-18 12:21:28.515109+00:00
============================================================
Updating rounds...
Middleware triggered by request: /candidate/get-candidate-profile/
============================================================
Starting AutoStatusService.update_all()
Current time: 2026-08-18 12:21:28.524243+00:00
============================================================
Updating rounds...
Checking round 10 - Current status: pending
  Round Start: 2026-08-18 13:25:00+00:00
Round 10 remains pending - 64 minutes until start
Updating drives...
Checking drive 5 (VNSGU Google Drive 2026-27) - Current status: published
Update complete - Drives: [], Rounds: []
============================================================
Checking round 10 - Current status: pending
  Round Start: 2026-08-18 13:25:00+00:00
Round 10 remains pending - 64 minutes until start
Updating drives...
Checking drive 5 (VNSGU Google Drive 2026-27) - Current status: published
Update complete - Drives: [], Rounds: []
============================================================
Middleware triggered by request: /candidate/get-candidate-profile/
============================================================
Starting AutoStatusService.update_all()
Current time: 2026-08-18 12:21:28.678608+00:00
============================================================
Updating rounds...
Checking round 10 - Current status: pending
  Round Start: 2026-08-18 13:25:00+00:00
Round 10 remains pending - 64 minutes until start
Updating drives...
Checking drive 5 (VNSGU Google Drive 2026-27) - Current status: published
Update complete - Drives: [], Rounds: []
============================================================
============================================================
Starting AutoStatusService.update_all()
Current time: 2026-08-18 12:22:58.596979+00:00
============================================================
Updating rounds...
Checking round 10 - Current status: pending
  Round Start: 2026-08-18 13:25:00+00:00
Round 10 remains pending - 62 minutes until start
Updating drives...
Checking drive 5 (VNSGU Google Drive 2026-27) - Current status: published
Update complete - Drives: [], Rounds: []
============================================================
============================================================
Starting AutoStatusService.update_all()
Current time: 2026-08-18 12:22:58.755095+00:00
============================================================
Updating rounds...
Checking round 10 - Current status: pending
  Round Start: 2026-08-18 13:25:00+00:00
Round 10 remains pending - 62 minutes until start
Updating drives...
Checking drive 5 (VNSGU Google Drive 2026-27) - Current status: published
Update complete - Drives: [], Rounds: []
============================================================
Drive 1 is completed, skipping
Drive 1 is completed, skipping
============================================================
Starting AutoStatusService.update_all()
Current time: 2026-08-18 12:23:39.082817+00:00
============================================================
Updating rounds...
Checking round 10 - Current status: pending
  Round Start: 2026-08-18 13:25:00+00:00
Round 10 remains pending - 61 minutes until start
Updating drives...
Checking drive 5 (VNSGU Google Drive 2026-27) - Current status: published
Update complete - Drives: [], Rounds: []
============================================================
============================================================
Starting AutoStatusService.update_all()
Current time: 2026-08-18 12:23:39.231936+00:00
============================================================
Updating rounds...
Checking round 10 - Current status: pending
  Round Start: 2026-08-18 13:25:00+00:00
Round 10 remains pending - 61 minutes until start
Updating drives...
Checking drive 5 (VNSGU Google Drive 2026-27) - Current status: published
Update complete - Drives: [], Rounds: []
============================================================
============================================================
Starting AutoStatusService.update_all()
Current time: 2026-08-18 12:27:58.324961+00:00
============================================================
Updating rounds...
Checking round 10 - Current status: pending
  Round Start: 2026-08-18 13:25:00+00:00
Round 10 remains pending - 57 minutes until start
Updating drives...
Checking drive 5 (VNSGU Google Drive 2026-27) - Current status: published
Update complete - Drives: [], Rounds: []
============================================================
============================================================
Starting AutoStatusService.update_all()
Current time: 2026-08-18 12:27:58.534402+00:00
============================================================
Updating rounds...
Checking round 10 - Current status: pending
  Round Start: 2026-08-18 13:25:00+00:00
Round 10 remains pending - 57 minutes until start
Updating drives...
Checking drive 5 (VNSGU Google Drive 2026-27) - Current status: published
Update complete - Drives: [], Rounds: []
============================================================
Drive 2 is completed, skipping
Drive 2 is completed, skipping
============================================================
Starting AutoStatusService.update_all()
Current time: 2026-08-18 12:28:02.685250+00:00
============================================================
Updating rounds...
Checking round 10 - Current status: pending
  Round Start: 2026-08-18 13:25:00+00:00
Round 10 remains pending - 57 minutes until start
Updating drives...
Checking drive 5 (VNSGU Google Drive 2026-27) - Current status: published
Update complete - Drives: [], Rounds: []
============================================================
============================================================
Starting AutoStatusService.update_all()
Current time: 2026-08-18 12:28:02.908349+00:00
============================================================
Updating rounds...
Checking round 10 - Current status: pending
  Round Start: 2026-08-18 13:25:00+00:00
Round 10 remains pending - 57 minutes until start
Updating drives...
Checking drive 5 (VNSGU Google Drive 2026-27) - Current status: published
Update complete - Drives: [], Rounds: []
============================================================
Drive 1 is completed, skipping
Drive 1 is completed, skipping
============================================================
Starting AutoStatusService.update_all()
Current time: 2026-08-18 12:28:47.819482+00:00
============================================================
Updating rounds...
Checking round 10 - Current status: pending
  Round Start: 2026-08-18 13:25:00+00:00
Round 10 remains pending - 56 minutes until start
Updating drives...
Checking drive 5 (VNSGU Google Drive 2026-27) - Current status: published
Update complete - Drives: [], Rounds: []
============================================================
============================================================
Starting AutoStatusService.update_all()
Current time: 2026-08-18 12:28:47.999195+00:00
============================================================
Updating rounds...
Checking round 10 - Current status: pending
  Round Start: 2026-08-18 13:25:00+00:00
Round 10 remains pending - 56 minutes until start
Updating drives...
Checking drive 5 (VNSGU Google Drive 2026-27) - Current status: published
Update complete - Drives: [], Rounds: []
============================================================
Drive 1 is completed, skipping
Drive 1 is completed, skipping
============================================================
Starting AutoStatusService.update_all()
Current time: 2026-08-18 12:29:10.397440+00:00
============================================================
Updating rounds...
Checking round 10 - Current status: pending
  Round Start: 2026-08-18 13:25:00+00:00
Round 10 remains pending - 56 minutes until start
Updating drives...
Checking drive 5 (VNSGU Google Drive 2026-27) - Current status: published
Update complete - Drives: [], Rounds: []
============================================================
============================================================
Starting AutoStatusService.update_all()
Current time: 2026-08-18 12:29:10.617692+00:00
============================================================
Updating rounds...
Checking round 10 - Current status: pending
  Round Start: 2026-08-18 13:25:00+00:00
Round 10 remains pending - 56 minutes until start
Updating drives...
Checking drive 5 (VNSGU Google Drive 2026-27) - Current status: published
Update complete - Drives: [], Rounds: []
============================================================
============================================================
Starting AutoStatusService.update_all()
Current time: 2026-08-18 12:30:48.828331+00:00
============================================================
Updating rounds...
Checking round 10 - Current status: pending
  Round Start: 2026-08-18 13:25:00+00:00
Round 10 remains pending - 54 minutes until start
Updating drives...
Checking drive 5 (VNSGU Google Drive 2026-27) - Current status: published
Update complete - Drives: [], Rounds: []
============================================================
============================================================
Starting AutoStatusService.update_all()
Current time: 2026-08-18 12:30:49.079069+00:00
============================================================
Updating rounds...
Checking round 10 - Current status: pending
  Round Start: 2026-08-18 13:25:00+00:00
Round 10 remains pending - 54 minutes until start
Updating drives...
Checking drive 5 (VNSGU Google Drive 2026-27) - Current status: published
Update complete - Drives: [], Rounds: []
============================================================
============================================================
Starting AutoStatusService.update_all()
Current time: 2026-08-18 12:30:55.157661+00:00
============================================================
Updating rounds...
Checking round 10 - Current status: pending
  Round Start: 2026-08-18 13:25:00+00:00
Round 10 remains pending - 54 minutes until start
Updating drives...
Checking drive 5 (VNSGU Google Drive 2026-27) - Current status: published
Update complete - Drives: [], Rounds: []
============================================================
============================================================
Starting AutoStatusService.update_all()
Current time: 2026-08-18 12:30:55.346129+00:00
============================================================
Updating rounds...
Checking round 10 - Current status: pending
  Round Start: 2026-08-18 13:25:00+00:00
Round 10 remains pending - 54 minutes until start
Updating drives...
Checking drive 5 (VNSGU Google Drive 2026-27) - Current status: published
Update complete - Drives: [], Rounds: []
============================================================
Drive 1 is completed, skipping
Drive 1 is completed, skipping
============================================================
Starting AutoStatusService.update_all()
Current time: 2026-08-18 12:30:59.747368+00:00
============================================================
Updating rounds...
Checking round 10 - Current status: pending
  Round Start: 2026-08-18 13:25:00+00:00
Round 10 remains pending - 54 minutes until start
Updating drives...
Checking drive 5 (VNSGU Google Drive 2026-27) - Current status: published
Update complete - Drives: [], Rounds: []
============================================================
============================================================
Starting AutoStatusService.update_all()
Current time: 2026-08-18 12:30:59.969432+00:00
============================================================
Updating rounds...
Checking round 10 - Current status: pending
  Round Start: 2026-08-18 13:25:00+00:00
Round 10 remains pending - 54 minutes until start
Updating drives...
Checking drive 5 (VNSGU Google Drive 2026-27) - Current status: published
Update complete - Drives: [], Rounds: []
============================================================
Drive 1 is completed, skipping
Drive 1 is completed, skipping
============================================================
Starting AutoStatusService.update_all()
Current time: 2026-08-18 12:31:05.249937+00:00
============================================================
Updating rounds...
Checking round 10 - Current status: pending
  Round Start: 2026-08-18 13:25:00+00:00
Round 10 remains pending - 54 minutes until start
Updating drives...
Checking drive 5 (VNSGU Google Drive 2026-27) - Current status: published
Update complete - Drives: [], Rounds: []
============================================================
============================================================
Starting AutoStatusService.update_all()
Current time: 2026-08-18 12:31:05.464973+00:00
============================================================
Updating rounds...
Checking round 10 - Current status: pending
  Round Start: 2026-08-18 13:25:00+00:00
Round 10 remains pending - 54 minutes until start
Updating drives...
Checking drive 5 (VNSGU Google Drive 2026-27) - Current status: published
Update complete - Drives: [], Rounds: []
============================================================
============================================================
Starting AutoStatusService.update_all()
Current time: 2026-08-18 12:33:11.342133+00:00
============================================================
Updating rounds...
Checking round 10 - Current status: pending
  Round Start: 2026-08-18 13:25:00+00:00
Round 10 remains pending - 52 minutes until start
Updating drives...
Checking drive 5 (VNSGU Google Drive 2026-27) - Current status: published
Update complete - Drives: [], Rounds: []
============================================================
============================================================
Starting AutoStatusService.update_all()
Current time: 2026-08-18 12:33:11.550853+00:00
============================================================
Updating rounds...
Checking round 10 - Current status: pending
  Round Start: 2026-08-18 13:25:00+00:00
Round 10 remains pending - 52 minutes until start
Updating drives...
Checking drive 5 (VNSGU Google Drive 2026-27) - Current status: published
Update complete - Drives: [], Rounds: []
============================================================
Checking drive 5 (VNSGU Google Drive 2026-27) - Current status: published
Checking round 10 - Current status: pending
  Round Start: 2026-08-18 13:25:00+00:00
Round 10 remains pending - 52 minutes until start
Checking drive 5 (VNSGU Google Drive 2026-27) - Current status: published
Checking round 10 - Current status: pending
  Round Start: 2026-08-18 13:25:00+00:00
Round 10 remains pending - 52 minutes until start
Checking drive 5 (VNSGU Google Drive 2026-27) - Current status: published
Checking round 10 - Current status: pending
  Round Start: 2026-08-18 13:25:00+00:00
Round 10 remains pending - 51 minutes until start
Checking drive 5 (VNSGU Google Drive 2026-27) - Current status: published
Checking round 10 - Current status: pending
  Round Start: 2026-08-18 13:25:00+00:00
Round 10 remains pending - 51 minutes until start
============================================================
Starting AutoStatusService.update_all()
Current time: 2026-08-18 12:39:47.361626+00:00
============================================================
Updating rounds...
Checking round 10 - Current status: pending
  Round Start: 2026-08-18 13:25:00+00:00
Round 10 remains pending - 45 minutes until start
Updating drives...
Checking drive 5 (VNSGU Google Drive 2026-27) - Current status: published
Update complete - Drives: [], Rounds: []
============================================================
============================================================
Starting AutoStatusService.update_all()
Current time: 2026-08-18 12:39:47.559801+00:00
============================================================
Updating rounds...
Checking round 10 - Current status: pending
  Round Start: 2026-08-18 13:25:00+00:00
Round 10 remains pending - 45 minutes until start
Updating drives...
Checking drive 5 (VNSGU Google Drive 2026-27) - Current status: published
Update complete - Drives: [], Rounds: []
============================================================
============================================================
Starting AutoStatusService.update_all()
Current time: 2026-08-18 12:39:52.044636+00:00
============================================================
Updating rounds...
Checking round 10 - Current status: pending
  Round Start: 2026-08-18 13:25:00+00:00
Round 10 remains pending - 45 minutes until start
Updating drives...
Checking drive 5 (VNSGU Google Drive 2026-27) - Current status: published
Update complete - Drives: [], Rounds: []
============================================================
============================================================
Starting AutoStatusService.update_all()
Current time: 2026-08-18 12:39:52.223932+00:00
============================================================
Updating rounds...
Checking round 10 - Current status: pending
  Round Start: 2026-08-18 13:25:00+00:00
Round 10 remains pending - 45 minutes until start
Updating drives...
Checking drive 5 (VNSGU Google Drive 2026-27) - Current status: published
Update complete - Drives: [], Rounds: []
============================================================
============================================================
Starting AutoStatusService.update_all()
Current time: 2026-08-18 12:39:55.558108+00:00
============================================================
Updating rounds...
Checking round 10 - Current status: pending
  Round Start: 2026-08-18 13:25:00+00:00
Round 10 remains pending - 45 minutes until start
Updating drives...
Checking drive 5 (VNSGU Google Drive 2026-27) - Current status: published
Update complete - Drives: [], Rounds: []
============================================================
============================================================
Starting AutoStatusService.update_all()
Current time: 2026-08-18 12:39:55.742515+00:00
============================================================
Updating rounds...
Checking round 10 - Current status: pending
  Round Start: 2026-08-18 13:25:00+00:00
Round 10 remains pending - 45 minutes until start
Updating drives...
Checking drive 5 (VNSGU Google Drive 2026-27) - Current status: published
Update complete - Drives: [], Rounds: []
============================================================
============================================================
Starting AutoStatusService.update_all()
Current time: 2026-08-18 12:40:02.823786+00:00
============================================================
Updating rounds...
Checking round 10 - Current status: pending
  Round Start: 2026-08-18 13:25:00+00:00
Round 10 remains pending - 45 minutes until start
Updating drives...
Checking drive 5 (VNSGU Google Drive 2026-27) - Current status: published
Update complete - Drives: [], Rounds: []
============================================================
============================================================
Starting AutoStatusService.update_all()
Current time: 2026-08-18 12:40:03.014850+00:00
============================================================
Updating rounds...
Checking round 10 - Current status: pending
  Round Start: 2026-08-18 13:25:00+00:00
Round 10 remains pending - 45 minutes until start
Updating drives...
Checking drive 5 (VNSGU Google Drive 2026-27) - Current status: published
Update complete - Drives: [], Rounds: []
============================================================
Drive 1 is completed, skipping
Drive 1 is completed, skipping
============================================================
Starting AutoStatusService.update_all()
Current time: 2026-08-18 12:40:09.769885+00:00
============================================================
Updating rounds...
Checking round 10 - Current status: pending
  Round Start: 2026-08-18 13:25:00+00:00
Round 10 remains pending - 45 minutes until start
Updating drives...
Checking drive 5 (VNSGU Google Drive 2026-27) - Current status: published
Update complete - Drives: [], Rounds: []
============================================================
============================================================
Starting AutoStatusService.update_all()
Current time: 2026-08-18 12:40:09.960672+00:00
============================================================
Updating rounds...
Checking round 10 - Current status: pending
  Round Start: 2026-08-18 13:25:00+00:00
Round 10 remains pending - 45 minutes until start
Updating drives...
Checking drive 5 (VNSGU Google Drive 2026-27) - Current status: published
Update complete - Drives: [], Rounds: []
============================================================
Checking drive 5 (VNSGU Google Drive 2026-27) - Current status: published
Checking round 10 - Current status: pending
  Round Start: 2026-08-18 13:25:00+00:00
Round 10 remains pending - 45 minutes until start
Checking drive 5 (VNSGU Google Drive 2026-27) - Current status: published
Checking round 10 - Current status: pending
  Round Start: 2026-08-18 13:25:00+00:00
Round 10 remains pending - 45 minutes until start
============================================================
Starting AutoStatusService.update_all()
Current time: 2026-08-18 12:40:29.413868+00:00
============================================================
Updating rounds...
Checking round 10 - Current status: pending
  Round Start: 2026-08-18 13:25:00+00:00
Round 10 remains pending - 45 minutes until start
Updating drives...
Checking drive 5 (VNSGU Google Drive 2026-27) - Current status: published
Update complete - Drives: [], Rounds: []
============================================================
============================================================
Starting AutoStatusService.update_all()
Current time: 2026-08-18 12:40:29.620465+00:00
============================================================
Updating rounds...
Checking round 10 - Current status: pending
  Round Start: 2026-08-18 13:25:00+00:00
Round 10 remains pending - 45 minutes until start
Updating drives...
Checking drive 5 (VNSGU Google Drive 2026-27) - Current status: published
Update complete - Drives: [], Rounds: []
============================================================
============================================================
Starting AutoStatusService.update_all()
Current time: 2026-08-18 12:40:33.881276+00:00
============================================================
Updating rounds...
Checking round 10 - Current status: pending
  Round Start: 2026-08-18 13:25:00+00:00
Round 10 remains pending - 44 minutes until start
Updating drives...
Checking drive 5 (VNSGU Google Drive 2026-27) - Current status: published
Update complete - Drives: [], Rounds: []
============================================================
============================================================
Starting AutoStatusService.update_all()
Current time: 2026-08-18 12:40:34.096693+00:00
============================================================
Updating rounds...
Checking round 10 - Current status: pending
  Round Start: 2026-08-18 13:25:00+00:00
Round 10 remains pending - 44 minutes until start
Updating drives...
Checking drive 5 (VNSGU Google Drive 2026-27) - Current status: published
Update complete - Drives: [], Rounds: []
============================================================
Checking drive 5 (VNSGU Google Drive 2026-27) - Current status: published
Checking round 10 - Current status: pending
  Round Start: 2026-08-18 13:25:00+00:00
Round 10 remains pending - 44 minutes until start
Checking drive 5 (VNSGU Google Drive 2026-27) - Current status: published
Checking round 10 - Current status: pending
  Round Start: 2026-08-18 13:25:00+00:00
Round 10 remains pending - 44 minutes until start
Checking drive 5 (VNSGU Google Drive 2026-27) - Current status: published
Checking round 10 - Current status: pending
  Round Start: 2026-08-18 13:25:00+00:00
Round 10 remains pending - 44 minutes until start
Checking drive 5 (VNSGU Google Drive 2026-27) - Current status: published
Checking round 10 - Current status: pending
  Round Start: 2026-08-18 13:25:00+00:00
Round 10 remains pending - 44 minutes until start
============================================================
Starting AutoStatusService.update_all()
Current time: 2026-08-18 12:40:47.599791+00:00
============================================================
Updating rounds...
Checking round 10 - Current status: pending
  Round Start: 2026-08-18 13:25:00+00:00
Round 10 remains pending - 44 minutes until start
Updating drives...
Checking drive 5 (VNSGU Google Drive 2026-27) - Current status: published
Update complete - Drives: [], Rounds: []
============================================================
============================================================
Starting AutoStatusService.update_all()
Current time: 2026-08-18 12:40:47.798970+00:00
============================================================
Updating rounds...
Checking round 10 - Current status: pending
  Round Start: 2026-08-18 13:25:00+00:00
Round 10 remains pending - 44 minutes until start
Updating drives...
Checking drive 5 (VNSGU Google Drive 2026-27) - Current status: published
Update complete - Drives: [], Rounds: []
============================================================
Middleware triggered by request: /candidate/get-available-drives/
============================================================
Starting AutoStatusService.update_all()
Current time: 2026-08-18 12:50:57.704161+00:00
============================================================
Updating rounds...
Checking round 10 - Current status: pending
  Round Start: 2026-08-18 13:25:00+00:00
Round 10 remains pending - 34 minutes until start
Updating drives...
Checking drive 5 (VNSGU Google Drive 2026-27) - Current status: published
Update complete - Drives: [], Rounds: []
============================================================
============================================================
Starting AutoStatusService.update_all()
Current time: 2026-08-18 12:50:57.783608+00:00
============================================================
Updating rounds...
Checking round 10 - Current status: pending
  Round Start: 2026-08-18 13:25:00+00:00
Round 10 remains pending - 34 minutes until start
Updating drives...
Checking drive 5 (VNSGU Google Drive 2026-27) - Current status: published
Update complete - Drives: [], Rounds: []
============================================================
Middleware triggered by request: /candidate/get-available-drives/
============================================================
Starting AutoStatusService.update_all()
Current time: 2026-08-18 12:50:57.803722+00:00
============================================================
Updating rounds...
Middleware triggered by request: /candidate/get-candidate-round-status/5/
============================================================
Starting AutoStatusService.update_all()
Current time: 2026-08-18 12:50:57.808413+00:00
============================================================
Updating rounds...
============================================================
Starting AutoStatusService.update_all()
Current time: 2026-08-18 12:50:57.837359+00:00
============================================================
Updating rounds...
Checking round 10 - Current status: pending
  Round Start: 2026-08-18 13:25:00+00:00
Round 10 remains pending - 34 minutes until start
Updating drives...
Checking drive 5 (VNSGU Google Drive 2026-27) - Current status: published
Update complete - Drives: [], Rounds: []
============================================================
Checking round 10 - Current status: pending
  Round Start: 2026-08-18 13:25:00+00:00
Round 10 remains pending - 34 minutes until start
Updating drives...
Checking round 10 - Current status: pending
  Round Start: 2026-08-18 13:25:00+00:00
Round 10 remains pending - 34 minutes until start
Updating drives...
Checking drive 5 (VNSGU Google Drive 2026-27) - Current status: published
Update complete - Drives: [], Rounds: []
============================================================
Checking drive 5 (VNSGU Google Drive 2026-27) - Current status: published
Update complete - Drives: [], Rounds: []
============================================================
============================================================
Starting AutoStatusService.update_all()
Current time: 2026-08-18 12:50:57.906497+00:00
============================================================
Updating rounds...
Checking round 10 - Current status: pending
  Round Start: 2026-08-18 13:25:00+00:00
Round 10 remains pending - 34 minutes until start
Updating drives...
Checking drive 5 (VNSGU Google Drive 2026-27) - Current status: published
Update complete - Drives: [], Rounds: []
============================================================
Middleware triggered by request: /candidate/get-candidate-round-status/4/
============================================================
Starting AutoStatusService.update_all()
Current time: 2026-08-18 12:50:57.921133+00:00
============================================================
Updating rounds...
Middleware triggered by request: /candidate/get-candidate-round-status/5/
============================================================
Starting AutoStatusService.update_all()
Current time: 2026-08-18 12:50:57.935772+00:00
============================================================
Updating rounds...
============================================================
Starting AutoStatusService.update_all()
Current time: 2026-08-18 12:50:57.956010+00:00
============================================================
Updating rounds...
Checking round 10 - Current status: pending
  Round Start: 2026-08-18 13:25:00+00:00
Round 10 remains pending - 34 minutes until start
Updating drives...
Checking drive 5 (VNSGU Google Drive 2026-27) - Current status: published
Update complete - Drives: [], Rounds: []
============================================================
Checking round 10 - Current status: pending
  Round Start: 2026-08-18 13:25:00+00:00
Round 10 remains pending - 34 minutes until start
Updating drives...
Checking drive 5 (VNSGU Google Drive 2026-27) - Current status: published
Update complete - Drives: [], Rounds: []
============================================================
Checking round 10 - Current status: pending
  Round Start: 2026-08-18 13:25:00+00:00
Round 10 remains pending - 34 minutes until start
Updating drives...
Checking drive 5 (VNSGU Google Drive 2026-27) - Current status: published
Update complete - Drives: [], Rounds: []
============================================================
Middleware triggered by request: /candidate/get-candidate-round-status/2/
============================================================
Starting AutoStatusService.update_all()
Current time: 2026-08-18 12:50:58.041203+00:00
============================================================
Updating rounds...
Middleware triggered by request: /candidate/get-candidate-round-status/4/
============================================================
Starting AutoStatusService.update_all()
Current time: 2026-08-18 12:50:58.050346+00:00
============================================================
Updating rounds...
Checking round 10 - Current status: pending
  Round Start: 2026-08-18 13:25:00+00:00
Round 10 remains pending - 34 minutes until start
Updating drives...
Checking drive 5 (VNSGU Google Drive 2026-27) - Current status: published
Update complete - Drives: [], Rounds: []
Checking round 10 - Current status: pending
  Round Start: 2026-08-18 13:25:00+00:00
============================================================
Round 10 remains pending - 34 minutes until start
Updating drives...
Checking drive 5 (VNSGU Google Drive 2026-27) - Current status: published
Update complete - Drives: [], Rounds: []
============================================================
Middleware triggered by request: /candidate/get-candidate-profile/
============================================================
Starting AutoStatusService.update_all()
Current time: 2026-08-18 12:50:58.138713+00:00
============================================================
Updating rounds...
Middleware triggered by request: /candidate/get-candidate-round-status/2/
============================================================
Starting AutoStatusService.update_all()
Current time: 2026-08-18 12:50:58.157332+00:00
============================================================
Updating rounds...
Checking round 10 - Current status: pending
  Round Start: 2026-08-18 13:25:00+00:00
Round 10 remains pending - 34 minutes until start
Updating drives...
Checking drive 5 (VNSGU Google Drive 2026-27) - Current status: published
Update complete - Drives: [], Rounds: []
============================================================
Checking round 10 - Current status: pending
  Round Start: 2026-08-18 13:25:00+00:00
Round 10 remains pending - 34 minutes until start
Updating drives...
Checking drive 5 (VNSGU Google Drive 2026-27) - Current status: published
Update complete - Drives: [], Rounds: []
============================================================
Middleware triggered by request: /candidate/get-candidate-profile/
============================================================
Starting AutoStatusService.update_all()
Current time: 2026-08-18 12:50:58.246324+00:00
============================================================
Updating rounds...
Checking round 10 - Current status: pending
  Round Start: 2026-08-18 13:25:00+00:00
Round 10 remains pending - 34 minutes until start
Updating drives...
Checking drive 5 (VNSGU Google Drive 2026-27) - Current status: published
Update complete - Drives: [], Rounds: []
============================================================
Middleware triggered by request: /candidate/get-available-drives/
============================================================
Starting AutoStatusService.update_all()
Current time: 2026-08-18 12:53:50.210270+00:00
============================================================
Updating rounds...
Checking round 10 - Current status: pending
  Round Start: 2026-08-18 13:25:00+00:00
Round 10 remains pending - 31 minutes until start
Updating drives...
Checking drive 5 (VNSGU Google Drive 2026-27) - Current status: published
Update complete - Drives: [], Rounds: []
============================================================
============================================================
Starting AutoStatusService.update_all()
Current time: 2026-08-18 12:53:50.471619+00:00
============================================================
Updating rounds...
Checking round 10 - Current status: pending
  Round Start: 2026-08-18 13:25:00+00:00
Round 10 remains pending - 31 minutes until start
Updating drives...
Checking drive 5 (VNSGU Google Drive 2026-27) - Current status: published
Update complete - Drives: [], Rounds: []
============================================================
============================================================
Starting AutoStatusService.update_all()
Current time: 2026-08-18 12:53:50.518874+00:00
============================================================
Middleware triggered by request: /candidate/get-available-drives/
Updating rounds...
============================================================
Starting AutoStatusService.update_all()
Current time: 2026-08-18 12:53:50.527004+00:00
============================================================
Updating rounds...
Middleware triggered by request: /candidate/get-candidate-round-status/5/
============================================================
Starting AutoStatusService.update_all()
Current time: 2026-08-18 12:53:50.533293+00:00
============================================================
Updating rounds...
Checking round 10 - Current status: pending
  Round Start: 2026-08-18 13:25:00+00:00
Round 10 remains pending - 31 minutes until start
Updating drives...
Checking drive 5 (VNSGU Google Drive 2026-27) - Current status: published
Update complete - Drives: [], Rounds: []
============================================================
Checking round 10 - Current status: pending
  Round Start: 2026-08-18 13:25:00+00:00
Round 10 remains pending - 31 minutes until start
Updating drives...
Checking round 10 - Current status: pending
  Round Start: 2026-08-18 13:25:00+00:00
Round 10 remains pending - 31 minutes until start
Updating drives...
Checking drive 5 (VNSGU Google Drive 2026-27) - Current status: published
Update complete - Drives: [], Rounds: []
============================================================
Checking drive 5 (VNSGU Google Drive 2026-27) - Current status: published
Update complete - Drives: [], Rounds: []
============================================================
============================================================
Starting AutoStatusService.update_all()
Current time: 2026-08-18 12:53:50.657351+00:00
============================================================
Updating rounds...
Checking round 10 - Current status: pending
  Round Start: 2026-08-18 13:25:00+00:00
Round 10 remains pending - 31 minutes until start
Updating drives...
Checking drive 5 (VNSGU Google Drive 2026-27) - Current status: published
Update complete - Drives: [], Rounds: []
============================================================
Middleware triggered by request: /candidate/get-candidate-round-status/4/
============================================================
============================================================
Starting AutoStatusService.update_all()
Starting AutoStatusService.update_all()
Current time: 2026-08-18 12:53:50.687632+00:00
Current time: 2026-08-18 12:53:50.688915+00:00
============================================================
Updating rounds...
============================================================
Middleware triggered by request: /candidate/get-candidate-round-status/5/
Updating rounds...
============================================================
Starting AutoStatusService.update_all()
Current time: 2026-08-18 12:53:50.698263+00:00
============================================================
Updating rounds...
Checking round 10 - Current status: pending
  Round Start: 2026-08-18 13:25:00+00:00
Round 10 remains pending - 31 minutes until start
Updating drives...
Checking drive 5 (VNSGU Google Drive 2026-27) - Current status: published
Update complete - Drives: [], Rounds: []
============================================================
Checking round 10 - Current status: pending
  Round Start: 2026-08-18 13:25:00+00:00
Round 10 remains pending - 31 minutes until start
Updating drives...
Checking round 10 - Current status: pending
  Round Start: 2026-08-18 13:25:00+00:00
Round 10 remains pending - 31 minutes until start
Updating drives...
Checking drive 5 (VNSGU Google Drive 2026-27) - Current status: published
Checking drive 5 (VNSGU Google Drive 2026-27) - Current status: published
Update complete - Drives: [], Rounds: []
============================================================
Update complete - Drives: [], Rounds: []
============================================================
Middleware triggered by request: /candidate/get-candidate-round-status/4/
============================================================
Starting AutoStatusService.update_all()
Current time: 2026-08-18 12:53:50.843846+00:00
============================================================
Updating rounds...
Middleware triggered by request: /candidate/get-candidate-round-status/2/
============================================================
Starting AutoStatusService.update_all()
Current time: 2026-08-18 12:53:50.847491+00:00
============================================================
Updating rounds...
Checking round 10 - Current status: pending
  Round Start: 2026-08-18 13:25:00+00:00
Round 10 remains pending - 31 minutes until start
Updating drives...
Checking drive 5 (VNSGU Google Drive 2026-27) - Current status: published
Update complete - Drives: [], Rounds: []
============================================================
Checking round 10 - Current status: pending
  Round Start: 2026-08-18 13:25:00+00:00
Round 10 remains pending - 31 minutes until start
Updating drives...
Checking drive 5 (VNSGU Google Drive 2026-27) - Current status: published
Update complete - Drives: [], Rounds: []
============================================================
Middleware triggered by request: /candidate/get-candidate-round-status/2/
============================================================
Starting AutoStatusService.update_all()
Current time: 2026-08-18 12:53:50.961158+00:00
============================================================
Updating rounds...
Middleware triggered by request: /candidate/get-candidate-profile/
============================================================
Starting AutoStatusService.update_all()
Current time: 2026-08-18 12:53:50.965211+00:00
============================================================
Updating rounds...
Checking round 10 - Current status: pending
  Round Start: 2026-08-18 13:25:00+00:00
Round 10 remains pending - 31 minutes until start
Updating drives...
Checking round 10 - Current status: pending
  Round Start: 2026-08-18 13:25:00+00:00
Round 10 remains pending - 31 minutes until start
Updating drives...
Checking drive 5 (VNSGU Google Drive 2026-27) - Current status: published
Update complete - Drives: [], Rounds: []
============================================================
Checking drive 5 (VNSGU Google Drive 2026-27) - Current status: published
Update complete - Drives: [], Rounds: []
============================================================
Middleware triggered by request: /candidate/get-candidate-profile/
============================================================
Starting AutoStatusService.update_all()
Current time: 2026-08-18 12:53:51.089200+00:00
============================================================
Updating rounds...
Checking round 10 - Current status: pending
  Round Start: 2026-08-18 13:25:00+00:00
Round 10 remains pending - 31 minutes until start
Updating drives...
Checking drive 5 (VNSGU Google Drive 2026-27) - Current status: published
Update complete - Drives: [], Rounds: []
============================================================
Middleware triggered by request: /candidate/get-available-drives/
============================================================
Starting AutoStatusService.update_all()
Current time: 2026-08-18 12:54:04.897804+00:00
============================================================
Updating rounds...
Checking round 10 - Current status: pending
  Round Start: 2026-08-18 13:25:00+00:00
Round 10 remains pending - 31 minutes until start
Updating drives...
Checking drive 5 (VNSGU Google Drive 2026-27) - Current status: published
Update complete - Drives: [], Rounds: []
============================================================
============================================================
Starting AutoStatusService.update_all()
Current time: 2026-08-18 12:54:05.054537+00:00
============================================================
Updating rounds...
Checking round 10 - Current status: pending
  Round Start: 2026-08-18 13:25:00+00:00
Round 10 remains pending - 31 minutes until start
Updating drives...
Checking drive 5 (VNSGU Google Drive 2026-27) - Current status: published
Update complete - Drives: [], Rounds: []
============================================================
============================================================
Starting AutoStatusService.update_all()
Current time: 2026-08-18 12:54:05.091448+00:00
============================================================
Middleware triggered by request: /candidate/get-available-drives/
Updating rounds...
============================================================
Starting AutoStatusService.update_all()
Current time: 2026-08-18 12:54:05.099314+00:00
Middleware triggered by request: /candidate/get-candidate-round-status/5/
============================================================
Updating rounds...
============================================================
Starting AutoStatusService.update_all()
Current time: 2026-08-18 12:54:05.105565+00:00
============================================================
Updating rounds...
Checking round 10 - Current status: pending
  Round Start: 2026-08-18 13:25:00+00:00
Round 10 remains pending - 31 minutes until start
Updating drives...
Checking drive 5 (VNSGU Google Drive 2026-27) - Current status: published
Update complete - Drives: [], Rounds: []
============================================================
Checking round 10 - Current status: pending
  Round Start: 2026-08-18 13:25:00+00:00
Round 10 remains pending - 31 minutes until start
Updating drives...
Checking drive 5 (VNSGU Google Drive 2026-27) - Current status: published
Update complete - Drives: [], Rounds: []
============================================================
Checking round 10 - Current status: pending
  Round Start: 2026-08-18 13:25:00+00:00
Round 10 remains pending - 31 minutes until start
Updating drives...
Checking drive 5 (VNSGU Google Drive 2026-27) - Current status: published
Update complete - Drives: [], Rounds: []
============================================================
============================================================
Starting AutoStatusService.update_all()
Current time: 2026-08-18 12:54:05.296139+00:00
============================================================
Updating rounds...
Checking round 10 - Current status: pending
  Round Start: 2026-08-18 13:25:00+00:00
Round 10 remains pending - 31 minutes until start
Updating drives...
Checking drive 5 (VNSGU Google Drive 2026-27) - Current status: published
Update complete - Drives: [], Rounds: []
============================================================
Middleware triggered by request: /candidate/get-candidate-round-status/4/
============================================================
============================================================
Starting AutoStatusService.update_all()
Current time: 2026-08-18 12:54:05.341449+00:00
Starting AutoStatusService.update_all()
============================================================
Current time: 2026-08-18 12:54:05.343746+00:00
Updating rounds...
============================================================
Updating rounds...
Middleware triggered by request: /candidate/get-candidate-round-status/5/
============================================================
Starting AutoStatusService.update_all()
Current time: 2026-08-18 12:54:05.354218+00:00
============================================================
Updating rounds...
Checking round 10 - Current status: pending
  Round Start: 2026-08-18 13:25:00+00:00
Round 10 remains pending - 31 minutes until start
Updating drives...
Checking drive 5 (VNSGU Google Drive 2026-27) - Current status: published
Update complete - Drives: [], Rounds: []
============================================================
Checking round 10 - Current status: pending
  Round Start: 2026-08-18 13:25:00+00:00
Round 10 remains pending - 31 minutes until start
Updating drives...
Checking drive 5 (VNSGU Google Drive 2026-27) - Current status: published
Update complete - Drives: [], Rounds: []
============================================================
Checking round 10 - Current status: pending
  Round Start: 2026-08-18 13:25:00+00:00
Round 10 remains pending - 31 minutes until start
Updating drives...
Checking drive 5 (VNSGU Google Drive 2026-27) - Current status: published
Update complete - Drives: [], Rounds: []
============================================================
Middleware triggered by request: /candidate/get-candidate-round-status/4/
Middleware triggered by request: /candidate/get-candidate-round-status/2/
============================================================
============================================================
Starting AutoStatusService.update_all()
Starting AutoStatusService.update_all()
Current time: 2026-08-18 12:54:05.552743+00:00
============================================================
Current time: 2026-08-18 12:54:05.552216+00:00
Updating rounds...
============================================================
Updating rounds...
Checking round 10 - Current status: pending
  Round Start: 2026-08-18 13:25:00+00:00
Round 10 remains pending - 31 minutes until start
Updating drives...
Checking round 10 - Current status: pending
Checking drive 5 (VNSGU Google Drive 2026-27) - Current status: published
  Round Start: 2026-08-18 13:25:00+00:00
Round 10 remains pending - 31 minutes until start
Updating drives...
Update complete - Drives: [], Rounds: []
============================================================
Checking drive 5 (VNSGU Google Drive 2026-27) - Current status: published
Update complete - Drives: [], Rounds: []
============================================================
Middleware triggered by request: /candidate/get-candidate-profile/
============================================================
Starting AutoStatusService.update_all()
Current time: 2026-08-18 12:54:05.751772+00:00
============================================================
Updating rounds...
Middleware triggered by request: /candidate/get-candidate-round-status/2/
============================================================
Starting AutoStatusService.update_all()
Current time: 2026-08-18 12:54:05.802985+00:00
============================================================
Updating rounds...
Checking round 10 - Current status: pending
  Round Start: 2026-08-18 13:25:00+00:00
Round 10 remains pending - 31 minutes until start
Updating drives...
Checking drive 5 (VNSGU Google Drive 2026-27) - Current status: published
Update complete - Drives: [], Rounds: []
============================================================
Checking round 10 - Current status: pending
  Round Start: 2026-08-18 13:25:00+00:00
Round 10 remains pending - 31 minutes until start
Updating drives...
Checking drive 5 (VNSGU Google Drive 2026-27) - Current status: published
Update complete - Drives: [], Rounds: []
============================================================
Middleware triggered by request: /candidate/get-candidate-profile/
============================================================
Starting AutoStatusService.update_all()
Current time: 2026-08-18 12:54:05.984669+00:00
============================================================
Updating rounds...
Checking round 10 - Current status: pending
  Round Start: 2026-08-18 13:25:00+00:00
Round 10 remains pending - 31 minutes until start
Updating drives...
Checking drive 5 (VNSGU Google Drive 2026-27) - Current status: published
Update complete - Drives: [], Rounds: []
============================================================
Middleware triggered by request: /candidate/get-available-drives/
============================================================
Starting AutoStatusService.update_all()
Current time: 2026-08-18 13:00:46.326983+00:00
============================================================
Updating rounds...
Checking round 10 - Current status: pending
  Round Start: 2026-08-18 13:25:00+00:00
Round 10 remains pending - 24 minutes until start
Updating drives...
Checking drive 5 (VNSGU Google Drive 2026-27) - Current status: published
Update complete - Drives: [], Rounds: []
============================================================
============================================================
Starting AutoStatusService.update_all()
Current time: 2026-08-18 13:00:46.470187+00:00
============================================================
Updating rounds...
Checking round 10 - Current status: pending
  Round Start: 2026-08-18 13:25:00+00:00
Round 10 remains pending - 24 minutes until start
Updating drives...
Checking drive 5 (VNSGU Google Drive 2026-27) - Current status: published
Update complete - Drives: [], Rounds: []
============================================================
Middleware triggered by request: /candidate/get-available-drives/
============================================================
Starting AutoStatusService.update_all()
Current time: 2026-08-18 13:00:46.512109+00:00
============================================================
Updating rounds...
Middleware triggered by request: /candidate/get-candidate-round-status/5/
============================================================
Starting AutoStatusService.update_all()
Current time: 2026-08-18 13:00:46.524433+00:00
============================================================
Updating rounds...
Checking round 10 - Current status: pending
  Round Start: 2026-08-18 13:25:00+00:00
Round 10 remains pending - 24 minutes until start
Updating drives...
Checking round 10 - Current status: pending
  Round Start: 2026-08-18 13:25:00+00:00
Round 10 remains pending - 24 minutes until start
Updating drives...
Checking drive 5 (VNSGU Google Drive 2026-27) - Current status: published
Update complete - Drives: [], Rounds: []
============================================================
Checking drive 5 (VNSGU Google Drive 2026-27) - Current status: published
Update complete - Drives: [], Rounds: []
============================================================
============================================================
Starting AutoStatusService.update_all()
Current time: 2026-08-18 13:00:46.682262+00:00
============================================================
Updating rounds...
Checking round 10 - Current status: pending
  Round Start: 2026-08-18 13:25:00+00:00
Round 10 remains pending - 24 minutes until start
Updating drives...
Checking drive 5 (VNSGU Google Drive 2026-27) - Current status: published
Middleware triggered by request: /candidate/get-candidate-round-status/4/
Update complete - Drives: [], Rounds: []
============================================================
============================================================
Starting AutoStatusService.update_all()
Current time: 2026-08-18 13:00:46.709340+00:00
============================================================
Updating rounds...
Middleware triggered by request: /candidate/get-candidate-round-status/5/
============================================================
Starting AutoStatusService.update_all()
Current time: 2026-08-18 13:00:46.734746+00:00
============================================================
Updating rounds...
Checking round 10 - Current status: pending
  Round Start: 2026-08-18 13:25:00+00:00
Round 10 remains pending - 24 minutes until start
Updating drives...
Checking drive 5 (VNSGU Google Drive 2026-27) - Current status: published
Update complete - Drives: [], Rounds: []
Checking round 10 - Current status: pending
============================================================
  Round Start: 2026-08-18 13:25:00+00:00
Round 10 remains pending - 24 minutes until start
Updating drives...
Checking drive 5 (VNSGU Google Drive 2026-27) - Current status: published
Update complete - Drives: [], Rounds: []
============================================================
Middleware triggered by request: /candidate/get-candidate-round-status/4/
============================================================
Starting AutoStatusService.update_all()
Middleware triggered by request: /candidate/get-candidate-round-status/2/
Current time: 2026-08-18 13:00:46.984476+00:00
============================================================
============================================================
Updating rounds...
Starting AutoStatusService.update_all()
Current time: 2026-08-18 13:00:47.006572+00:00
============================================================
Updating rounds...
Checking round 10 - Current status: pending
  Round Start: 2026-08-18 13:25:00+00:00
Round 10 remains pending - 24 minutes until start
Updating drives...
Checking drive 5 (VNSGU Google Drive 2026-27) - Current status: published
Update complete - Drives: [], Rounds: []
============================================================
Checking round 10 - Current status: pending
  Round Start: 2026-08-18 13:25:00+00:00
Round 10 remains pending - 24 minutes until start
Updating drives...
Checking drive 5 (VNSGU Google Drive 2026-27) - Current status: published
Update complete - Drives: [], Rounds: []
============================================================
Middleware triggered by request: /candidate/get-candidate-round-status/2/
============================================================
Starting AutoStatusService.update_all()
Current time: 2026-08-18 13:00:47.270077+00:00
============================================================
Updating rounds...
Middleware triggered by request: /candidate/get-candidate-profile/
============================================================
Starting AutoStatusService.update_all()
Current time: 2026-08-18 13:00:47.282038+00:00
============================================================
Updating rounds...
Checking round 10 - Current status: pending
  Round Start: 2026-08-18 13:25:00+00:00
Round 10 remains pending - 24 minutes until start
Updating drives...
Checking round 10 - Current status: pending
  Round Start: 2026-08-18 13:25:00+00:00
Round 10 remains pending - 24 minutes until start
Updating drives...
Checking drive 5 (VNSGU Google Drive 2026-27) - Current status: published
Checking drive 5 (VNSGU Google Drive 2026-27) - Current status: published
Update complete - Drives: [], Rounds: []
============================================================
Update complete - Drives: [], Rounds: []
============================================================
Middleware triggered by request: /candidate/get-candidate-profile/
============================================================
Starting AutoStatusService.update_all()
Current time: 2026-08-18 13:00:47.490995+00:00
============================================================
Updating rounds...
Checking round 10 - Current status: pending
  Round Start: 2026-08-18 13:25:00+00:00
Round 10 remains pending - 24 minutes until start
Updating drives...
Checking drive 5 (VNSGU Google Drive 2026-27) - Current status: published
Update complete - Drives: [], Rounds: []
============================================================
Middleware triggered by request: /candidate/get-available-drives/
============================================================
Starting AutoStatusService.update_all()
Current time: 2026-08-18 13:00:57.666604+00:00
============================================================
Updating rounds...
Checking round 10 - Current status: pending
  Round Start: 2026-08-18 13:25:00+00:00
Round 10 remains pending - 24 minutes until start
Updating drives...
Checking drive 5 (VNSGU Google Drive 2026-27) - Current status: published
Update complete - Drives: [], Rounds: []
============================================================
============================================================
Starting AutoStatusService.update_all()
Current time: 2026-08-18 13:00:57.806976+00:00
============================================================
Updating rounds...
Checking round 10 - Current status: pending
  Round Start: 2026-08-18 13:25:00+00:00
Round 10 remains pending - 24 minutes until start
Updating drives...
Checking drive 5 (VNSGU Google Drive 2026-27) - Current status: published
Update complete - Drives: [], Rounds: []
============================================================
Middleware triggered by request: /candidate/get-available-drives/
============================================================
Starting AutoStatusService.update_all()
Current time: 2026-08-18 13:00:57.861302+00:00
============================================================
Updating rounds...
Checking round 10 - Current status: pending
  Round Start: 2026-08-18 13:25:00+00:00
Round 10 remains pending - 24 minutes until start
Updating drives...
Checking drive 5 (VNSGU Google Drive 2026-27) - Current status: published
Update complete - Drives: [], Rounds: []
============================================================
============================================================
Starting AutoStatusService.update_all()
Current time: 2026-08-18 13:00:58.028175+00:00
============================================================
Updating rounds...
Checking round 10 - Current status: pending
  Round Start: 2026-08-18 13:25:00+00:00
Round 10 remains pending - 24 minutes until start
Updating drives...
Checking drive 5 (VNSGU Google Drive 2026-27) - Current status: published
Update complete - Drives: [], Rounds: []
============================================================
Middleware triggered by request: /candidate/get-drive-details/5/
============================================================
Starting AutoStatusService.update_all()
Current time: 2026-08-18 13:01:00.591004+00:00
============================================================
Updating rounds...
Checking round 10 - Current status: pending
  Round Start: 2026-08-18 13:25:00+00:00
Round 10 remains pending - 24 minutes until start
Updating drives...
Checking drive 5 (VNSGU Google Drive 2026-27) - Current status: published
Update complete - Drives: [], Rounds: []
============================================================
Middleware triggered by request: /candidate/get-drive-details/5/
============================================================
Starting AutoStatusService.update_all()
Current time: 2026-08-18 13:01:00.766528+00:00
============================================================
Updating rounds...
Checking round 10 - Current status: pending
  Round Start: 2026-08-18 13:25:00+00:00
Round 10 remains pending - 24 minutes until start
Updating drives...
Checking drive 5 (VNSGU Google Drive 2026-27) - Current status: published
Update complete - Drives: [], Rounds: []
============================================================
Middleware triggered by request: /candidate/get-available-drives/
============================================================
Starting AutoStatusService.update_all()
Current time: 2026-08-18 13:01:03.361898+00:00
============================================================
Updating rounds...
Checking round 10 - Current status: pending
  Round Start: 2026-08-18 13:25:00+00:00
Round 10 remains pending - 24 minutes until start
Updating drives...
Checking drive 5 (VNSGU Google Drive 2026-27) - Current status: published
Update complete - Drives: [], Rounds: []
============================================================
============================================================
Starting AutoStatusService.update_all()
Current time: 2026-08-18 13:01:03.525758+00:00
============================================================
Updating rounds...
Checking round 10 - Current status: pending
  Round Start: 2026-08-18 13:25:00+00:00
Round 10 remains pending - 24 minutes until start
Updating drives...
Checking drive 5 (VNSGU Google Drive 2026-27) - Current status: published
Update complete - Drives: [], Rounds: []
============================================================
Middleware triggered by request: /candidate/get-available-drives/
============================================================
Starting AutoStatusService.update_all()
Current time: 2026-08-18 13:01:03.577339+00:00
============================================================
Updating rounds...
Checking round 10 - Current status: pending
  Round Start: 2026-08-18 13:25:00+00:00
Round 10 remains pending - 24 minutes until start
Updating drives...
Checking drive 5 (VNSGU Google Drive 2026-27) - Current status: published
Update complete - Drives: [], Rounds: []
============================================================
============================================================
Starting AutoStatusService.update_all()
Current time: 2026-08-18 13:01:03.731925+00:00
============================================================
Updating rounds...
Checking round 10 - Current status: pending
  Round Start: 2026-08-18 13:25:00+00:00
Round 10 remains pending - 24 minutes until start
Updating drives...
Checking drive 5 (VNSGU Google Drive 2026-27) - Current status: published
Update complete - Drives: [], Rounds: []
============================================================
Middleware triggered by request: /candidate/get-drive-details/5/
============================================================
Starting AutoStatusService.update_all()
Current time: 2026-08-18 13:01:05.997626+00:00
============================================================
Updating rounds...
Checking round 10 - Current status: pending
  Round Start: 2026-08-18 13:25:00+00:00
Round 10 remains pending - 24 minutes until start
Updating drives...
Checking drive 5 (VNSGU Google Drive 2026-27) - Current status: published
Update complete - Drives: [], Rounds: []
============================================================
Middleware triggered by request: /candidate/get-drive-details/5/
============================================================
Starting AutoStatusService.update_all()
Current time: 2026-08-18 13:01:06.270259+00:00
============================================================
Updating rounds...
Checking round 10 - Current status: pending
  Round Start: 2026-08-18 13:25:00+00:00
Round 10 remains pending - 24 minutes until start
Updating drives...
Checking drive 5 (VNSGU Google Drive 2026-27) - Current status: published
Update complete - Drives: [], Rounds: []
============================================================
Middleware triggered by request: /candidate/get-available-drives/
============================================================
Starting AutoStatusService.update_all()
Current time: 2026-08-18 13:01:08.742810+00:00
============================================================
Updating rounds...
Checking round 10 - Current status: pending
  Round Start: 2026-08-18 13:25:00+00:00
Round 10 remains pending - 24 minutes until start
Updating drives...
Checking drive 5 (VNSGU Google Drive 2026-27) - Current status: published
Update complete - Drives: [], Rounds: []
============================================================
============================================================
Starting AutoStatusService.update_all()
Current time: 2026-08-18 13:01:08.912373+00:00
============================================================
Updating rounds...
Checking round 10 - Current status: pending
  Round Start: 2026-08-18 13:25:00+00:00
Round 10 remains pending - 24 minutes until start
Updating drives...
Checking drive 5 (VNSGU Google Drive 2026-27) - Current status: published
Update complete - Drives: [], Rounds: []
============================================================
Middleware triggered by request: /candidate/get-available-drives/
============================================================
Starting AutoStatusService.update_all()
Current time: 2026-08-18 13:01:08.959958+00:00
============================================================
Updating rounds...
Checking round 10 - Current status: pending
  Round Start: 2026-08-18 13:25:00+00:00
Round 10 remains pending - 24 minutes until start
Updating drives...
Checking drive 5 (VNSGU Google Drive 2026-27) - Current status: published
Update complete - Drives: [], Rounds: []
============================================================
============================================================
Starting AutoStatusService.update_all()
Current time: 2026-08-18 13:01:09.121739+00:00
============================================================
Updating rounds...
Checking round 10 - Current status: pending
  Round Start: 2026-08-18 13:25:00+00:00
Round 10 remains pending - 24 minutes until start
Updating drives...
Checking drive 5 (VNSGU Google Drive 2026-27) - Current status: published
Update complete - Drives: [], Rounds: []
============================================================
Middleware triggered by request: /candidate/get-candidate-profile/
============================================================
Starting AutoStatusService.update_all()
Current time: 2026-08-18 13:01:09.708898+00:00
============================================================
Updating rounds...
Checking round 10 - Current status: pending
  Round Start: 2026-08-18 13:25:00+00:00
Round 10 remains pending - 24 minutes until start
Updating drives...
Checking drive 5 (VNSGU Google Drive 2026-27) - Current status: published
Update complete - Drives: [], Rounds: []
============================================================
Middleware triggered by request: /candidate/get-candidate-profile/
============================================================
Starting AutoStatusService.update_all()
Current time: 2026-08-18 13:01:09.849712+00:00
============================================================
Updating rounds...
Checking round 10 - Current status: pending
  Round Start: 2026-08-18 13:25:00+00:00
Round 10 remains pending - 24 minutes until start
Updating drives...
Checking drive 5 (VNSGU Google Drive 2026-27) - Current status: published
Update complete - Drives: [], Rounds: []
============================================================
Middleware triggered by request: /candidate/update-candidate-profile/
============================================================
Starting AutoStatusService.update_all()
Current time: 2026-08-18 13:01:16.988758+00:00
============================================================
Updating rounds...
Checking round 10 - Current status: pending
  Round Start: 2026-08-18 13:25:00+00:00
Round 10 remains pending - 24 minutes until start
Updating drives...
Checking drive 5 (VNSGU Google Drive 2026-27) - Current status: published
Update complete - Drives: [], Rounds: []
============================================================
Middleware triggered by request: /candidate/get-education/
============================================================
Starting AutoStatusService.update_all()
Current time: 2026-08-18 13:01:20.507380+00:00
============================================================
Updating rounds...
Checking round 10 - Current status: pending
  Round Start: 2026-08-18 13:25:00+00:00
Round 10 remains pending - 24 minutes until start
Updating drives...
Checking drive 5 (VNSGU Google Drive 2026-27) - Current status: published
Update complete - Drives: [], Rounds: []
============================================================
Middleware triggered by request: /candidate/get-education/
============================================================
Starting AutoStatusService.update_all()
Current time: 2026-08-18 13:01:20.653844+00:00
============================================================
Updating rounds...
Checking round 10 - Current status: pending
  Round Start: 2026-08-18 13:25:00+00:00
Round 10 remains pending - 24 minutes until start
Updating drives...
Checking drive 5 (VNSGU Google Drive 2026-27) - Current status: published
Update complete - Drives: [], Rounds: []
============================================================
Middleware triggered by request: /candidate/get-skill/
============================================================
Starting AutoStatusService.update_all()
Current time: 2026-08-18 13:01:21.471459+00:00
============================================================
Updating rounds...
Checking round 10 - Current status: pending
  Round Start: 2026-08-18 13:25:00+00:00
Round 10 remains pending - 24 minutes until start
Updating drives...
Checking drive 5 (VNSGU Google Drive 2026-27) - Current status: published
Update complete - Drives: [], Rounds: []
============================================================
Middleware triggered by request: /candidate/get-skill/
============================================================
Starting AutoStatusService.update_all()
Current time: 2026-08-18 13:01:21.649931+00:00
============================================================
Updating rounds...
Checking round 10 - Current status: pending
  Round Start: 2026-08-18 13:25:00+00:00
Round 10 remains pending - 24 minutes until start
Updating drives...
Checking drive 5 (VNSGU Google Drive 2026-27) - Current status: published
Update complete - Drives: [], Rounds: []
============================================================
Middleware triggered by request: /candidate/get-experience/
============================================================
Starting AutoStatusService.update_all()
Current time: 2026-08-18 13:01:23.322610+00:00
============================================================
Updating rounds...
Checking round 10 - Current status: pending
  Round Start: 2026-08-18 13:25:00+00:00
Round 10 remains pending - 24 minutes until start
Updating drives...
Checking drive 5 (VNSGU Google Drive 2026-27) - Current status: published
Update complete - Drives: [], Rounds: []
============================================================
Middleware triggered by request: /candidate/get-experience/
============================================================
Starting AutoStatusService.update_all()
Current time: 2026-08-18 13:01:23.479868+00:00
============================================================
Updating rounds...
Checking round 10 - Current status: pending
  Round Start: 2026-08-18 13:25:00+00:00
Round 10 remains pending - 24 minutes until start
Updating drives...
Checking drive 5 (VNSGU Google Drive 2026-27) - Current status: published
Update complete - Drives: [], Rounds: []
============================================================
Middleware triggered by request: /candidate/get-education/
============================================================
Starting AutoStatusService.update_all()
Current time: 2026-08-18 13:01:24.271596+00:00
============================================================
Updating rounds...
Checking round 10 - Current status: pending
  Round Start: 2026-08-18 13:25:00+00:00
Round 10 remains pending - 24 minutes until start
Updating drives...
Checking drive 5 (VNSGU Google Drive 2026-27) - Current status: published
Update complete - Drives: [], Rounds: []
============================================================
Middleware triggered by request: /candidate/get-education/
============================================================
Starting AutoStatusService.update_all()
Current time: 2026-08-18 13:01:24.419073+00:00
============================================================
Updating rounds...
Checking round 10 - Current status: pending
  Round Start: 2026-08-18 13:25:00+00:00
Round 10 remains pending - 24 minutes until start
Updating drives...
Checking drive 5 (VNSGU Google Drive 2026-27) - Current status: published
Update complete - Drives: [], Rounds: []
============================================================
Middleware triggered by request: /candidate/get-skill/
============================================================
Starting AutoStatusService.update_all()
Current time: 2026-08-18 13:01:25.354486+00:00
============================================================
Updating rounds...
Checking round 10 - Current status: pending
  Round Start: 2026-08-18 13:25:00+00:00
Round 10 remains pending - 24 minutes until start
Updating drives...
Checking drive 5 (VNSGU Google Drive 2026-27) - Current status: published
Update complete - Drives: [], Rounds: []
============================================================
Middleware triggered by request: /candidate/get-skill/
============================================================
Starting AutoStatusService.update_all()
Current time: 2026-08-18 13:01:25.554187+00:00
============================================================
Updating rounds...
Checking round 10 - Current status: pending
  Round Start: 2026-08-18 13:25:00+00:00
Round 10 remains pending - 24 minutes until start
Updating drives...
Checking drive 5 (VNSGU Google Drive 2026-27) - Current status: published
Update complete - Drives: [], Rounds: []
============================================================
Middleware triggered by request: /candidate/get-project/
============================================================
Starting AutoStatusService.update_all()
Current time: 2026-08-18 13:01:27.367761+00:00
============================================================
Updating rounds...
Checking round 10 - Current status: pending
  Round Start: 2026-08-18 13:25:00+00:00
Round 10 remains pending - 24 minutes until start
Updating drives...
Checking drive 5 (VNSGU Google Drive 2026-27) - Current status: published
Update complete - Drives: [], Rounds: []
============================================================
Middleware triggered by request: /candidate/get-project/
============================================================
Starting AutoStatusService.update_all()
Current time: 2026-08-18 13:01:27.529586+00:00
============================================================
Updating rounds...
Checking round 10 - Current status: pending
  Round Start: 2026-08-18 13:25:00+00:00
Round 10 remains pending - 24 minutes until start
Updating drives...
Checking drive 5 (VNSGU Google Drive 2026-27) - Current status: published
Update complete - Drives: [], Rounds: []
============================================================
Middleware triggered by request: /candidate/get-experience/
============================================================
Starting AutoStatusService.update_all()
Current time: 2026-08-18 13:01:28.845083+00:00
============================================================
Updating rounds...
Checking round 10 - Current status: pending
  Round Start: 2026-08-18 13:25:00+00:00
Round 10 remains pending - 24 minutes until start
Updating drives...
Checking drive 5 (VNSGU Google Drive 2026-27) - Current status: published
Update complete - Drives: [], Rounds: []
============================================================
Middleware triggered by request: /candidate/get-experience/
============================================================
Starting AutoStatusService.update_all()
Current time: 2026-08-18 13:01:28.985156+00:00
============================================================
Updating rounds...
Checking round 10 - Current status: pending
  Round Start: 2026-08-18 13:25:00+00:00
Round 10 remains pending - 24 minutes until start
Updating drives...
Checking drive 5 (VNSGU Google Drive 2026-27) - Current status: published
Update complete - Drives: [], Rounds: []
============================================================
Middleware triggered by request: /candidate/get-certificate/
============================================================
Starting AutoStatusService.update_all()
Current time: 2026-08-18 13:01:30.200514+00:00
============================================================
Updating rounds...
Checking round 10 - Current status: pending
  Round Start: 2026-08-18 13:25:00+00:00
Round 10 remains pending - 23 minutes until start
Updating drives...
Checking drive 5 (VNSGU Google Drive 2026-27) - Current status: published
Update complete - Drives: [], Rounds: []
============================================================
Middleware triggered by request: /candidate/get-certificate/
============================================================
Starting AutoStatusService.update_all()
Current time: 2026-08-18 13:01:30.372955+00:00
============================================================
Updating rounds...
Checking round 10 - Current status: pending
  Round Start: 2026-08-18 13:25:00+00:00
Round 10 remains pending - 23 minutes until start
Updating drives...
Checking drive 5 (VNSGU Google Drive 2026-27) - Current status: published
Update complete - Drives: [], Rounds: []
============================================================
Middleware triggered by request: /candidate/get-language/
============================================================
Starting AutoStatusService.update_all()
Current time: 2026-08-18 13:01:31.168457+00:00
============================================================
Updating rounds...
Checking round 10 - Current status: pending
  Round Start: 2026-08-18 13:25:00+00:00
Round 10 remains pending - 23 minutes until start
Updating drives...
Checking drive 5 (VNSGU Google Drive 2026-27) - Current status: published
Update complete - Drives: [], Rounds: []
============================================================
Middleware triggered by request: /candidate/get-language/
============================================================
Starting AutoStatusService.update_all()
Current time: 2026-08-18 13:01:31.322982+00:00
============================================================
Updating rounds...
Checking round 10 - Current status: pending
  Round Start: 2026-08-18 13:25:00+00:00
Round 10 remains pending - 23 minutes until start
Updating drives...
Checking drive 5 (VNSGU Google Drive 2026-27) - Current status: published
Update complete - Drives: [], Rounds: []
============================================================
Middleware triggered by request: /candidate/get-candidate-profile/
============================================================
Starting AutoStatusService.update_all()
Current time: 2026-08-18 13:01:32.907931+00:00
============================================================
Updating rounds...
Checking round 10 - Current status: pending
  Round Start: 2026-08-18 13:25:00+00:00
Round 10 remains pending - 23 minutes until start
Updating drives...
Checking drive 5 (VNSGU Google Drive 2026-27) - Current status: published
Update complete - Drives: [], Rounds: []
============================================================
Middleware triggered by request: /candidate/get-candidate-profile/
============================================================
Starting AutoStatusService.update_all()
Current time: 2026-08-18 13:01:33.168169+00:00
============================================================
Updating rounds...
Checking round 10 - Current status: pending
  Round Start: 2026-08-18 13:25:00+00:00
Round 10 remains pending - 23 minutes until start
Updating drives...
Checking drive 5 (VNSGU Google Drive 2026-27) - Current status: published
Update complete - Drives: [], Rounds: []
============================================================
Middleware triggered by request: /candidate/get-available-drives/
============================================================
Starting AutoStatusService.update_all()
Current time: 2026-08-18 13:02:20.333493+00:00
============================================================
Updating rounds...
Checking round 10 - Current status: pending
  Round Start: 2026-08-18 13:25:00+00:00
Round 10 remains pending - 23 minutes until start
Updating drives...
Checking drive 5 (VNSGU Google Drive 2026-27) - Current status: published
Update complete - Drives: [], Rounds: []
============================================================
============================================================
Starting AutoStatusService.update_all()
Current time: 2026-08-18 13:02:20.474759+00:00
============================================================
Updating rounds...
Checking round 10 - Current status: pending
  Round Start: 2026-08-18 13:25:00+00:00
Round 10 remains pending - 23 minutes until start
Updating drives...
Checking drive 5 (VNSGU Google Drive 2026-27) - Current status: published
Update complete - Drives: [], Rounds: []
============================================================
Middleware triggered by request: /candidate/get-available-drives/
============================================================
Middleware triggered by request: /candidate/get-candidate-round-status/5/
Starting AutoStatusService.update_all()
============================================================
Current time: 2026-08-18 13:02:20.575449+00:00
Starting AutoStatusService.update_all()
============================================================
Current time: 2026-08-18 13:02:20.589580+00:00
Updating rounds...
============================================================
Updating rounds...
Checking round 10 - Current status: pending
Checking round 10 - Current status: pending
  Round Start: 2026-08-18 13:25:00+00:00
  Round Start: 2026-08-18 13:25:00+00:00
Round 10 remains pending - 23 minutes until start
Round 10 remains pending - 23 minutes until start
Updating drives...
Updating drives...
Checking drive 5 (VNSGU Google Drive 2026-27) - Current status: published
Checking drive 5 (VNSGU Google Drive 2026-27) - Current status: published
Update complete - Drives: [], Rounds: []
============================================================
Update complete - Drives: [], Rounds: []
============================================================
============================================================
Starting AutoStatusService.update_all()
Current time: 2026-08-18 13:02:20.792823+00:00
============================================================
Updating rounds...
Checking round 10 - Current status: pending
Middleware triggered by request: /candidate/get-candidate-round-status/4/
  Round Start: 2026-08-18 13:25:00+00:00
============================================================
Round 10 remains pending - 23 minutes until start
Starting AutoStatusService.update_all()
Updating drives...
Current time: 2026-08-18 13:02:20.806531+00:00
============================================================
Updating rounds...
Checking drive 5 (VNSGU Google Drive 2026-27) - Current status: published
Update complete - Drives: [], Rounds: []
============================================================
Middleware triggered by request: /candidate/get-candidate-round-status/5/
============================================================
Starting AutoStatusService.update_all()
Current time: 2026-08-18 13:02:20.856674+00:00
============================================================
Updating rounds...
Checking round 10 - Current status: pending
  Round Start: 2026-08-18 13:25:00+00:00
Round 10 remains pending - 23 minutes until start
Updating drives...
Checking drive 5 (VNSGU Google Drive 2026-27) - Current status: published
Update complete - Drives: [], Rounds: []
============================================================
Checking round 10 - Current status: pending
  Round Start: 2026-08-18 13:25:00+00:00
Round 10 remains pending - 23 minutes until start
Updating drives...
Checking drive 5 (VNSGU Google Drive 2026-27) - Current status: published
Update complete - Drives: [], Rounds: []
============================================================
Middleware triggered by request: /candidate/get-candidate-round-status/2/
============================================================
Starting AutoStatusService.update_all()
Current time: 2026-08-18 13:02:21.051458+00:00
============================================================
Updating rounds...
Middleware triggered by request: /candidate/get-candidate-round-status/4/
============================================================
Starting AutoStatusService.update_all()
Current time: 2026-08-18 13:02:21.063182+00:00
============================================================
Updating rounds...
Checking round 10 - Current status: pending
  Round Start: 2026-08-18 13:25:00+00:00
Round 10 remains pending - 23 minutes until start
Updating drives...
Checking round 10 - Current status: pending
  Round Start: 2026-08-18 13:25:00+00:00
Round 10 remains pending - 23 minutes until start
Updating drives...
Checking drive 5 (VNSGU Google Drive 2026-27) - Current status: published
Update complete - Drives: [], Rounds: []
Checking drive 5 (VNSGU Google Drive 2026-27) - Current status: published
============================================================
Update complete - Drives: [], Rounds: []
============================================================
Middleware triggered by request: /candidate/get-candidate-profile/
============================================================
Starting AutoStatusService.update_all()
Current time: 2026-08-18 13:02:21.226120+00:00
============================================================
Updating rounds...
Middleware triggered by request: /candidate/get-candidate-round-status/2/
============================================================
Starting AutoStatusService.update_all()
Current time: 2026-08-18 13:02:21.240163+00:00
============================================================
Updating rounds...
Checking round 10 - Current status: pending
  Round Start: 2026-08-18 13:25:00+00:00
Round 10 remains pending - 23 minutes until start
Updating drives...
Checking round 10 - Current status: pending
  Round Start: 2026-08-18 13:25:00+00:00
Checking drive 5 (VNSGU Google Drive 2026-27) - Current status: published
Round 10 remains pending - 23 minutes until start
Update complete - Drives: [], Rounds: []
Updating drives...
============================================================
Checking drive 5 (VNSGU Google Drive 2026-27) - Current status: published
Update complete - Drives: [], Rounds: []
============================================================
Middleware triggered by request: /candidate/get-candidate-profile/
============================================================
Starting AutoStatusService.update_all()
Current time: 2026-08-18 13:02:21.414223+00:00
============================================================
Updating rounds...
Checking round 10 - Current status: pending
  Round Start: 2026-08-18 13:25:00+00:00
Round 10 remains pending - 23 minutes until start
Updating drives...
Checking drive 5 (VNSGU Google Drive 2026-27) - Current status: published
Update complete - Drives: [], Rounds: []
============================================================
Middleware triggered by request: /candidate/get-available-drives/
============================================================
Starting AutoStatusService.update_all()
Current time: 2026-08-18 13:02:47.199003+00:00
============================================================
Updating rounds...
Checking round 10 - Current status: pending
  Round Start: 2026-08-18 13:25:00+00:00
Round 10 remains pending - 22 minutes until start
Updating drives...
Checking drive 5 (VNSGU Google Drive 2026-27) - Current status: published
Update complete - Drives: [], Rounds: []
============================================================
============================================================
Starting AutoStatusService.update_all()
Current time: 2026-08-18 13:02:47.345034+00:00
============================================================
Updating rounds...
Checking round 10 - Current status: pending
  Round Start: 2026-08-18 13:25:00+00:00
Round 10 remains pending - 22 minutes until start
Updating drives...
Checking drive 5 (VNSGU Google Drive 2026-27) - Current status: published
Update complete - Drives: [], Rounds: []
============================================================
Middleware triggered by request: /candidate/get-available-drives/
============================================================
Starting AutoStatusService.update_all()
Current time: 2026-08-18 13:02:47.449583+00:00
============================================================
Updating rounds...
Checking round 10 - Current status: pending
  Round Start: 2026-08-18 13:25:00+00:00
Round 10 remains pending - 22 minutes until start
Updating drives...
Checking drive 5 (VNSGU Google Drive 2026-27) - Current status: published
Update complete - Drives: [], Rounds: []
============================================================
============================================================
Starting AutoStatusService.update_all()
Current time: 2026-08-18 13:02:47.638609+00:00
============================================================
Updating rounds...
Checking round 10 - Current status: pending
  Round Start: 2026-08-18 13:25:00+00:00
Round 10 remains pending - 22 minutes until start
Updating drives...
Checking drive 5 (VNSGU Google Drive 2026-27) - Current status: published
Update complete - Drives: [], Rounds: []
============================================================
Middleware triggered by request: /candidate/get-drive-details/5/
============================================================
Starting AutoStatusService.update_all()
Current time: 2026-08-18 13:02:48.710606+00:00
============================================================
Updating rounds...
Checking round 10 - Current status: pending
  Round Start: 2026-08-18 13:25:00+00:00
Round 10 remains pending - 22 minutes until start
Updating drives...
Checking drive 5 (VNSGU Google Drive 2026-27) - Current status: published
Update complete - Drives: [], Rounds: []
============================================================
Middleware triggered by request: /candidate/get-drive-details/5/
============================================================
Starting AutoStatusService.update_all()
Current time: 2026-08-18 13:02:48.888544+00:00
============================================================
Updating rounds...
Checking round 10 - Current status: pending
  Round Start: 2026-08-18 13:25:00+00:00
Round 10 remains pending - 22 minutes until start
Updating drives...
Checking drive 5 (VNSGU Google Drive 2026-27) - Current status: published
Update complete - Drives: [], Rounds: []
============================================================
Middleware triggered by request: /candidate/get-available-drives/
============================================================
Starting AutoStatusService.update_all()
Current time: 2026-08-18 13:02:52.861256+00:00
============================================================
Updating rounds...
Checking round 10 - Current status: pending
  Round Start: 2026-08-18 13:25:00+00:00
Round 10 remains pending - 22 minutes until start
Updating drives...
Checking drive 5 (VNSGU Google Drive 2026-27) - Current status: published
Update complete - Drives: [], Rounds: []
============================================================
============================================================
Starting AutoStatusService.update_all()
Current time: 2026-08-18 13:02:53.005192+00:00
============================================================
Updating rounds...
Checking round 10 - Current status: pending
  Round Start: 2026-08-18 13:25:00+00:00
Round 10 remains pending - 22 minutes until start
Updating drives...
Checking drive 5 (VNSGU Google Drive 2026-27) - Current status: published
Update complete - Drives: [], Rounds: []
============================================================
Middleware triggered by request: /candidate/get-available-drives/
============================================================
Starting AutoStatusService.update_all()
Current time: 2026-08-18 13:02:53.051650+00:00
============================================================
Updating rounds...
Checking round 10 - Current status: pending
  Round Start: 2026-08-18 13:25:00+00:00
Round 10 remains pending - 22 minutes until start
Updating drives...
Checking drive 5 (VNSGU Google Drive 2026-27) - Current status: published
Update complete - Drives: [], Rounds: []
============================================================
============================================================
Starting AutoStatusService.update_all()
Current time: 2026-08-18 13:02:53.189178+00:00
============================================================
Updating rounds...
Checking round 10 - Current status: pending
  Round Start: 2026-08-18 13:25:00+00:00
Round 10 remains pending - 22 minutes until start
Updating drives...
Checking drive 5 (VNSGU Google Drive 2026-27) - Current status: published
Update complete - Drives: [], Rounds: []
============================================================
Middleware triggered by request: /candidate/get-candidate-profile/
============================================================
Starting AutoStatusService.update_all()
Current time: 2026-08-18 13:02:53.825245+00:00
============================================================
Updating rounds...
Checking round 10 - Current status: pending
  Round Start: 2026-08-18 13:25:00+00:00
Round 10 remains pending - 22 minutes until start
Updating drives...
Checking drive 5 (VNSGU Google Drive 2026-27) - Current status: published
Update complete - Drives: [], Rounds: []
============================================================
Middleware triggered by request: /candidate/get-candidate-profile/
============================================================
Starting AutoStatusService.update_all()
Current time: 2026-08-18 13:02:53.973560+00:00
============================================================
Updating rounds...
Checking round 10 - Current status: pending
  Round Start: 2026-08-18 13:25:00+00:00
Round 10 remains pending - 22 minutes until start
Updating drives...
Checking drive 5 (VNSGU Google Drive 2026-27) - Current status: published
Update complete - Drives: [], Rounds: []
============================================================
Middleware triggered by request: /candidate/get-available-drives/
============================================================
Starting AutoStatusService.update_all()
Current time: 2026-08-18 13:03:24.021579+00:00
============================================================
Updating rounds...
Checking round 10 - Current status: pending
  Round Start: 2026-08-18 13:25:00+00:00
Round 10 remains pending - 22 minutes until start
Updating drives...
Checking drive 5 (VNSGU Google Drive 2026-27) - Current status: published
Update complete - Drives: [], Rounds: []
============================================================
============================================================
Starting AutoStatusService.update_all()
Current time: 2026-08-18 13:03:24.187485+00:00
============================================================
Updating rounds...
Checking round 10 - Current status: pending
  Round Start: 2026-08-18 13:25:00+00:00
Round 10 remains pending - 22 minutes until start
Updating drives...
Checking drive 5 (VNSGU Google Drive 2026-27) - Current status: published
Update complete - Drives: [], Rounds: []
============================================================
Middleware triggered by request: /candidate/get-available-drives/
============================================================
Starting AutoStatusService.update_all()
Current time: 2026-08-18 13:03:24.228212+00:00
============================================================
Updating rounds...
Checking round 10 - Current status: pending
  Round Start: 2026-08-18 13:25:00+00:00
Round 10 remains pending - 22 minutes until start
Updating drives...
Checking drive 5 (VNSGU Google Drive 2026-27) - Current status: published
Update complete - Drives: [], Rounds: []
============================================================
============================================================
Starting AutoStatusService.update_all()
Current time: 2026-08-18 13:03:24.388525+00:00
============================================================
Updating rounds...
Checking round 10 - Current status: pending
  Round Start: 2026-08-18 13:25:00+00:00
Round 10 remains pending - 22 minutes until start
Updating drives...
Checking drive 5 (VNSGU Google Drive 2026-27) - Current status: published
Update complete - Drives: [], Rounds: []
============================================================
Middleware triggered by request: /candidate/get-drive-details/5/
============================================================
Starting AutoStatusService.update_all()
Current time: 2026-08-18 13:03:25.399238+00:00
============================================================
Updating rounds...
Checking round 10 - Current status: pending
  Round Start: 2026-08-18 13:25:00+00:00
Round 10 remains pending - 22 minutes until start
Updating drives...
Checking drive 5 (VNSGU Google Drive 2026-27) - Current status: published
Update complete - Drives: [], Rounds: []
============================================================
Middleware triggered by request: /candidate/get-drive-details/5/
============================================================
Starting AutoStatusService.update_all()
Current time: 2026-08-18 13:03:25.570911+00:00
============================================================
Updating rounds...
Checking round 10 - Current status: pending
  Round Start: 2026-08-18 13:25:00+00:00
Round 10 remains pending - 22 minutes until start
Updating drives...
Checking drive 5 (VNSGU Google Drive 2026-27) - Current status: published
Update complete - Drives: [], Rounds: []
============================================================
Middleware triggered by request: /candidate/get-available-drives/
============================================================
Starting AutoStatusService.update_all()
Current time: 2026-08-18 13:03:31.713814+00:00
============================================================
Updating rounds...
Checking round 10 - Current status: pending
  Round Start: 2026-08-18 13:25:00+00:00
Round 10 remains pending - 21 minutes until start
Updating drives...
Checking drive 5 (VNSGU Google Drive 2026-27) - Current status: published
Update complete - Drives: [], Rounds: []
============================================================
============================================================
Starting AutoStatusService.update_all()
Current time: 2026-08-18 13:03:31.857527+00:00
============================================================
Updating rounds...
Checking round 10 - Current status: pending
  Round Start: 2026-08-18 13:25:00+00:00
Round 10 remains pending - 21 minutes until start
Updating drives...
Checking drive 5 (VNSGU Google Drive 2026-27) - Current status: published
Update complete - Drives: [], Rounds: []
============================================================
Middleware triggered by request: /candidate/get-available-drives/
============================================================
Starting AutoStatusService.update_all()
Current time: 2026-08-18 13:03:31.902385+00:00
============================================================
Updating rounds...
Checking round 10 - Current status: pending
  Round Start: 2026-08-18 13:25:00+00:00
Round 10 remains pending - 21 minutes until start
Updating drives...
Checking drive 5 (VNSGU Google Drive 2026-27) - Current status: published
Update complete - Drives: [], Rounds: []
============================================================
============================================================
Starting AutoStatusService.update_all()
Current time: 2026-08-18 13:03:32.055477+00:00
============================================================
Updating rounds...
Checking round 10 - Current status: pending
  Round Start: 2026-08-18 13:25:00+00:00
Round 10 remains pending - 21 minutes until start
Updating drives...
Checking drive 5 (VNSGU Google Drive 2026-27) - Current status: published
Update complete - Drives: [], Rounds: []
============================================================
